============================= test session starts =============================
platform win32 -- Python 3.12.10, pytest-9.0.2, pluggy-1.6.0 -- C:\Users\naaht\AppData\Local\Programs\Python\Python312\python.exe
cachedir: .pytest_cache
rootdir: D:\Dev\Dev\SquidSquad-2
plugins: anyio-4.12.1, asyncio-1.3.0, cov-7.0.0
asyncio: mode=Mode.STRICT, debug=False, asyncio_default_fixture_loop_scope=None, asyncio_default_test_loop_scope=function
collecting ... collected 3437 items

tests/test_11394_static_discovery.py::test_no_silent_ungating PASSED     [  0%]
tests/test_11394_static_discovery.py::test_gated_and_exclusions_are_disjoint PASSED [  0%]
tests/test_11394_static_discovery.py::test_exclusion_entries_reference_existing_files PASSED [  0%]
tests/test_11394_static_discovery.py::test_every_exclusion_has_a_reason PASSED [  0%]
tests/test_11394_static_discovery.py::test_discovery_only_returns_existing_files PASSED [  0%]
tests/test_11394_static_discovery.py::test_live_suffix_files_are_never_gated PASSED [  0%]
tests/test_11394_static_discovery.py::test_empty_gate_fails_fast PASSED  [  0%]
tests/test_11394_static_discovery.py::test_gate_survives_a_deleted_gated_file PASSED [  0%]
tests/test_9242_harness_wedge_fixes.py::TestNoAutoStartFlag::test_argparse_accepts_no_auto_start PASSED [  0%]
tests/test_9242_harness_wedge_fixes.py::TestNoAutoStartFlag::test_module_exposes_no_auto_start_switch PASSED [  0%]
tests/test_9242_harness_wedge_fixes.py::TestAsyncSaveStateOffEventLoop::test_no_bare_save_state_inside_async_handlers 
tests/test_9242_harness_wedge_fixes.py::TestAsyncSaveStateOffEventLoop::test_no_bare_save_state_inside_async_handlers PASSED [  0%]
tests/test_9242_harness_wedge_fixes.py::TestAsyncSaveStateOffEventLoop::test_sync_save_state_calls_remain_bare 
tests/test_9242_harness_wedge_fixes.py::TestAsyncSaveStateOffEventLoop::test_sync_save_state_calls_remain_bare PASSED [  0%]
tests/test_9242_harness_wedge_fixes.py::TestAsyncSaveStateOffEventLoop::test_to_thread_wraps_present PASSED [  0%]
tests/test_9242_harness_wedge_fixes.py::TestGitOpsNeverEmitsUnknownRole::test_emit_drops_when_argv_cannot_yield_role PASSED [  0%]
tests/test_9242_harness_wedge_fixes.py::TestGitOpsNeverEmitsUnknownRole::test_emit_infers_role_from_named_subcommand PASSED [  0%]
tests/test_9242_harness_wedge_fixes.py::TestGitOpsNeverEmitsUnknownRole::test_emit_uses_explicit_role_when_passed PASSED [  0%]
tests/test_9242_harness_wedge_fixes.py::TestHarnessRejectsUnknownRoleAtBoundary::test_event_with_configured_role_passes_through PASSED [  0%]
tests/test_9242_harness_wedge_fixes.py::TestHarnessRejectsUnknownRoleAtBoundary::test_event_with_unknown_role_is_dropped PASSED [  0%]
tests/test_9242_harness_wedge_fixes.py::TestHarnessRejectsUnknownRoleAtBoundary::test_pm_role_is_allowed_even_though_not_in_dev_agents PASSED [  0%]
tests/test_9357_eventlifecycle_load_thread_safety.py::TestLoadIdempotencyGuardLockProtected::test_concurrent_load_double_dispatch_does_not_double_append PASSED [  0%]
tests/test_9357_eventlifecycle_load_thread_safety.py::TestLoadIdempotencyGuardLockProtected::test_loaded_flag_set_before_body_runs PASSED [  0%]
tests/test_9357_eventlifecycle_load_thread_safety.py::TestLoadIdempotencyGuardLockProtected::test_second_load_is_silent_noop PASSED [  0%]
tests/test_9357_eventlifecycle_load_thread_safety.py::TestLoadIdempotencyGuardLockProtected::test_single_load_appends_events_once PASSED [  0%]
tests/test_9357_eventlifecycle_load_thread_safety.py::TestLoadStaticInvariant::test_loaded_check_is_inside_lock PASSED [  0%]
tests/test_9398_gh_shim.py::TestGhShimReadCommands::test_list_key_overridable_by_env PASSED [  0%]
tests/test_9398_gh_shim.py::TestGhShimReadCommands::test_list_returns_empty_array_when_no_fixture PASSED [  0%]
tests/test_9398_gh_shim.py::TestGhShimReadCommands::test_list_serves_default_fixture_when_present PASSED [  0%]
tests/test_9398_gh_shim.py::TestGhShimReadCommands::test_view_keyed_by_issue_number PASSED [  0%]
tests/test_9398_gh_shim.py::TestGhShimReadCommands::test_view_returns_empty_object_when_no_fixture PASSED [  0%]
tests/test_9398_gh_shim.py::TestGhShimWriteCommands::test_comment_logs_write PASSED [  0%]
tests/test_9398_gh_shim.py::TestGhShimWriteCommands::test_edit_logs_write_to_fixtures_dir PASSED [  0%]
tests/test_9398_gh_shim.py::TestGhShimWriteCommands::test_write_without_fixtures_dir_succeeds_silently PASSED [  0%]
tests/test_9398_gh_shim.py::TestGhShimMetaCommands::test_no_args_fails_loudly PASSED [  0%]
tests/test_9398_gh_shim.py::TestGhShimMetaCommands::test_version_flag PASSED [  0%]
tests/test_9398_squidsquad_dir_env_var.py::TestEventBusSquidDirEnvVar::test_event_bus_default_unchanged_when_env_var_unset PASSED [  1%]
tests/test_9398_squidsquad_dir_env_var.py::TestEventBusSquidDirEnvVar::test_event_bus_honors_squidsquad_dir_env_var PASSED [  1%]
tests/test_9398_squidsquad_dir_env_var.py::TestHarnessSquidDirEnvVar::test_harness_default_unchanged_when_env_var_unset PASSED [  1%]
tests/test_9398_squidsquad_dir_env_var.py::TestHarnessSquidDirEnvVar::test_harness_port_file_rebases_under_env_overridden_dir PASSED [  1%]
tests/test_9398_squidsquad_dir_env_var.py::TestHarnessSquidDirEnvVar::test_harness_squidsquad_dir_honors_env_var PASSED [  1%]
tests/test_9398_squidsquad_dir_env_var.py::TestSquidsquadDirNullEnvVarHandled::test_empty_string_env_var_falls_back_to_default PASSED [  1%]
tests/test_9398_squidsquad_dir_env_var.py::TestSquidsquadDirEnvVarFootguns::test_harness_strip_expanduser_same_contract PASSED [  1%]
tests/test_9398_squidsquad_dir_env_var.py::TestSquidsquadDirEnvVarFootguns::test_tilde_is_expanded PASSED [  1%]
tests/test_9398_squidsquad_dir_env_var.py::TestSquidsquadDirEnvVarFootguns::test_trailing_whitespace_is_stripped PASSED [  1%]
tests/test_9398_tracker_gh_resolution.py::TestResolveGhBin::test_cache_is_sticky_within_process PASSED [  1%]
tests/test_9398_tracker_gh_resolution.py::TestResolveGhBin::test_picks_up_path_prepended_cmd_on_windows PASSED [  1%]
tests/test_9398_tracker_gh_resolution.py::TestResolveGhBin::test_returns_string PASSED [  1%]
tests/test_9398_tracker_gh_resolution.py::TestRunListSubstitutesGh::test_empty_cmd_list_does_not_crash PASSED [  1%]
tests/test_9398_tracker_gh_resolution.py::TestRunListSubstitutesGh::test_first_arg_gh_substituted_with_resolved_bin PASSED [  1%]
tests/test_9398_tracker_gh_resolution.py::TestRunListSubstitutesGh::test_non_gh_first_arg_passes_through_unchanged PASSED [  1%]
tests/test_9481_update_health_off_event_loop.py::TestStatusEndpointNoInlineUpdateHealth::test_get_status_does_not_call_update_health PASSED [  1%]
tests/test_9481_update_health_off_event_loop.py::TestUpdateHealthStillCalledFromPoller::test_poll_loop_calls_update_health PASSED [  1%]
tests/test_9481_update_health_off_event_loop.py::TestUpdateHealthStillCalledFromPoller::test_start_poller_invoked_in_lifespan PASSED [  1%]
tests/test_9562_selector_event_loop_policy.py::TestSelectorEventLoopPolicySetInMain::test_policy_call_is_gated_by_win32 PASSED [  1%]
tests/test_9562_selector_event_loop_policy.py::TestSelectorEventLoopPolicySetInMain::test_policy_call_precedes_uvicorn_server PASSED [  1%]
tests/test_9562_selector_event_loop_policy.py::TestSelectorEventLoopPolicySetInMain::test_policy_call_present_in_main PASSED [  1%]
tests/test_9574_comprehension_runner_write_contract.py::TestRunnerExitsNonZeroOnEmptyAgentOutput::test_empty_agent_text_causes_nonzero_exit PASSED [  1%]
tests/test_9574_comprehension_runner_write_contract.py::TestRunnerExitsNonZeroOnEmptyAgentOutput::test_no_placeholder_answers_file_on_empty_output PASSED [  1%]
tests/test_9574_comprehension_runner_write_contract.py::TestRunnerExitsNonZeroOnEmptyAgentOutput::test_valid_agent_output_writes_files_from_python PASSED [  1%]
tests/test_9574_comprehension_runner_write_contract.py::TestRunAgentUsesJsonOutputFormat::test_allowed_tools_omitted_when_empty PASSED [  1%]
tests/test_9574_comprehension_runner_write_contract.py::TestRunAgentUsesJsonOutputFormat::test_output_format_precedes_allowed_tools PASSED [  1%]
tests/test_9574_comprehension_runner_write_contract.py::TestRunAgentUsesJsonOutputFormat::test_run_agent_passes_json_output_format PASSED [  1%]
tests/test_9574_comprehension_runner_write_contract.py::TestRunAgentUsesJsonOutputFormat::test_run_agent_returns_empty_on_is_error PASSED [  1%]
tests/test_9574_comprehension_runner_write_contract.py::TestRunAgentUsesJsonOutputFormat::test_run_agent_returns_empty_on_malformed_json PASSED [  1%]
tests/test_9574_comprehension_runner_write_contract.py::TestPromptDoesNotAskForWriteTool::test_forbidden_list_actually_matches_prefix_phrasing PASSED [  1%]
tests/test_9574_comprehension_runner_write_contract.py::TestPromptDoesNotAskForWriteTool::test_runner_source_does_not_instruct_write_tool PASSED [  1%]
tests/test_9574_comprehension_runner_write_contract.py::TestPromptDoesNotAskForWriteTool::test_runner_source_uses_json_output_contract PASSED [  1%]
tests/test_9574_comprehension_runner_write_contract.py::TestFindClaudeWindowsPreference::test_non_win32_uses_shutil_which PASSED [  1%]
tests/test_9574_comprehension_runner_write_contract.py::TestFindClaudeWindowsPreference::test_win32_returns_cmd_only_if_no_exe_anywhere PASSED [  1%]
tests/test_9574_comprehension_runner_write_contract.py::TestFindClaudeWindowsPreference::test_win32_returns_hardcoded_npm_exe_when_present PASSED [  2%]
tests/test_9574_comprehension_runner_write_contract.py::TestFindClaudeWindowsPreference::test_win32_sibling_exe_returned_when_path_yields_cmd PASSED [  2%]
tests/test_9665_no_inline_update_health_on_agents_endpoints.py::TestAgentsEndpointsNoInlineUpdateHealth::test_no_update_health_call_in_each_handler 
tests/test_9665_no_inline_update_health_on_agents_endpoints.py::TestAgentsEndpointsNoInlineUpdateHealth::test_no_update_health_call_in_each_handler PASSED [  2%]
tests/test_add_role.py::TestValidateRole::test_configured_role_is_valid PASSED [  2%]
tests/test_add_role.py::TestValidateRole::test_unconfigured_role_without_own_template_is_invalid PASSED [  2%]
tests/test_add_role.py::TestValidateRole::test_unknown_role_no_template PASSED [  2%]
tests/test_add_role.py::TestParseLocalConfig::test_parses_entries PASSED [  2%]
tests/test_add_role.py::TestParseLocalConfig::test_missing_file_returns_empty PASSED [  2%]
tests/test_add_role.py::TestWriteLocalConfig::test_writes_sorted_entries PASSED [  2%]
tests/test_add_role.py::TestDryRun::test_dry_run_makes_no_changes PASSED [  2%]
tests/test_add_role.py::TestLockFile::test_acquire_and_release PASSED    [  2%]
tests/test_add_role.py::TestLockFile::test_lock_uses_os_getpid_not_subprocess PASSED [  2%]
tests/test_add_role.py::TestLockFile::test_write_failure_cleans_up_lock PASSED [  2%]
tests/test_add_role.py::TestDuplicateRoleCheck::test_duplicate_role_rejected PASSED [  2%]
tests/test_add_role.py::TestDuplicateRoleCheck::test_new_role_not_rejected PASSED [  2%]
tests/test_add_role.py::TestDuplicateRoleCheck::test_duplicate_role_allowed_with_force PASSED [  2%]
tests/test_add_role.py::TestRegisterExisting::test_nonexistent_path_fails PASSED [  2%]
tests/test_add_role.py::TestRegisterExisting::test_no_squidsquad_dir_fails PASSED [  2%]
tests/test_add_role.py::TestRegisterExisting::test_valid_clone_registers PASSED [  2%]
tests/test_add_role.py::TestGetUpstreamUrl::test_returns_upstream_url PASSED [  2%]
tests/test_add_role.py::TestGetUpstreamUrl::test_returns_none_on_failure PASSED [  2%]
tests/test_add_role.py::TestFixCloneRemote::test_sets_origin_and_fetches PASSED [  2%]
tests/test_add_role.py::TestFixCloneRemote::test_returns_false_on_empty_url PASSED [  2%]
tests/test_add_role.py::TestFixCloneRemote::test_returns_false_on_set_url_failure PASSED [  2%]
tests/test_add_role.py::TestAddRoleFixesRemote::test_clone_sets_upstream_origin PASSED [  2%]
tests/test_add_role.py::TestRegisterExistingFixesRemote::test_fixes_wrong_origin PASSED [  2%]
tests/test_add_role.py::TestRegisterExistingFixesRemote::test_skips_fix_when_origin_matches PASSED [  2%]
tests/test_boot_remote.py::TestRemovedLegacySentinelHelpers::test_read_pid_file_removed PASSED [  2%]
tests/test_boot_remote.py::TestRemovedLegacySentinelHelpers::test_read_health_file_removed PASSED [  2%]
tests/test_boot_remote.py::TestRemovedLegacySentinelHelpers::test_clean_stale_restart_removed PASSED [  2%]
tests/test_boot_remote.py::TestRemovedLegacySentinelHelpers::test_source_has_no_legacy_sentinel_reads PASSED [  2%]
tests/test_boot_remote.py::TestParseLocalConfigMandatory::test_valid_local_config_parses PASSED [  2%]
tests/test_boot_remote.py::TestParseLocalConfigMandatory::test_missing_local_config_exits PASSED [  2%]
tests/test_boot_remote.py::TestParseLocalConfigMandatory::test_empty_local_config_exits PASSED [  2%]
tests/test_boot_remote.py::TestParseLocalConfigMandatory::test_no_global_clones_fallback PASSED [  2%]
tests/test_boot_remote.py::TestParseLocalConfigMandatory::test_cross_project_isolation PASSED [  3%]
tests/test_boot_remote.py::TestParseLocalConfigMandatory::test_hyphenated_role_names PASSED [  3%]
tests/test_boot_remote.py::TestGetClonePath::test_returns_str_not_path PASSED [  3%]
tests/test_boot_remote.py::TestGetClonePath::test_fallback_returns_str PASSED [  3%]
tests/test_boot_remote.py::TestIsProcessAlive::test_none_pid_is_not_alive PASSED [  3%]
tests/test_boot_remote.py::TestIsProcessAlive::test_current_process_is_alive PASSED [  3%]
tests/test_boot_remote.py::TestIsProcessAlive::test_nonexistent_pid_is_not_alive PASSED [  3%]
tests/test_boot_remote.py::TestNeedsBoot::test_stop_sentinel_no_longer_blocks_boot PASSED [  3%]
tests/test_boot_remote.py::TestNeedsBoot::test_has_stop_sentinel_function_removed PASSED [  3%]
tests/test_boot_remote.py::TestNeedsBoot::test_no_pid_needs_boot PASSED  [  3%]
tests/test_boot_remote.py::TestNeedsBoot::test_alive_process_skipped PASSED [  3%]
tests/test_boot_remote.py::TestNeedsBoot::test_dead_process_needs_boot PASSED [  3%]
tests/test_boot_remote.py::TestNeedsBoot::test_corrupt_claude_pid_warns_stderr PASSED [  3%]
tests/test_boot_remote.py::TestBootAgentSkip::test_alive_agent_skipped PASSED [  3%]
tests/test_boot_remote.py::TestBootingSentinel::test_no_sentinel_returns_false PASSED [  3%]
tests/test_boot_remote.py::TestBootingSentinel::test_recent_sentinel_returns_true PASSED [  3%]
tests/test_boot_remote.py::TestBootingSentinel::test_stale_sentinel_returns_false PASSED [  3%]
tests/test_boot_remote.py::TestBootingSentinel::test_write_sentinel_succeeds PASSED [  3%]
tests/test_boot_remote.py::TestBootingSentinel::test_write_sentinel_blocked_by_existing PASSED [  3%]
tests/test_boot_remote.py::TestBootingSentinel::test_clear_sentinel PASSED [  3%]
tests/test_boot_remote.py::TestNeedsBootWithSentinel::test_booting_sentinel_prevents_boot PASSED [  3%]
tests/test_boot_remote.py::TestBootAgentLock::test_writes_sentinel_before_spawn PASSED [  3%]
tests/test_boot_remote.py::TestBootAgentLock::test_clears_sentinel_on_spawn_failure PASSED [  3%]
tests/test_boot_remote.py::TestBootAgentLock::test_skips_if_sentinel_blocked PASSED [  3%]
tests/test_boot_remote.py::TestGetAllRoles::test_includes_pm_from_config PASSED [  3%]
tests/test_boot_remote.py::TestGetAllRoles::test_mandatory_roles_always_present PASSED [  3%]
tests/test_boot_remote.py::TestSpawnMacosTempFile::test_creates_temp_sh_file PASSED [  3%]
tests/test_boot_remote.py::TestSpawnMacosTempFile::test_temp_file_contains_correct_command_thin PASSED [  3%]
tests/test_boot_remote.py::TestSpawnMacosTempFile::test_temp_file_contains_correct_command_legacy PASSED [  3%]
tests/test_boot_remote.py::TestSpawnMacosTempFile::test_special_chars_in_path_safe PASSED [  3%]
tests/test_boot_remote.py::TestSpawnMacosTempFile::test_double_quotes_in_path_safe SKIPPED [  3%]
tests/test_boot_remote.py::TestSpawnMacosTempFile::test_spawn_failure_returns_false PASSED [  3%]
tests/test_boot_remote.py::TestWriteBootingSentinelAtomic9941::test_pid_is_actually_written PASSED [  3%]
tests/test_boot_remote.py::TestWriteBootingSentinelAtomic9941::test_existing_sentinel_blocks_claim PASSED [  3%]
tests/test_boot_remote.py::TestWriteBootingSentinelAtomic9941::test_o_excl_used_in_implementation PASSED [  4%]
tests/test_boot_remote.py::TestWriteBootingSentinelAtomic9941::test_o_excl_raises_FileExistsError_returns_false PASSED [  4%]
tests/test_boot_remote.py::TestWriteBootingSentinelAtomic9941::test_write_failure_after_create_unlinks_sentinel PASSED [  4%]
tests/test_boot_remote.py::TestWriteBootingSentinelAtomic9941::test_concurrent_threads_only_one_claims_slot PASSED [  4%]
tests/test_capability_check.py::TestLoadYaml::test_valid_yaml PASSED     [  4%]
tests/test_capability_check.py::TestLoadYaml::test_missing_file PASSED   [  4%]
tests/test_capability_check.py::TestLoadYaml::test_invalid_yaml PASSED   [  4%]
tests/test_capability_check.py::TestCheckCapability::test_builtin_always_available PASSED [  4%]
tests/test_capability_check.py::TestCheckCapability::test_mcp_available_if_manifest_exists PASSED [  4%]
tests/test_capability_check.py::TestCheckCapability::test_cli_available_when_command_found PASSED [  4%]
tests/test_capability_check.py::TestCheckCapability::test_cli_missing_when_command_not_found PASSED [  4%]
tests/test_capability_check.py::TestCheckCapability::test_http_available_if_manifest_exists PASSED [  4%]
tests/test_capability_check.py::TestCheckCapability::test_missing_manifest PASSED [  4%]
tests/test_capability_check.py::TestCheckCapability::test_unknown_provider PASSED [  4%]
tests/test_capability_check.py::TestCheckRole::test_no_capabilities_required PASSED [  4%]
tests/test_capability_check.py::TestCheckRole::test_missing_role_manifest PASSED [  4%]
tests/test_capability_check.py::TestCheckRole::test_any_of_passes_when_one_available PASSED [  4%]
tests/test_capability_check.py::TestCheckRole::test_any_of_fails_when_none_available PASSED [  4%]
tests/test_capability_check.py::TestCheckRole::test_all_of_passes_when_all_available PASSED [  4%]
tests/test_capability_check.py::TestCheckRole::test_all_of_fails_when_one_missing PASSED [  4%]
tests/test_catalog_drift_d4.py::TestCleanRun::test_all_rows_resolve_and_all_files_have_rows PASSED [  4%]
tests/test_catalog_drift_d4.py::TestOrphanCatalogRow::test_missing_source_file_reported PASSED [  4%]
tests/test_catalog_drift_d4.py::TestOrphanSourceFile::test_orphan_file_reported PASSED [  4%]
tests/test_catalog_drift_d4.py::TestBothDirections::test_both_directions_listed PASSED [  4%]
tests/test_catalog_drift_d4.py::TestDeadCodeCandidate::test_unreferenced_row_warns_but_does_not_abort PASSED [  4%]
tests/test_catalog_drift_d4.py::TestExclusions::test_manifest_md_at_subskills_root_is_not_an_orphan PASSED [  4%]
tests/test_catalog_drift_d4.py::TestExclusions::test_project_subdir_excluded_from_source_scan PASSED [  4%]
tests/test_catalog_drift_d4.py::TestExclusions::test_capabilities_subdir_excluded_from_source_scan PASSED [  4%]
tests/test_catalog_drift_d4.py::TestSlashBearingName::test_slash_bearing_name_resolves PASSED [  4%]
tests/test_catalog_drift_d4.py::TestVariantManifests::test_variant_additional_includes_satisfies_reference PASSED [  4%]
tests/test_catalog_drift_d4.py::TestMalformedManifest::test_malformed_manifest_warns_to_stderr PASSED [  4%]
tests/test_catalog_drift_d4.py::TestNestedManifestMdIsNotExcluded::test_nested_manifest_md_treated_as_source_file PASSED [  4%]
tests/test_catalog_drift_d4.py::TestDeadCodeMatchTightening::test_slash_bearing_catalog_name_requires_exact_match PASSED [  4%]
tests/test_catalog_drift_d4.py::TestCLI::test_clean_returns_zero PASSED  [  4%]
tests/test_catalog_drift_d4.py::TestCLI::test_drift_returns_nonzero_with_stderr_report PASSED [  5%]
tests/test_catalog_drift_d4.py::TestCLI::test_dead_code_only_returns_zero_with_warning PASSED [  5%]
tests/test_catalog_parser_d1.py::TestCleanParse::test_common_section_resolves_to_common_dir PASSED [  5%]
tests/test_catalog_parser_d1.py::TestCleanParse::test_common_events_section_resolves_to_common_events_dir PASSED [  5%]
tests/test_catalog_parser_d1.py::TestCleanParse::test_roles_h3_pins_role_specific_directory PASSED [  5%]
tests/test_catalog_parser_d1.py::TestCleanParse::test_slash_bearing_name_overrides_h2_directory PASSED [  5%]
tests/test_catalog_parser_d1.py::TestCleanParse::test_slash_bearing_name_under_role_h3 PASSED [  5%]
tests/test_catalog_parser_d1.py::TestCleanParse::test_project_section_is_excluded PASSED [  5%]
tests/test_catalog_parser_d1.py::TestForwardCompatibleColumns::test_extra_trailing_column_ignored PASSED [  5%]
tests/test_catalog_parser_d1.py::TestForwardCompatibleColumns::test_description_extracted_from_one_liner_column PASSED [  5%]
tests/test_catalog_parser_d1.py::TestForwardCompatibleColumns::test_description_falls_back_to_second_column_when_header_differs PASSED [  5%]
tests/test_catalog_parser_d1.py::TestDuplicateAbort::test_duplicate_in_same_section_aborts PASSED [  5%]
tests/test_catalog_parser_d1.py::TestDuplicateAbort::test_duplicate_diagnostic_includes_both_source_paths PASSED [  5%]
tests/test_catalog_parser_d1.py::TestDuplicateAbort::test_duplicate_across_sections_aborts PASSED [  5%]
tests/test_catalog_parser_d1.py::TestPathValidationAbort::test_double_dot_in_directory_aborts PASSED [  5%]
tests/test_catalog_parser_d1.py::TestPathValidationAbort::test_dot_claude_path_aborts PASSED [  5%]
tests/test_catalog_parser_d1.py::TestPathValidationAbort::test_non_md_suffix_aborts PASSED [  5%]
tests/test_catalog_parser_d1.py::TestPathValidationAbort::test_outside_references_sub_skills_aborts PASSED [  5%]
tests/test_catalog_parser_d1.py::TestMalformedRowAbort::test_row_under_placeholder_h2_without_h3_aborts PASSED [  5%]
tests/test_catalog_parser_d1.py::TestMalformedRowAbort::test_row_outside_any_h2_aborts PASSED [  5%]
tests/test_catalog_parser_d1.py::TestIgnoredRows::test_strikethrough_retirement_rows_are_skipped PASSED [  5%]
tests/test_catalog_parser_d1.py::TestIgnoredRows::test_non_backtick_meta_rows_are_skipped PASSED [  5%]
tests/test_catalog_parser_d1.py::TestBacktickWrappedNonMatchingRaises::test_capital_letter_in_name_raises PASSED [  5%]
tests/test_catalog_parser_d1.py::TestBacktickWrappedNonMatchingRaises::test_html_strikethrough_raises PASSED [  5%]
tests/test_catalog_parser_d1.py::TestLiveCatalogIntegration::test_real_catalog_parses_cleanly PASSED [  5%]
tests/test_catalog_parser_d1.py::TestLiveCatalogIntegration::test_real_catalog_partial_entries_have_valid_path_shape PASSED [  5%]
tests/test_catalog_parser_d1.py::TestCatalogEntryShape::test_default_description_is_empty PASSED [  5%]
tests/test_catalog_parser_d1.py::TestCatalogEntryShape::test_parse_catalog_returns_dict PASSED [  5%]
tests/test_catalog_parser_d8.py::TestCleanRowPasses::test_row_with_non_empty_description_parses PASSED [  5%]
tests/test_catalog_parser_d8.py::TestMissingColumnAborts::test_row_with_only_name_column_aborts PASSED [  5%]
tests/test_catalog_parser_d8.py::TestEmptyDescriptionAborts::test_empty_description_cell_aborts PASSED [  5%]
tests/test_catalog_parser_d8.py::TestEmptyDescriptionAborts::test_whitespace_only_description_aborts PASSED [  5%]
tests/test_catalog_parser_d8.py::TestEmptyDescriptionAborts::test_diagnostic_suggests_retirement_marker PASSED [  5%]
tests/test_catalog_parser_d8.py::TestExtraColumnIgnored::test_extra_columns_beyond_description_do_not_abort PASSED [  5%]
tests/test_catalog_parser_d8.py::TestMultiRowAbortBehavior::test_first_row_valid_second_row_aborts_on_empty_description PASSED [  5%]
tests/test_comms_adapter.py::TestMessage::test_creates_message PASSED    [  6%]
tests/test_comms_adapter.py::TestMessage::test_default_fields PASSED     [  6%]
tests/test_comms_adapter.py::TestMessage::test_format_prefix PASSED      [  6%]
tests/test_comms_adapter.py::TestNullAdapter::test_send_returns_none PASSED [  6%]
tests/test_comms_adapter.py::TestNullAdapter::test_create_thread_returns_none PASSED [  6%]
tests/test_comms_adapter.py::TestNullAdapter::test_read_returns_empty PASSED [  6%]
tests/test_comms_adapter.py::TestNullAdapter::test_mention_formats_at_prefix PASSED [  6%]
tests/test_comms_adapter.py::TestNullAdapter::test_create_channel_returns_true PASSED [  6%]
tests/test_comms_adapter.py::TestNullAdapter::test_upload_returns_false PASSED [  6%]
tests/test_comms_adapter.py::TestNullAdapter::test_check_connection_returns_false PASSED [  6%]
tests/test_comms_adapter.py::TestMockAdapterContract::test_send_returns_message PASSED [  6%]
tests/test_comms_adapter.py::TestMockAdapterContract::test_create_thread_returns_id PASSED [  6%]
tests/test_comms_adapter.py::TestMockAdapterContract::test_threaded_reply PASSED [  6%]
tests/test_comms_adapter.py::TestMockAdapterContract::test_read_filters_by_channel PASSED [  6%]
tests/test_comms_adapter.py::TestMockAdapterContract::test_create_channel PASSED [  6%]
tests/test_comms_adapter.py::TestMockAdapterContract::test_check_connection PASSED [  6%]
tests/test_comms_adapter.py::TestReadCommsConfig::test_defaults_when_no_config PASSED [  6%]
tests/test_comms_adapter.py::TestReadCommsConfig::test_parses_full_config PASSED [  6%]
tests/test_comms_adapter.py::TestReadCommsConfig::test_missing_section_returns_defaults PASSED [  6%]
tests/test_comms_adapter.py::TestAdapterRegistry::test_register_and_get PASSED [  6%]
tests/test_comms_adapter.py::TestAdapterRegistry::test_none_provider_returns_null PASSED [  6%]
tests/test_comms_adapter.py::TestAdapterRegistry::test_unknown_provider_returns_null PASSED [  6%]
tests/test_comms_adapter.py::TestAdapterRegistry::test_empty_provider_returns_null PASSED [  6%]
tests/test_comms_adapter.py::TestThreadTypes::test_all_types_have_descriptions PASSED [  6%]
tests/test_comms_adapter.py::TestThreadTypes::test_required_types_exist PASSED [  6%]
tests/test_compose.py::TestSubstitutePlaceholders::test_dev_role_substitution PASSED [  6%]
tests/test_compose.py::TestSubstitutePlaceholders::test_dev_role_no_test_cmd_fallback PASSED [  6%]
tests/test_compose.py::TestSubstitutePlaceholders::test_non_dev_role_substitutes_role_placeholder PASSED [  6%]
tests/test_compose.py::TestSubstitutePlaceholders::test_other_roles_computed PASSED [  6%]
tests/test_compose.py::TestSubstitutePlaceholders::test_role_class_alias_placeholders_singleton PASSED [  6%]
tests/test_compose.py::TestSubstitutePlaceholders::test_role_class_alias_placeholders_custom PASSED [  6%]
tests/test_compose.py::TestSubstitutePlaceholders::test_role_class_alias_placeholders_fallback PASSED [  6%]
tests/test_compose.py::TestListKnownRoleIdentities::test_finds_roles_with_claude_md PASSED [  6%]
tests/test_compose.py::TestListKnownRoleIdentities::test_missing_roles_dir PASSED [  6%]
tests/test_compose.py::TestListKnownRoleIdentities::test_ignores_dirs_without_claude_md PASSED [  7%]
tests/test_compose.py::TestGetEntryFileForRole::test_known_role_returns_self PASSED [  7%]
tests/test_compose.py::TestGetEntryFileForRole::test_unknown_role_falls_back_to_dev PASSED [  7%]
tests/test_compose.py::TestGenerateLocalConfig::test_generates_correct_format_default PASSED [  7%]
tests/test_compose.py::TestGenerateLocalConfig::test_generates_in_squidsquad_dir PASSED [  7%]
tests/test_compose.py::TestGenerateLocalConfig::test_with_clone_paths_relative PASSED [  7%]
tests/test_compose.py::TestGenerateLocalConfig::test_clone_paths_partial PASSED [  7%]
tests/test_compose.py::TestReadConfigValue::test_returns_empty_on_import_error PASSED [  7%]
tests/test_compose.py::TestReadConfigValue::test_returns_empty_on_system_exit PASSED [  7%]
tests/test_compose.py::TestCollectAllRoles::test_includes_dev_agents_and_mandatory_roles PASSED [  7%]
tests/test_compose.py::TestCollectAllRoles::test_mandatory_roles_not_duplicated_when_in_config PASSED [  7%]
tests/test_compose.py::TestCollectAllRoles::test_mandatory_roles_always_present PASSED [  7%]
tests/test_compose.py::TestCollectAllRoles::test_empty_dev_agents PASSED [  7%]
tests/test_compose.py::TestCollectAllRoles::test_strips_whitespace_from_agent_names PASSED [  7%]
tests/test_compose.py::TestResolveVariant::test_pm_skill_resolves PASSED [  7%]
tests/test_compose.py::TestResolveVariant::test_dev_ios_resolves PASSED  [  7%]
tests/test_compose.py::TestResolveVariant::test_qa_android_resolves PASSED [  7%]
tests/test_compose.py::TestResolveVariant::test_base_role_returns_none PASSED [  7%]
tests/test_compose.py::TestResolveVariant::test_no_hyphen_returns_none PASSED [  7%]
tests/test_compose.py::TestAssembleSoul::test_contains_layer1_base_content PASSED [  7%]
tests/test_compose.py::TestAssembleSoul::test_contains_role_soul PASSED  [  7%]
tests/test_compose.py::TestAssembleSoul::test_pm_has_own_soul PASSED     [  7%]
tests/test_compose.py::TestAssembleSoul::test_single_flat_file PASSED    [  7%]
tests/test_compose.py::TestAssembleSoul::test_project_adaptation_present PASSED [  7%]
tests/test_compose.py::TestUpgradeSoul::test_preserves_role_content_on_upgrade PASSED [  7%]
tests/test_compose.py::TestUpgradeSoul::test_atomic_write_no_tmp_leftover PASSED [  7%]
tests/test_compose.py::TestUpgradeSoul::test_creates_if_missing PASSED   [  7%]
tests/test_compose.py::TestUpgradeSoul::test_legacy_flat_soul_preserved PASSED [  7%]
tests/test_compose.py::TestVariantInheritance::test_get_entry_file_suffix_strip PASSED [  7%]
tests/test_compose.py::TestVariantInheritance::test_get_entry_file_dev_variant_unchanged PASSED [  7%]
tests/test_compose.py::TestVariantInheritance::test_get_entry_file_base_role_unchanged PASSED [  7%]
tests/test_compose.py::TestPreLayerDetection::test_pre_layer_install_detected PASSED [  7%]
tests/test_compose.py::TestPreLayerDetection::test_post_layer_install_not_detected PASSED [  7%]
tests/test_compose.py::TestPreLayerDetection::test_no_install_not_detected PASSED [  7%]
tests/test_compose.py::TestExtractProjectAdaptation::test_extracts_adaptation_section PASSED [  8%]
tests/test_compose.py::TestExtractProjectAdaptation::test_no_adaptation_returns_empty PASSED [  8%]
tests/test_compose.py::TestExtractProjectAdaptation::test_missing_soul_returns_empty PASSED [  8%]
tests/test_compose.py::TestAgentComposeDisabled::test_returns_input_unchanged PASSED [  8%]
tests/test_compose.py::TestExtractCodeBlocks::test_extracts_fenced_blocks PASSED [  8%]
tests/test_compose.py::TestExtractCodeBlocks::test_empty_text PASSED     [  8%]
tests/test_compose.py::TestExtractMarkers::test_finds_html_comments PASSED [  8%]
tests/test_compose.py::TestExtractMarkers::test_empty_text PASSED        [  8%]
tests/test_compose.py::TestGenerateCQs::test_generates_from_headings PASSED [  8%]
tests/test_compose.py::TestGenerateCQs::test_empty_sources PASSED        [  8%]
tests/test_compose.py::TestGenerateCQs::test_no_headings PASSED          [  8%]
tests/test_compose.py::TestAgentComposeEnabled::test_falls_back_on_subprocess_error PASSED [  8%]
tests/test_compose.py::TestAgentComposeEnabled::test_falls_back_on_empty_output PASSED [  8%]
tests/test_compose.py::TestAgentComposeEnabled::test_falls_back_on_lost_code_blocks PASSED [  8%]
tests/test_compose.py::TestAgentComposeEnabled::test_pipes_prompt_via_stdin_not_cli_arg PASSED [  8%]
tests/test_compose.py::TestNoDeprecatedMktemp::test_source_does_not_call_mktemp PASSED [  8%]
tests/test_compose.py::TestNoRedundantReImport::test_no_local_re_import_in_extract_code_blocks PASSED [  8%]
tests/test_compose.py::TestNoRedundantReImport::test_no_local_re_import_in_extract_markers PASSED [  8%]
tests/test_compose.py::TestNoRedundantReImport::test_no_local_re_import_in_generate_cqs PASSED [  8%]
tests/test_compose.py::TestNoRedundantReImport::test_no_local_import_in_agent_compose PASSED [  8%]
tests/test_compose.py::TestEventDrivenWorkflowLocation::test_event_driven_workflow_in_common_events PASSED [  8%]
tests/test_compose.py::TestEventDrivenWorkflowLocation::test_no_event_driven_workflow_in_common PASSED [  8%]
tests/test_compose_10981_deploy_alias_v2_token_leaks.py::TestDeployAliasV2NoTokenLeaks::test_no_unresolved_tokens_in_assembled_output[pm] PASSED [  8%]
tests/test_compose_10981_deploy_alias_v2_token_leaks.py::TestDeployAliasV2NoTokenLeaks::test_no_unresolved_tokens_in_assembled_output[dm] PASSED [  8%]
tests/test_compose_10981_deploy_alias_v2_token_leaks.py::TestDeployAliasV2NoTokenLeaks::test_no_unresolved_tokens_in_assembled_output[verifier] PASSED [  8%]
tests/test_compose_10981_deploy_alias_v2_token_leaks.py::TestDeployAliasV2NoTokenLeaks::test_role_placeholder_substituted_with_alias PASSED [  8%]
tests/test_compose_10981_deploy_alias_v2_token_leaks.py::TestDeployAliasV2NoTokenLeaks::test_included_sub_skill_body_inlined PASSED [  8%]
tests/test_compose_10981_deploy_alias_v2_token_leaks.py::TestDeployRoleV2NoTokenLeaks::test_no_unresolved_tokens_in_assembled_output PASSED [  8%]
tests/test_compose_10981_deploy_alias_v2_token_leaks.py::TestResolveIncludesV2::test_expands_valid_include_directive PASSED [  8%]
tests/test_compose_10981_deploy_alias_v2_token_leaks.py::TestResolveIncludesV2::test_missing_include_emits_error_marker PASSED [  8%]
tests/test_compose_10981_deploy_alias_v2_token_leaks.py::TestResolveIncludesV2::test_runtime_read_fragment_directive_is_dropped PASSED [  8%]
tests/test_compose_10981_deploy_alias_v2_token_leaks.py::TestResolveIncludesV2::test_strips_yaml_frontmatter_from_included_body PASSED [  8%]
tests/test_compose_10981_deploy_alias_v2_token_leaks.py::TestResolveIncludesV2::test_strips_outer_sub_skill_markers_to_avoid_doubling PASSED [  8%]
tests/test_compose_11144_role_conditionals.py::test_block_for_matching_role_is_kept_without_markers PASSED [  8%]
tests/test_compose_11144_role_conditionals.py::test_block_for_non_matching_role_is_removed_entirely PASSED [  8%]
tests/test_compose_11144_role_conditionals.py::test_multiple_blocks_each_evaluated_independently PASSED [  9%]
tests/test_compose_11144_role_conditionals.py::test_multiline_block_body_preserved_when_role_matches PASSED [  9%]
tests/test_compose_11144_role_conditionals.py::test_content_without_conditionals_is_unchanged PASSED [  9%]
tests/test_compose_11144_role_conditionals.py::test_non_matching_role_block_leaves_no_blank_line_gap PASSED [  9%]
tests/test_compose_11144_role_conditionals.py::test_role_conditional_runs_inside_substitute_placeholders PASSED [  9%]
tests/test_compose_9588.py::test_composed_claude_contains_boot_bootstrap[skill] PASSED [  9%]
tests/test_compose_9588.py::test_composed_claude_contains_boot_bootstrap[pm] PASSED [  9%]
tests/test_compose_9588.py::test_composed_claude_contains_boot_bootstrap[qa] PASSED [  9%]
tests/test_compose_9588.py::test_composed_claude_contains_boot_bootstrap[dm] PASSED [  9%]
tests/test_compose_9588.py::test_composed_claude_does_not_inline_mode_specific[<!-- sub-skill: ralph-loop-overview -->-skill] PASSED [  9%]
tests/test_compose_9588.py::test_composed_claude_does_not_inline_mode_specific[<!-- sub-skill: ralph-loop-overview -->-pm] PASSED [  9%]
tests/test_compose_9588.py::test_composed_claude_does_not_inline_mode_specific[<!-- sub-skill: ralph-loop-overview -->-qa] PASSED [  9%]
tests/test_compose_9588.py::test_composed_claude_does_not_inline_mode_specific[<!-- sub-skill: ralph-loop-overview -->-dm] PASSED [  9%]
tests/test_compose_9588.py::test_composed_claude_does_not_inline_mode_specific[<!-- sub-skill: event-driven-workflow -->-skill] PASSED [  9%]
tests/test_compose_9588.py::test_composed_claude_does_not_inline_mode_specific[<!-- sub-skill: event-driven-workflow -->-pm] PASSED [  9%]
tests/test_compose_9588.py::test_composed_claude_does_not_inline_mode_specific[<!-- sub-skill: event-driven-workflow -->-qa] PASSED [  9%]
tests/test_compose_9588.py::test_composed_claude_does_not_inline_mode_specific[<!-- sub-skill: event-driven-workflow -->-dm] PASSED [  9%]
tests/test_compose_9588.py::test_composed_claude_does_not_inline_mode_specific[<!-- sub-skill: event-mode-contract -->-skill] PASSED [  9%]
tests/test_compose_9588.py::test_composed_claude_does_not_inline_mode_specific[<!-- sub-skill: event-mode-contract -->-pm] PASSED [  9%]
tests/test_compose_9588.py::test_composed_claude_does_not_inline_mode_specific[<!-- sub-skill: event-mode-contract -->-qa] PASSED [  9%]
tests/test_compose_9588.py::test_composed_claude_does_not_inline_mode_specific[<!-- sub-skill: event-mode-contract -->-dm] PASSED [  9%]
tests/test_compose_9588.py::test_composed_claude_does_not_inline_mode_specific[<!-- sub-skill: cursor-management -->-skill] PASSED [  9%]
tests/test_compose_9588.py::test_composed_claude_does_not_inline_mode_specific[<!-- sub-skill: cursor-management -->-pm] PASSED [  9%]
tests/test_compose_9588.py::test_composed_claude_does_not_inline_mode_specific[<!-- sub-skill: cursor-management -->-qa] PASSED [  9%]
tests/test_compose_9588.py::test_composed_claude_does_not_inline_mode_specific[<!-- sub-skill: cursor-management -->-dm] PASSED [  9%]
tests/test_compose_9588.py::test_composed_claude_does_not_inline_mode_specific[<!-- sub-skill: forge-read-pattern -->-skill] PASSED [  9%]
tests/test_compose_9588.py::test_composed_claude_does_not_inline_mode_specific[<!-- sub-skill: forge-read-pattern -->-pm] PASSED [  9%]
tests/test_compose_9588.py::test_composed_claude_does_not_inline_mode_specific[<!-- sub-skill: forge-read-pattern -->-qa] PASSED [  9%]
tests/test_compose_9588.py::test_composed_claude_does_not_inline_mode_specific[<!-- sub-skill: forge-read-pattern -->-dm] PASSED [  9%]
tests/test_compose_9588.py::test_composed_claude_does_not_inline_mode_specific[<!-- sub-skill: idle-cooldown-loop -->-skill] PASSED [  9%]
tests/test_compose_9588.py::test_composed_claude_does_not_inline_mode_specific[<!-- sub-skill: idle-cooldown-loop -->-pm] PASSED [  9%]
tests/test_compose_9588.py::test_composed_claude_does_not_inline_mode_specific[<!-- sub-skill: idle-cooldown-loop -->-qa] PASSED [  9%]
tests/test_compose_9588.py::test_composed_claude_does_not_inline_mode_specific[<!-- sub-skill: idle-cooldown-loop -->-dm] PASSED [  9%]
tests/test_compose_9588.py::test_composed_claude_does_not_inline_mode_specific[<!-- sub-skill: comment-handling -->-skill] PASSED [  9%]
tests/test_compose_9588.py::test_composed_claude_does_not_inline_mode_specific[<!-- sub-skill: comment-handling -->-pm] PASSED [ 10%]
tests/test_compose_9588.py::test_composed_claude_does_not_inline_mode_specific[<!-- sub-skill: comment-handling -->-qa] PASSED [ 10%]
tests/test_compose_9588.py::test_composed_claude_does_not_inline_mode_specific[<!-- sub-skill: comment-handling -->-dm] PASSED [ 10%]
tests/test_compose_9588.py::test_composed_claude_does_not_inline_mode_specific[<!-- sub-skill: pr-merge-wait -->-skill] PASSED [ 10%]
tests/test_compose_9588.py::test_composed_claude_does_not_inline_mode_specific[<!-- sub-skill: pr-merge-wait -->-pm] PASSED [ 10%]
tests/test_compose_9588.py::test_composed_claude_does_not_inline_mode_specific[<!-- sub-skill: pr-merge-wait -->-qa] PASSED [ 10%]
tests/test_compose_9588.py::test_composed_claude_does_not_inline_mode_specific[<!-- sub-skill: pr-merge-wait -->-dm] PASSED [ 10%]
tests/test_compose_9588.py::test_polling_fragment_path_substituted_per_role[skill-worker] PASSED [ 10%]
tests/test_compose_9588.py::test_polling_fragment_path_substituted_per_role[pm-pm] PASSED [ 10%]
tests/test_compose_9588.py::test_polling_fragment_path_substituted_per_role[qa-verifier] PASSED [ 10%]
tests/test_compose_9588.py::test_polling_fragment_path_substituted_per_role[dm-dm] PASSED [ 10%]
tests/test_compose_9588.py::test_referenced_runtime_fragments_exist_on_disk[skill] PASSED [ 10%]
tests/test_compose_9588.py::test_referenced_runtime_fragments_exist_on_disk[pm] PASSED [ 10%]
tests/test_compose_9588.py::test_referenced_runtime_fragments_exist_on_disk[qa] PASSED [ 10%]
tests/test_compose_9588.py::test_referenced_runtime_fragments_exist_on_disk[dm] PASSED [ 10%]
tests/test_compose_9588.py::test_dm_bootstrap_enumerates_pr_merge_wait PASSED [ 10%]
tests/test_compose_9588.py::test_bootstrap_owns_loop_invocation_with_substituted_interval[skill] PASSED [ 10%]
tests/test_compose_9588.py::test_bootstrap_owns_loop_invocation_with_substituted_interval[pm] PASSED [ 10%]
tests/test_compose_9588.py::test_bootstrap_owns_loop_invocation_with_substituted_interval[qa] PASSED [ 10%]
tests/test_compose_9588.py::test_bootstrap_owns_loop_invocation_with_substituted_interval[dm] PASSED [ 10%]
tests/test_compose_9588.py::test_polling_fragment_source_does_not_invoke_loop[skill-worker] PASSED [ 10%]
tests/test_compose_9588.py::test_polling_fragment_source_does_not_invoke_loop[pm-pm] PASSED [ 10%]
tests/test_compose_9588.py::test_polling_fragment_source_does_not_invoke_loop[qa-verifier] PASSED [ 10%]
tests/test_compose_9588.py::test_polling_fragment_source_does_not_invoke_loop[dm-dm] PASSED [ 10%]
tests/test_compose_9588.py::test_bootstrap_documents_role_runtime_substitution PASSED [ 10%]
tests/test_compose_9588.py::test_event_mode_contract_unreachable_branch_removed PASSED [ 10%]
tests/test_compose_a6_v2.py::test_deploy_alias_v2_preserves_role_variable_name_per_10358 PASSED [ 10%]
tests/test_compose_a6_v2.py::test_deploy_alias_v2_resolves_via_parser_and_writes_v2_path PASSED [ 10%]
tests/test_compose_a6_v2.py::test_deploy_alias_v2_uses_role_class_not_alias_for_compose_source PASSED [ 10%]
tests/test_compose_a6_v2.py::test_deploy_alias_v2_aborts_on_unknown_alias PASSED [ 10%]
tests/test_compose_a6_v2.py::test_deploy_alias_v2_lists_known_aliases_in_diagnostic PASSED [ 10%]
tests/test_compose_a6_v2.py::test_deploy_alias_v2_rejects_disallowed_alias_characters[../etc] PASSED [ 10%]
tests/test_compose_a6_v2.py::test_deploy_alias_v2_rejects_disallowed_alias_characters[a/b] PASSED [ 10%]
tests/test_compose_a6_v2.py::test_deploy_alias_v2_rejects_disallowed_alias_characters[a\\b] PASSED [ 10%]
tests/test_compose_a6_v2.py::test_deploy_alias_v2_rejects_disallowed_alias_characters[] PASSED [ 10%]
tests/test_compose_a6_v2.py::test_deploy_alias_v2_rejects_disallowed_alias_characters[.hidden] PASSED [ 11%]
tests/test_compose_a6_v2.py::test_deploy_alias_v2_rejects_disallowed_alias_characters[with space] PASSED [ 11%]
tests/test_compose_a6_v2.py::test_deploy_alias_v2_rejects_disallowed_alias_characters[None] PASSED [ 11%]
tests/test_compose_a6_v2.py::test_deploy_alias_v2_rejects_disallowed_alias_characters[42] PASSED [ 11%]
tests/test_compose_a6_v2.py::test_deploy_alias_v2_rejects_disallowed_alias_characters[a\x00b] PASSED [ 11%]
tests/test_compose_a6_v2.py::test_deploy_alias_v2_passes_registry_through PASSED [ 11%]
tests/test_compose_a6_v2.py::test_deploy_alias_v2_v2_regenerate_cmd_in_output_header PASSED [ 11%]
tests/test_compose_a6_v2.py::test_deploy_alias_v2_aborts_on_malformed_registry PASSED [ 11%]
tests/test_compose_a6_v2.py::test_main_strips_v2_flag_and_routes_to_v2 PASSED [ 11%]
tests/test_compose_a6_v2.py::test_main_no_v2_flag_takes_v2_path PASSED   [ 11%]
tests/test_compose_a6_v2.py::test_main_v2_flag_position_does_not_matter[argv0] PASSED [ 11%]
tests/test_compose_a6_v2.py::test_main_v2_flag_position_does_not_matter[argv1] PASSED [ 11%]
tests/test_compose_a6_v2.py::test_main_v2_flag_position_does_not_matter[argv2] PASSED [ 11%]
tests/test_compose_a6_v2.py::test_main_deploy_all_v2_iterates_registry PASSED [ 11%]
tests/test_compose_capability.py::TestCapabilityCheck::test_empty_requires_exits_zero PASSED [ 11%]
tests/test_compose_capability.py::TestCapabilityCheck::test_builtin_capability_available PASSED [ 11%]
tests/test_compose_capability.py::TestCapabilityCheck::test_missing_capability_manifest PASSED [ 11%]
tests/test_compose_capability.py::TestCapabilityCheck::test_any_of_with_one_available PASSED [ 11%]
tests/test_compose_capability.py::TestCapabilityCheck::test_any_of_with_none_available PASSED [ 11%]
tests/test_compose_capability.py::TestCapabilityCheck::test_role_not_found PASSED [ 11%]
tests/test_compose_check_a45_10395.py::test_check_alias_staged_l4_clean_returns_role_class PASSED [ 11%]
tests/test_compose_check_a45_10395.py::test_check_alias_staged_l4_missing_staged_file_raises_filenotfound PASSED [ 11%]
tests/test_compose_check_a45_10395.py::test_check_alias_staged_l4_unknown_alias_raises_keyerror PASSED [ 11%]
tests/test_compose_check_a45_10395.py::test_check_alias_staged_l4_r1_violation_raises PASSED [ 11%]
tests/test_compose_check_a45_10395.py::test_check_alias_staged_l4_r5_violation_raises PASSED [ 11%]
tests/test_compose_check_a45_10395.py::test_check_alias_staged_l4_r7_violation_raises PASSED [ 11%]
tests/test_compose_check_a45_10395.py::test_check_alias_staged_l4_does_not_write_to_disk PASSED [ 11%]
tests/test_compose_check_a45_10395.py::test_cli_missing_value_after_staged_l4_exits_2 PASSED [ 11%]
tests/test_compose_check_a45_10395.py::test_cli_staged_l4_nonexistent_path_exits_2 PASSED [ 11%]
tests/test_compose_check_a45_10395.py::test_cli_staged_l4_with_unknown_alias_exits_2 PASSED [ 11%]
tests/test_compose_check_a45_10395.py::test_cli_check_without_staged_l4_exits_error_post_e6 PASSED [ 11%]
tests/test_compose_check_a45_10395.py::test_cli_help_or_no_args_does_not_crash PASSED [ 11%]
tests/test_compose_deploy_role_v2_10685.py::test_deploy_role_v2_writes_triple_under_output_name PASSED [ 11%]
tests/test_compose_deploy_role_v2_10685.py::test_deploy_role_v2_defaults_output_name_to_role_name PASSED [ 11%]
tests/test_compose_deploy_role_v2_10685.py::test_deploy_role_v2_header_uses_output_name PASSED [ 12%]
tests/test_compose_deploy_role_v2_10685.py::test_deploy_role_v2_seeds_soul_when_missing PASSED [ 12%]
tests/test_compose_deploy_role_v2_10685.py::test_deploy_role_v2_preserves_existing_soul PASSED [ 12%]
tests/test_compose_deploy_role_v2_10685.py::test_deploy_role_v2_requires_no_aliases_registry PASSED [ 12%]
tests/test_compose_deploy_role_v2_10685.py::test_deploy_role_v2_resolves_variant_to_role_and_l3 PASSED [ 12%]
tests/test_compose_deploy_role_v2_10685.py::test_deploy_role_v2_wizard_contract_source_root_split PASSED [ 12%]
tests/test_compose_deploy_role_v2_10685.py::test_deploy_role_v2_no_variant_l3_is_none PASSED [ 12%]
tests/test_compose_deploy_role_v2_10685.py::test_deploy_role_v2_alias_role_name_derives_l3_domain PASSED [ 12%]
tests/test_compose_freshness_e1.py::TestComputeChecksum::test_deterministic_across_runs PASSED [ 12%]
tests/test_compose_freshness_e1.py::TestComputeChecksum::test_content_change_rolls_checksum PASSED [ 12%]
tests/test_compose_freshness_e1.py::TestComputeChecksum::test_rename_rolls_checksum PASSED [ 12%]
tests/test_compose_freshness_e1.py::TestComputeChecksum::test_catalog_change_rolls_checksum PASSED [ 12%]
tests/test_compose_freshness_e1.py::TestComputeChecksum::test_unrelated_file_does_not_affect_checksum PASSED [ 12%]
tests/test_compose_freshness_e1.py::TestCheckAndRepair::test_clean_install_no_compose_run PASSED [ 12%]
tests/test_compose_freshness_e1.py::TestCheckAndRepair::test_drift_runs_compose_and_updates_checksum PASSED [ 12%]
tests/test_compose_freshness_e1.py::TestCheckAndRepair::test_first_boot_no_stored_checksum_runs_compose PASSED [ 12%]
tests/test_compose_freshness_e1.py::TestCheckAndRepair::test_empty_string_checksum_treated_as_first_boot PASSED [ 12%]
tests/test_compose_freshness_e1.py::TestCheckAndRepair::test_compose_failure_returns_failed_status PASSED [ 12%]
tests/test_compose_freshness_e1.py::TestCheckAndRepair::test_compose_runner_raise_is_treated_as_failure PASSED [ 12%]
tests/test_compose_freshness_e1.py::TestHarnessWiring::test_harness_imports_compose_freshness PASSED [ 12%]
tests/test_compose_freshness_e1.py::TestHarnessWiring::test_deferred_init_calls_check_and_repair PASSED [ 12%]
tests/test_compose_freshness_e1.py::TestHarnessWiring::test_harness_state_carries_failure_flag PASSED [ 12%]
tests/test_compose_freshness_e1.py::TestHarnessWiring::test_lifespan_runs_check_synchronously_before_yield PASSED [ 12%]
tests/test_compose_freshness_e1.py::TestHarnessWiring::test_http_start_endpoints_gate_on_failure_flag PASSED [ 12%]
tests/test_compose_freshness_e1.py::TestHarnessWiring::test_health_poller_reboot_gates_on_failure_flag PASSED [ 12%]
tests/test_compose_strip_frontmatter.py::test_strips_leading_frontmatter_block PASSED [ 12%]
tests/test_compose_strip_frontmatter.py::test_strips_frontmatter_with_no_blank_line_after PASSED [ 12%]
tests/test_compose_strip_frontmatter.py::test_strips_frontmatter_with_extra_fields PASSED [ 12%]
tests/test_compose_strip_frontmatter.py::test_no_frontmatter_is_passthrough PASSED [ 12%]
tests/test_compose_strip_frontmatter.py::test_mid_file_horizontal_rule_not_stripped PASSED [ 12%]
tests/test_compose_strip_frontmatter.py::test_empty_input_is_passthrough PASSED [ 12%]
tests/test_compose_strip_frontmatter.py::test_only_opening_delimiter_is_passthrough PASSED [ 12%]
tests/test_compose_strip_frontmatter.py::test_strips_frontmatter_with_horizontal_whitespace_on_delimiters PASSED [ 12%]
tests/test_compose_strip_frontmatter.py::test_strips_only_first_frontmatter_block PASSED [ 12%]
tests/test_compose_strip_frontmatter.py::test_frontmatter_at_very_start_of_file PASSED [ 13%]
tests/test_composition.py::TestSkillComposition::test_all_sub_skills_closed PASSED [ 13%]
tests/test_composition.py::TestSkillComposition::test_all_closes_have_opens PASSED [ 13%]
tests/test_composition.py::TestSkillComposition::test_no_duplicate_opens PASSED [ 13%]
tests/test_composition.py::TestSkillComposition::test_markers_properly_nested PASSED [ 13%]
tests/test_composition.py::TestAgentInstructionsComposition::test_all_sub_skills_closed SKIPPED [ 13%]
tests/test_composition.py::TestAgentInstructionsComposition::test_all_closes_have_opens SKIPPED [ 13%]
tests/test_comprehension_10659.py::TestSpecSchema::test_spec_is_valid_json PASSED [ 13%]
tests/test_comprehension_10659.py::TestSpecSchema::test_required_top_level_keys PASSED [ 13%]
tests/test_comprehension_10659.py::TestSpecSchema::test_issue_is_int_and_matches PASSED [ 13%]
tests/test_comprehension_10659.py::TestSpecSchema::test_title_is_string PASSED [ 13%]
tests/test_comprehension_10659.py::TestSpecSchema::test_files_is_nonempty_list_of_strings PASSED [ 13%]
tests/test_comprehension_10659.py::TestSpecSchema::test_questions_is_list_of_objects PASSED [ 13%]
tests/test_comprehension_10659.py::TestSpecSchema::test_question_ids_are_unique PASSED [ 13%]
tests/test_comprehension_10659.py::TestRequiredScenarioCoverage::test_topic_covered_by_at_least_one_question[detection (durable vs one-off)-durable|one.?off|from now on|going forward|just this once|for this (?:task|pr)] PASSED [ 13%]
tests/test_comprehension_10659.py::TestRequiredScenarioCoverage::test_topic_covered_by_at_least_one_question[scope (role-class vs alias)-role.?class|alias|fan.?out|every role.?class|single file] PASSED [ 13%]
tests/test_comprehension_10659.py::TestRequiredScenarioCoverage::test_topic_covered_by_at_least_one_question[decision tree (insert-before vs append)-insert.?before|append|step:cycle/|targeted op|whole.?slot] PASSED [ 13%]
tests/test_comprehension_10659.py::TestRequiredScenarioCoverage::test_topic_covered_by_at_least_one_question[forbidden slots (vault refusal)-vault|forbidden|refuse|L1.?exclusive|framework.?owned] PASSED [ 13%]
tests/test_comprehension_10659.py::TestRequiredScenarioCoverage::test_topic_covered_by_at_least_one_question[removal (counter-entry / undo)-counter.?entry|removal|undo|forget|prune|delete] PASSED [ 13%]
tests/test_comprehension_10659.py::TestRequiredScenarioCoverage::test_at_least_five_questions PASSED [ 13%]
tests/test_comprehension_10659.py::TestExpectedAnswersSubstantive::test_expected_answers_have_substantive_length PASSED [ 13%]
tests/test_comprehension_10659.py::TestExpectedAnswersSubstantive::test_no_placeholder_expected_answers PASSED [ 13%]
tests/test_comprehension_10659.py::TestFilesListSanity::test_every_listed_file_exists PASSED [ 13%]
tests/test_comprehension_10659.py::TestFilesListSanity::test_includes_l4_curation_sub_skill PASSED [ 13%]
tests/test_comprehension_10659.py::TestFilesListSanity::test_no_state_file_or_composed_output_references PASSED [ 13%]
tests/test_comprehension_10678.py::TestSpecSchema::test_spec_is_valid_json PASSED [ 13%]
tests/test_comprehension_10678.py::TestSpecSchema::test_required_top_level_keys PASSED [ 13%]
tests/test_comprehension_10678.py::TestSpecSchema::test_issue_number_matches_d7 PASSED [ 13%]
tests/test_comprehension_10678.py::TestSpecSchema::test_every_question_has_required_fields PASSED [ 13%]
tests/test_comprehension_10678.py::TestSpecSchema::test_question_ids_unique PASSED [ 13%]
tests/test_comprehension_10678.py::TestRequiredCoverage::test_scenario_covered[resolvable-reference-execute-(consult|resolve|look[- ]?up|catalog\\s+(row|entry|lookup|table\\s+row)).*(source\\s+path|read\\s+(that|the)\\s+file|execute|fetch)] PASSED [ 13%]
tests/test_comprehension_10678.py::TestRequiredCoverage::test_scenario_covered[unresolved-name-error-(no\\s+(matching\\s+)?(catalog\\s+)?(row|entry)|unresolved|not\\s+indexed|silently\\s+skipping).*(error|abort|surface|reject|fail|forbidden)] PASSED [ 13%]
tests/test_comprehension_10678.py::TestRequiredCoverage::test_scenario_covered[missing-source-file-error-(source\\s*path|source\\s*file|file).*(missing|does\\s+not\\s+exist|gone).*(error|abort|surface|reject|fail)] PASSED [ 13%]
tests/test_comprehension_10678.py::TestRequiredCoverage::test_scenario_covered[multiple-refs-in-order-(multiple|several|three).*(order|sequence|top\\s+to\\s+bottom)] PASSED [ 13%]
tests/test_comprehension_10678.py::TestRequiredCoverage::test_at_least_five_questions PASSED [ 13%]
tests/test_comprehension_10678.py::TestExpectedAnswersSubstantive::test_expected_answers_have_substantive_length PASSED [ 14%]
tests/test_comprehension_10678.py::TestExpectedAnswersSubstantive::test_no_placeholder_expected_answers PASSED [ 14%]
tests/test_comprehension_10678.py::TestFilesListSanity::test_every_listed_file_exists PASSED [ 14%]
tests/test_comprehension_10678.py::TestFilesListSanity::test_includes_compose_architecture PASSED [ 14%]
tests/test_comprehension_10678.py::TestFilesListSanity::test_includes_sub_skill_catalog PASSED [ 14%]
tests/test_comprehension_10678.py::TestFilesListSanity::test_no_state_file_or_composed_output_references PASSED [ 14%]
tests/test_comprehension_8694.py::TestSpecSchema::test_spec_is_valid_json PASSED [ 14%]
tests/test_comprehension_8694.py::TestSpecSchema::test_required_top_level_keys PASSED [ 14%]
tests/test_comprehension_8694.py::TestSpecSchema::test_issue_is_int PASSED [ 14%]
tests/test_comprehension_8694.py::TestSpecSchema::test_title_is_string PASSED [ 14%]
tests/test_comprehension_8694.py::TestSpecSchema::test_files_is_list_of_strings PASSED [ 14%]
tests/test_comprehension_8694.py::TestSpecSchema::test_questions_is_list_of_objects PASSED [ 14%]
tests/test_comprehension_8694.py::TestSpecSchema::test_question_ids_are_unique PASSED [ 14%]
tests/test_comprehension_8694.py::TestRequiredScenarioCoverage::test_topic_covered_by_at_least_one_question[mid-task event-mid.?task|case d\\b] PASSED [ 14%]
tests/test_comprehension_8694.py::TestRequiredScenarioCoverage::test_topic_covered_by_at_least_one_question[unknown event-unknown\\s+event|unrecogni[sz]ed] PASSED [ 14%]
tests/test_comprehension_8694.py::TestRequiredScenarioCoverage::test_topic_covered_by_at_least_one_question[empty work_queue-empty.*work.?queue|work.?queue.*empty] PASSED [ 14%]
tests/test_comprehension_8694.py::TestRequiredScenarioCoverage::test_topic_covered_by_at_least_one_question[DM end-of-task comments-\\bdm\\b.*comment|comment.*\\bdm\\b|pr.?merge.*comment|merge.*wait.*comment] PASSED [ 14%]
tests/test_comprehension_8694.py::TestRequiredScenarioCoverage::test_topic_covered_by_at_least_one_question[comment-driven route-back-comment.*hand|route.?back|comment.*role|hand.*back|hand.*work] PASSED [ 14%]
tests/test_comprehension_8694.py::TestRequiredScenarioCoverage::test_topic_covered_by_at_least_one_question[scan-running boot-scan.*running|status:\\s*running|status.?running|scan.?running\\s+boot] PASSED [ 14%]
tests/test_comprehension_8694.py::TestRequiredScenarioCoverage::test_at_least_eight_questions PASSED [ 14%]
tests/test_comprehension_8694.py::TestFilesOnlyEventFragments::test_every_path_starts_with_allowed_prefix PASSED [ 14%]
tests/test_comprehension_8694.py::TestFilesOnlyEventFragments::test_no_banned_substrings_in_files PASSED [ 14%]
tests/test_comprehension_8694.py::TestFilesOnlyEventFragments::test_role_paths_use_events_subdir PASSED [ 14%]
tests/test_comprehension_8694.py::TestFilesOnlyEventFragments::test_every_listed_file_exists PASSED [ 14%]
tests/test_config.py::TestConfigRequired::test_has_version PASSED        [ 14%]
tests/test_config.py::TestConfigRequired::test_has_tracker PASSED        [ 14%]
tests/test_config.py::TestConfigRequired::test_has_dev_agents PASSED     [ 14%]
tests/test_config.py::TestConfigRequired::test_has_project_name PASSED   [ 14%]
tests/test_config.py::TestConfigRequired::test_has_iteration_interval PASSED [ 14%]
tests/test_config.py::TestConfigRequired::test_has_context_threshold PASSED [ 14%]
tests/test_config.py::TestConfigRequired::test_has_skill_tests PASSED    [ 14%]
tests/test_config.py::TestConfigRequired::test_has_auto_merge PASSED     [ 14%]
tests/test_config.py::TestConfigRequired::test_has_pr_flow PASSED        [ 14%]
tests/test_config.py::TestConfigRequired::test_has_improvement_scanning PASSED [ 14%]
tests/test_config.py::TestSetFieldGuards::test_empty_section_exits PASSED [ 15%]
tests/test_config.py::TestSetFieldGuards::test_replace_limited_to_first_occurrence PASSED [ 15%]
tests/test_config.py::TestGetField::test_get_known_field PASSED          [ 15%]
tests/test_config.py::TestGetField::test_get_section_scoped_field PASSED [ 15%]
tests/test_config.py::TestGetField::test_get_disambiguates_enabled_fields PASSED [ 15%]
tests/test_config.py::TestGetField::test_get_unknown_field_exits PASSED  [ 15%]
tests/test_config.py::TestGetField::test_get_raw_field_name PASSED       [ 15%]
tests/test_config.py::TestImprovementScanCoolDownDefault::test_default_when_field_absent PASSED [ 15%]
tests/test_config.py::TestImprovementScanCoolDownDefault::test_default_when_section_absent PASSED [ 15%]
tests/test_config.py::TestImprovementScanCoolDownDefault::test_explicit_value_overrides_default PASSED [ 15%]
tests/test_config.py::TestImprovementScanCoolDownDefault::test_field_in_defaults_registry PASSED [ 15%]
tests/test_config.py::TestSetFieldHappyPath::test_set_sectionless_field PASSED [ 15%]
tests/test_config.py::TestSetFieldHappyPath::test_set_section_scoped_field PASSED [ 15%]
tests/test_config.py::TestSetFieldHappyPath::test_set_field_not_found_exits PASSED [ 15%]
tests/test_config.py::TestGetAlias::test_alias_present PASSED            [ 15%]
tests/test_config.py::TestGetAlias::test_alias_missing_falls_back PASSED [ 15%]
tests/test_config.py::TestGetAlias::test_alias_unknown_role PASSED       [ 15%]
tests/test_config.py::TestDetectSchemaVersion::test_v1_explicit PASSED   [ 15%]
tests/test_config.py::TestDetectSchemaVersion::test_v2_explicit PASSED   [ 15%]
tests/test_config.py::TestDetectSchemaVersion::test_missing_field_defaults_v1 PASSED [ 15%]
tests/test_config.py::TestDetectSchemaVersion::test_non_integer_defaults_v1 PASSED [ 15%]
tests/test_config.py::TestDetectSchemaVersion::test_v3_returns_v2 PASSED [ 15%]
tests/test_config.py::TestParseSections::test_splits_sections PASSED     [ 15%]
tests/test_config.py::TestParseSections::test_preamble_in_empty_key PASSED [ 15%]
tests/test_config.py::TestParseSections::test_heading_whitespace_stripped PASSED [ 15%]
tests/test_config.py::TestDumpAll::test_returns_dict PASSED              [ 15%]
tests/test_config_aliases_registry_10385.py::TestValidTable::test_returns_dict_of_tuples PASSED [ 15%]
tests/test_config_aliases_registry_10385.py::TestValidTable::test_canonical_table_round_trips PASSED [ 15%]
tests/test_config_aliases_registry_10385.py::TestValidTable::test_em_dash_l3_becomes_none PASSED [ 15%]
tests/test_config_aliases_registry_10385.py::TestValidTable::test_non_dash_l3_preserved_verbatim PASSED [ 15%]
tests/test_config_aliases_registry_10385.py::TestValidTable::test_all_four_role_classes_accepted PASSED [ 15%]
tests/test_config_aliases_registry_10385.py::TestMalformedInputs::test_missing_aliases_section PASSED [ 15%]
tests/test_config_aliases_registry_10385.py::TestMalformedInputs::test_empty_aliases_section PASSED [ 15%]
tests/test_config_aliases_registry_10385.py::TestMalformedInputs::test_wrong_column_count_in_header PASSED [ 15%]
tests/test_config_aliases_registry_10385.py::TestMalformedInputs::test_wrong_column_names_in_header PASSED [ 16%]
tests/test_config_aliases_registry_10385.py::TestMalformedInputs::test_missing_separator_row PASSED [ 16%]
tests/test_config_aliases_registry_10385.py::TestMalformedInputs::test_data_row_wrong_column_count PASSED [ 16%]
tests/test_config_aliases_registry_10385.py::TestMalformedInputs::test_unknown_role_class_rejected PASSED [ 16%]
tests/test_config_aliases_registry_10385.py::TestMalformedInputs::test_duplicate_alias_rejected PASSED [ 16%]
tests/test_config_aliases_registry_10385.py::TestMalformedInputs::test_empty_alias_cell_rejected PASSED [ 16%]
tests/test_config_aliases_registry_10385.py::TestMalformedInputs::test_empty_role_class_cell_rejected PASSED [ 16%]
tests/test_config_aliases_registry_10385.py::TestMalformedInputs::test_header_only_no_data_rejected PASSED [ 16%]
tests/test_config_aliases_registry_10385.py::TestExportedConstants::test_role_classes_frozenset_matches_spec PASSED [ 16%]
tests/test_config_aliases_registry_10385.py::TestExportedConstants::test_l3_none_sentinel_is_em_dash PASSED [ 16%]
tests/test_config_aliases_registry_10385.py::TestExportedConstants::test_error_is_value_error_subclass PASSED [ 16%]
tests/test_config_aliases_registry_10385.py::TestBulletFormFallback::test_canonical_pm_and_dm_bullets PASSED [ 16%]
tests/test_config_aliases_registry_10385.py::TestBulletFormFallback::test_qa_bullet_maps_to_verifier_via_shim PASSED [ 16%]
tests/test_config_aliases_registry_10385.py::TestBulletFormFallback::test_dev_bullet_maps_to_worker_via_shim PASSED [ 16%]
tests/test_config_aliases_registry_10385.py::TestBulletFormFallback::test_skill_bullet_maps_to_worker_skill_variant PASSED [ 16%]
tests/test_config_aliases_registry_10385.py::TestBulletFormFallback::test_full_live_repo_install_bullets PASSED [ 16%]
tests/test_config_aliases_registry_10385.py::TestBulletFormFallback::test_unrecognized_value_raises_with_diagnostic PASSED [ 16%]
tests/test_config_aliases_registry_10385.py::TestBulletFormFallback::test_mixed_recognized_and_typo_raises_not_silently_drops PASSED [ 16%]
tests/test_config_aliases_registry_10385.py::TestBulletFormFallback::test_duplicate_alias_in_bullet_form_raises PASSED [ 16%]
tests/test_config_aliases_registry_10385.py::TestTableFormShim::test_qa_role_class_in_table_maps_to_verifier PASSED [ 16%]
tests/test_config_aliases_registry_10385.py::TestTableFormShim::test_dev_role_class_in_table_maps_to_worker PASSED [ 16%]
tests/test_config_schema.py::TestDetectSchemaVersion::test_explicit_v1 PASSED [ 16%]
tests/test_config_schema.py::TestDetectSchemaVersion::test_explicit_v2 PASSED [ 16%]
tests/test_config_schema.py::TestDetectSchemaVersion::test_missing_field_defaults_to_v1 PASSED [ 16%]
tests/test_config_schema.py::TestDetectSchemaVersion::test_malformed_field_defaults_to_v1[# not a version] PASSED [ 16%]
tests/test_config_schema.py::TestDetectSchemaVersion::test_malformed_field_defaults_to_v1[garbage] PASSED [ 16%]
tests/test_config_schema.py::TestDetectSchemaVersion::test_malformed_field_defaults_to_v1[] PASSED [ 16%]
tests/test_config_schema.py::TestDetectSchemaVersion::test_v3_reads_as_v2 PASSED [ 16%]
tests/test_config_schema.py::TestParseAgentsV1::test_single_dev_role_with_pm_qa_dm PASSED [ 16%]
tests/test_config_schema.py::TestParseAgentsV1::test_mandatory_roles_always_present PASSED [ 16%]
tests/test_config_schema.py::TestParseAgentsV1::test_no_dev_roles PASSED [ 16%]
tests/test_config_schema.py::TestParseAgentsV1::test_get_agents_uses_v1_path PASSED [ 16%]
tests/test_config_schema.py::TestParseAgentsV1::test_v1_test_command_missing_field_is_omitted PASSED [ 16%]
tests/test_config_schema.py::TestParseAgentsV2::test_full_software_dev_install PASSED [ 16%]
tests/test_config_schema.py::TestParseAgentsV2::test_simple_agent_entry PASSED [ 16%]
tests/test_config_schema.py::TestParseAgentsV2::test_dev_agent_with_quoted_stack_and_test_command PASSED [ 17%]
tests/test_config_schema.py::TestParseAgentsV2::test_multiple_dev_agents_do_not_leak_fields PASSED [ 17%]
tests/test_config_schema.py::TestParseAgentsV2::test_alias_defaults_to_id_when_same PASSED [ 17%]
tests/test_config_schema.py::TestParseAgentsV2::test_design_preset_only_two_agents PASSED [ 17%]
tests/test_config_schema.py::TestParseAgentsV2::test_empty_agents_section PASSED [ 17%]
tests/test_config_schema.py::TestParseAgentsV2::test_setup_block_with_multiple_fields PASSED [ 17%]
tests/test_config_schema.py::TestParseAgentsV2::test_setup_block_closes_on_next_top_level_entry PASSED [ 17%]
tests/test_config_schema.py::TestGetAgents::test_v1_path PASSED          [ 17%]
tests/test_config_schema.py::TestGetAgents::test_v2_path PASSED          [ 17%]
tests/test_config_schema.py::TestGetAgents::test_missing_schema_defaults_to_v1 PASSED [ 17%]
tests/test_config_schema.py::TestGetAgents::test_v2_reads_same_canonical_shape_as_v1 PASSED [ 17%]
tests/test_config_schema.py::TestWizardRoundTrip::test_minimal_design_preset_round_trip PASSED [ 17%]
tests/test_config_schema.py::TestWizardRoundTrip::test_full_software_dev_round_trip PASSED [ 17%]
tests/test_config_schema.py::TestComposeKnownRoles::test_list_known_identities_reads_real_registry PASSED [ 17%]
tests/test_config_schema.py::TestComposeKnownRoles::test_get_entry_file_for_shipped_role PASSED [ 17%]
tests/test_config_schema.py::TestComposeKnownRoles::test_dev_variants_resolve_to_dev PASSED [ 17%]
tests/test_config_schema.py::TestComposeKnownRoles::test_no_longer_hardcodes_known_roles_set PASSED [ 17%]
tests/test_config_schema.py::TestGetField::test_get_existing_field PASSED [ 17%]
tests/test_config_schema.py::TestGetField::test_get_context_threshold PASSED [ 17%]
tests/test_config_schema.py::TestGetField::test_get_missing_field_exits PASSED [ 17%]
tests/test_config_schema.py::TestGetAlias::test_alias_found PASSED       [ 17%]
tests/test_config_schema.py::TestGetAlias::test_alias_fallback_to_role_name PASSED [ 17%]
tests/test_config_schema.py::TestSetField::test_set_updates_value PASSED [ 17%]
tests/test_cq_cache.py::TestComputeHash::test_hashes_spec_and_files PASSED [ 17%]
tests/test_cq_cache.py::TestComputeHash::test_different_content_different_hash PASSED [ 17%]
tests/test_cq_cache.py::TestComputeHash::test_missing_file_returns_none PASSED [ 17%]
tests/test_cq_cache.py::TestComputeHash::test_missing_spec_returns_none PASSED [ 17%]
tests/test_cq_cache.py::TestComputeHash::test_spec_change_changes_hash PASSED [ 17%]
tests/test_cq_cache.py::TestCachePath::test_uses_spec_stem PASSED        [ 17%]
tests/test_cq_cache.py::TestCheckCache::test_no_cache_file_returns_false PASSED [ 17%]
tests/test_cq_cache.py::TestCheckCache::test_matching_cache_returns_true PASSED [ 17%]
tests/test_cq_cache.py::TestCheckCache::test_stale_cache_returns_false PASSED [ 17%]
tests/test_cq_cache.py::TestWriteCache::test_creates_cache_dir_and_file PASSED [ 17%]
tests/test_cq_cache.py::TestWriteCache::test_does_not_write_on_missing_file PASSED [ 17%]
tests/test_cq_cache.py::TestRunTestCacheIntegration::test_cache_hit_returns_none PASSED [ 18%]
tests/test_cq_cache.py::TestRunTestCacheIntegration::test_force_bypasses_cache PASSED [ 18%]
tests/test_cq_cache.py::TestRunTestCacheIntegration::test_env_var_force_bypasses_cache PASSED [ 18%]
tests/test_cycle.py::TestTimestamp::test_timestamp_format PASSED         [ 18%]
tests/test_cycle.py::TestTimestamp::test_timestamp_short_format PASSED   [ 18%]
tests/test_cycle.py::TestStepMarker::test_step_marker_format PASSED      [ 18%]
tests/test_cycle.py::TestStatusBar::test_writes_state_file PASSED        [ 18%]
tests/test_cycle.py::TestStatusBar::test_empty_description PASSED        [ 18%]
tests/test_cycle.py::TestStatusBar::test_missing_role_dir_does_not_raise_9901 PASSED [ 18%]
tests/test_cycle.py::TestStatusBar::test_disk_failure_does_not_raise_9901 PASSED [ 18%]
tests/test_cycle.py::TestStatusBar::test_mkdir_failure_does_not_raise_9901 PASSED [ 18%]
tests/test_cycle.py::TestStatusBar::test_replace_failure_does_not_raise_9901 PASSED [ 18%]
tests/test_cycle.py::TestStatusBar::test_consolidation_cycle_pre_delegates_9901 PASSED [ 18%]
tests/test_cycle.py::TestStatusBar::test_consolidation_cycle_post_delegates_9901 PASSED [ 18%]
tests/test_cycle.py::TestStatusBarSelf::test_uses_squidsquad_role_env PASSED [ 18%]
tests/test_cycle.py::TestStatusBarSelf::test_routes_to_role_specific_dir PASSED [ 18%]
tests/test_cycle.py::TestStatusBarSelf::test_missing_env_exits_nonzero PASSED [ 18%]
tests/test_cycle.py::TestStatusBarSelf::test_empty_env_exits_nonzero PASSED [ 18%]
tests/test_cycle.py::TestStatusBarSelf::test_whitespace_env_exits_nonzero PASSED [ 18%]
tests/test_cycle.py::TestCounters::test_get_counter PASSED               [ 18%]
tests/test_cycle.py::TestCounters::test_get_counter_missing_file PASSED  [ 18%]
tests/test_cycle.py::TestCounters::test_set_counter PASSED               [ 18%]
tests/test_cycle.py::TestCounters::test_set_counter_upserts_when_field_absent PASSED [ 18%]
tests/test_cycle.py::TestCounters::test_inc_counter_upserts_when_field_absent PASSED [ 18%]
tests/test_cycle.py::TestCounters::test_inc_counter PASSED               [ 18%]
tests/test_cycle.py::TestCounters::test_inc_counter_single_output_line PASSED [ 18%]
tests/test_cycle.py::TestCounters::test_reset_counter PASSED             [ 18%]
tests/test_cycle.py::TestLogIteration::test_creates_log_file PASSED      [ 18%]
tests/test_cycle.py::TestLogIteration::test_new_param_names PASSED       [ 18%]
tests/test_cycle.py::TestCleanupIterations::test_keeps_recent_files PASSED [ 18%]
tests/test_cycle.py::TestCleanupIterations::test_no_removal_under_limit PASSED [ 18%]
tests/test_cycle.py::TestCleanupIterations::test_missing_dir_returns_zero PASSED [ 18%]
tests/test_cycle.py::TestLogIterationUsageMessage::test_error_message_matches_docstring PASSED [ 18%]
tests/test_cycle_post.py::TestValidateOutput::test_valid_minimal PASSED  [ 18%]
tests/test_cycle_post.py::TestValidateOutput::test_missing_required_fields PASSED [ 18%]
tests/test_cycle_post.py::TestValidateOutput::test_invalid_cycle_type PASSED [ 19%]
tests/test_cycle_post.py::TestValidateOutput::test_not_a_dict PASSED     [ 19%]
tests/test_cycle_post.py::TestValidateOutput::test_invalid_transition_structure PASSED [ 19%]
tests/test_cycle_post.py::TestValidateOutput::test_valid_with_transitions PASSED [ 19%]
tests/test_cycle_post.py::TestValidateOutputModeAgnostic::test_legacy_mode_gated_constants_removed PASSED [ 19%]
tests/test_cycle_post.py::TestValidateOutputModeAgnostic::test_polling_quiet_cycle_validates PASSED [ 19%]
tests/test_cycle_post.py::TestValidateOutputModeAgnostic::test_event_quiet_cycle_validates PASSED [ 19%]
tests/test_cycle_post.py::TestValidateOutputModeAgnostic::test_active_cycle_with_task_validates PASSED [ 19%]
tests/test_cycle_post.py::TestValidateOutputModeAgnostic::test_missing_cycle_number_still_fails PASSED [ 19%]
tests/test_cycle_post.py::TestValidateOutputModeAgnostic::test_task_never_required PASSED [ 19%]
tests/test_cycle_post.py::TestValidateOutputModeAgnostic::test_role_argument_does_not_change_required_fields PASSED [ 19%]
tests/test_cycle_post.py::TestAdvanceEventCursorRemoved::test_function_attribute_is_absent PASSED [ 19%]
tests/test_cycle_post.py::TestAdvanceEventCursorRemoved::test_source_contains_no_reference PASSED [ 19%]
tests/test_cycle_post.py::TestMissingOutput::test_missing_output_file PASSED [ 19%]
tests/test_cycle_post.py::TestMissingOutput::test_invalid_json PASSED    [ 19%]
tests/test_cycle_post.py::TestMissingOutput::test_schema_validation_fails PASSED [ 19%]
tests/test_cycle_post.py::TestStatusTransitions::test_calls_tracker_transition PASSED [ 19%]
tests/test_cycle_post.py::TestStatusTransitions::test_skips_invalid_transition PASSED [ 19%]
tests/test_cycle_post.py::TestIterationLog::test_creates_active_log PASSED [ 19%]
tests/test_cycle_post.py::TestIterationLog::test_creates_quiet_log PASSED [ 19%]
tests/test_cycle_post.py::TestRestartSentinelRemoved::test_function_attribute_is_absent PASSED [ 19%]
tests/test_cycle_post.py::TestRestartSentinelRemoved::test_source_contains_no_reference PASSED [ 19%]
tests/test_cycle_post.py::TestStatusBar::test_idle_after_cycle PASSED    [ 19%]
tests/test_cycle_post.py::TestStatusBar::test_atomic_write PASSED        [ 19%]
tests/test_cycle_post.py::TestCommitPushUsesWorkingBranch::test_skill_branch_workflow_uses_working_branch PASSED [ 19%]
tests/test_cycle_post.py::TestCommitPushUsesWorkingBranch::test_qa_uses_working_branch PASSED [ 19%]
tests/test_cycle_post.py::TestStopAfterCycleCheck::test_exits_on_context_pressure PASSED [ 19%]
tests/test_cycle_post.py::TestStopAfterCycleCheck::test_no_exit_below_threshold PASSED [ 19%]
tests/test_cycle_post.py::TestStopAfterCycleCheck::test_exits_on_harness_intent_stopping PASSED [ 19%]
tests/test_cycle_post.py::TestStopAfterCycleCheck::test_exits_on_harness_intent_restarting PASSED [ 19%]
tests/test_cycle_post.py::TestStopAfterCycleCheck::test_continues_on_harness_unreachable PASSED [ 19%]
tests/test_cycle_post.py::TestStopAfterCycleCheck::test_no_context_pressure_data PASSED [ 19%]
tests/test_cycle_post.py::TestContextPressureRestartRouting::test_context_pressure_exceeded_posts_restart PASSED [ 19%]
tests/test_cycle_post.py::TestContextPressureRestartRouting::test_context_pressure_post_failure_still_returns_true PASSED [ 19%]
tests/test_cycle_post.py::TestContextPressureRestartRouting::test_no_double_restart_when_intent_already_restarting PASSED [ 20%]
tests/test_cycle_post.py::TestContextPressureRestartRouting::test_context_pressure_not_exceeded_no_post PASSED [ 20%]
tests/test_cycle_post.py::TestPostHarnessRestart::test_post_returns_false_when_port_unavailable PASSED [ 20%]
tests/test_cycle_post.py::TestPostHarnessRestart::test_post_returns_true_on_success PASSED [ 20%]
tests/test_cycle_post.py::TestPostHarnessRestart::test_post_returns_false_on_network_error PASSED [ 20%]
tests/test_cycle_post.py::TestSelfRestartFragmentMentionsQuit::test_self_restart_md_mentions_quit_after_42 PASSED [ 20%]
tests/test_cycle_post.py::TestSelfRestartFragmentMentionsQuit::test_self_restart_md_mentions_force_kill_safety_net PASSED [ 20%]
tests/test_cycle_post.py::TestPortDiscovery::test_reads_port_from_harness_port_file PASSED [ 20%]
tests/test_cycle_post.py::TestPortDiscovery::test_falls_back_to_default_port PASSED [ 20%]
tests/test_cycle_post.py::TestPortDiscovery::test_handles_invalid_port_file PASSED [ 20%]
tests/test_cycle_post.py::TestSanitizeCommitMsg::test_fixed_hash_escaped PASSED [ 20%]
tests/test_cycle_post.py::TestSanitizeCommitMsg::test_fixes_hash_escaped PASSED [ 20%]
tests/test_cycle_post.py::TestSanitizeCommitMsg::test_closes_hash_escaped PASSED [ 20%]
tests/test_cycle_post.py::TestSanitizeCommitMsg::test_resolves_hash_escaped PASSED [ 20%]
tests/test_cycle_post.py::TestSanitizeCommitMsg::test_non_keyword_untouched PASSED [ 20%]
tests/test_cycle_post.py::TestSanitizeCommitMsg::test_multiple_refs_all_escaped PASSED [ 20%]
tests/test_cycle_post.py::TestSanitizeCommitMsg::test_empty_string PASSED [ 20%]
tests/test_cycle_post.py::TestSanitizeCommitMsg::test_no_issue_ref PASSED [ 20%]
tests/test_cycle_post.py::TestSanitizeCommitMsg::test_closes_in_pr_body_escaped PASSED [ 20%]
tests/test_cycle_post.py::TestDisposablePatterns::test_gen_script_matches PASSED [ 20%]
tests/test_cycle_post.py::TestDisposablePatterns::test_scratch_matches PASSED [ 20%]
tests/test_cycle_post.py::TestDisposablePatterns::test_normal_file_does_not_match PASSED [ 20%]
tests/test_cycle_post.py::TestDisposablePatterns::test_test_file_does_not_match PASSED [ 20%]
tests/test_cycle_post.py::TestVersionBumpChangelogSkip::test_skips_changelog_when_dm_present PASSED [ 20%]
tests/test_cycle_post.py::TestVersionBumpHappyPath::test_no_op_when_no_version_bump PASSED [ 20%]
tests/test_cycle_post.py::TestVersionBumpHappyPath::test_calls_config_set_version PASSED [ 20%]
tests/test_cycle_post.py::TestVersionBumpHappyPath::test_updates_skill_md_version PASSED [ 20%]
tests/test_cycle_post.py::TestVersionBumpHappyPath::test_staged_diff_guard_skips_empty_commit PASSED [ 20%]
tests/test_cycle_post.py::TestVersionBumpHappyPath::test_commit_tag_push_sequence PASSED [ 20%]
tests/test_cycle_post.py::TestVersionBumpHappyPath::test_skips_tag_when_already_exists PASSED [ 20%]
tests/test_cycle_post.py::TestVersionBumpHappyPath::test_resets_shipped_since_bump_counter PASSED [ 20%]
tests/test_cycle_post.py::TestVersionBumpHappyPath::test_stages_only_bump_files PASSED [ 20%]
tests/test_cycle_post.py::TestVersionBumpPushFailure::test_push_failure_skips_counter_reset PASSED [ 20%]
tests/test_cycle_post.py::TestVersionBumpPushFailure::test_push_tags_failure_skips_counter_reset PASSED [ 20%]
tests/test_cycle_post.py::TestVersionBumpPushFailure::test_commit_failure_skips_everything_downstream PASSED [ 21%]
tests/test_cycle_post.py::TestVersionBumpPushFailure::test_tag_list_failure_aborts_bump PASSED [ 21%]
tests/test_cycle_post.py::TestVersionBumpPushFailure::test_tag_create_failure_skips_push_and_counter PASSED [ 21%]
tests/test_cycle_post.py::TestOrphanedTagRecovery::test_recovers_when_local_has_tag_remote_does_not PASSED [ 21%]
tests/test_cycle_post.py::TestOrphanedTagRecovery::test_no_recovery_when_local_tag_missing PASSED [ 21%]
tests/test_cycle_post.py::TestOrphanedTagRecovery::test_no_recovery_when_remote_already_has_tag PASSED [ 21%]
tests/test_cycle_post.py::TestOrphanedTagRecovery::test_recovery_push_failure_skips_counter_reset PASSED [ 21%]
tests/test_cycle_post.py::TestOrphanedTagRecovery::test_ls_remote_failure_aborts_recovery_safely PASSED [ 21%]
tests/test_cycle_post.py::TestOrphanedTagRecovery::test_tag_l_failure_aborts_recovery_safely PASSED [ 21%]
tests/test_cycle_post.py::TestBranchPushFallback::test_pushes_branch_when_commit_code_fails PASSED [ 21%]
tests/test_cycle_post.py::TestBranchPushFallback::test_creates_pr_on_feature_branch PASSED [ 21%]
tests/test_cycle_post.py::TestVerifyRemoteBranch::test_resolves_role_placeholder PASSED [ 21%]
tests/test_cycle_post.py::TestVerifyRemoteBranch::test_no_wildcard_in_branch_name PASSED [ 21%]
tests/test_cycle_post.py::TestVerifyRemoteBranch::test_returns_none_on_network_failure PASSED [ 21%]
tests/test_cycle_post.py::TestDoTrackerComments::test_posts_valid_comments PASSED [ 21%]
tests/test_cycle_post.py::TestDoTrackerComments::test_empty_comments_list PASSED [ 21%]
tests/test_cycle_post.py::TestDoTrackerComments::test_missing_tracker_comments_key PASSED [ 21%]
tests/test_cycle_post.py::TestDoTrackerComments::test_skips_comment_without_number PASSED [ 21%]
tests/test_cycle_post.py::TestDoTrackerComments::test_skips_comment_without_message PASSED [ 21%]
tests/test_cycle_post.py::TestDoTrackerComments::test_continues_on_failure PASSED [ 21%]
tests/test_cycle_post.py::TestDoTrackerComments::test_role_suffix PASSED [ 21%]
tests/test_cycle_post.py::TestDoWorkingStateUpdate::test_writes_update_content PASSED [ 21%]
tests/test_cycle_post.py::TestDoWorkingStateUpdate::test_none_update_is_noop PASSED [ 21%]
tests/test_cycle_post.py::TestDoWorkingStateUpdate::test_missing_key_is_noop PASSED [ 21%]
tests/test_cycle_post.py::TestDoWorkingStateUpdate::test_empty_string_is_noop PASSED [ 21%]
tests/test_cycle_post.py::TestDoWorkingStateUpdate::test_overwrites_existing_file PASSED [ 21%]
tests/test_cycle_post.py::TestDoWorkingStateUpdate::test_creates_parent_directories PASSED [ 21%]
tests/test_cycle_post.py::TestStateCommitAfterCodeCommit::test_state_commit_runs_after_code_commit PASSED [ 21%]
tests/test_cycle_post.py::TestStateCommitAfterCodeCommit::test_state_commit_fallback_on_failure PASSED [ 21%]
tests/test_cycle_post.py::TestStateCommitAfterCodeCommit::test_worktree_state_commit_runs_at_end PASSED [ 21%]
tests/test_cycle_post.py::TestStateCommitAfterCodeCommit::test_worktree_state_commit_with_default_path PASSED [ 21%]
tests/test_cycle_post.py::TestTaskModeLog::test_task_mode_writes_task_log PASSED [ 21%]
tests/test_cycle_post.py::TestTaskModeLog::test_task_mode_atomic_write PASSED [ 21%]
tests/test_cycle_post.py::TestTaskModeLog::test_non_task_mode_unchanged PASSED [ 21%]
tests/test_cycle_post.py::TestTaskModeLog::test_filename_and_content_timestamp_match PASSED [ 21%]
tests/test_cycle_post.py::TestTaskModeLog::test_rejects_path_traversal_in_task_id PASSED [ 22%]
tests/test_cycle_post.py::TestTaskModeLog::test_retention_prunes_old_task_logs PASSED [ 22%]
tests/test_cycle_post.py::TestTaskModeLog::test_retention_keeps_other_tasks PASSED [ 22%]
tests/test_cycle_post.py::TestCommitPushDmArmPreCheckout::test_dm_arm_checks_out_working_branch_when_on_other_branch PASSED [ 22%]
tests/test_cycle_post.py::TestCommitPushDmArmPreCheckout::test_dm_arm_skips_checkout_when_already_on_working_branch PASSED [ 22%]
tests/test_cycle_post.py::TestWarnIfRoleFilesUncommitted::test_stranded_role_owned_file_emits_warning PASSED [ 22%]
tests/test_cycle_post.py::TestWarnIfRoleFilesUncommitted::test_clean_working_tree_is_silent PASSED [ 22%]
tests/test_cycle_post.py::TestWarnIfRoleFilesUncommitted::test_non_role_owned_modifications_are_silent PASSED [ 22%]
tests/test_d2_link_stage_references.py::test_subskill_instructions_body_is_filtered_from_v2_output PASSED [ 22%]
tests/test_d2_link_stage_references.py::test_subskill_filter_applies_only_to_instructions_slot PASSED [ 22%]
tests/test_d2_link_stage_references.py::test_collect_sources_for_validation_drops_sub_skill_instructions PASSED [ 22%]
tests/test_d2_link_stage_references.py::test_live_v2_inlined_markers_are_intentional_only[dm] PASSED [ 22%]
tests/test_d2_link_stage_references.py::test_live_v2_inlined_markers_are_intentional_only[pm] PASSED [ 22%]
tests/test_d2_link_stage_references.py::test_live_v2_inlined_markers_are_intentional_only[verifier] PASSED [ 22%]
tests/test_d2_link_stage_references.py::test_live_v2_inlined_markers_are_intentional_only[worker] PASSED [ 22%]
tests/test_d2_link_stage_references.py::test_live_v2_emits_sub_skill_references[dm] PASSED [ 22%]
tests/test_d2_link_stage_references.py::test_live_v2_emits_sub_skill_references[pm] PASSED [ 22%]
tests/test_d2_link_stage_references.py::test_live_v2_emits_sub_skill_references[verifier] PASSED [ 22%]
tests/test_d2_link_stage_references.py::test_live_v2_emits_sub_skill_references[worker] PASSED [ 22%]
tests/test_d2_link_stage_references.py::test_live_v2_boot_block_inlined_per_path_a PASSED [ 22%]
tests/test_diagnostics.py::TestLogEntry::test_creates_log_file PASSED    [ 22%]
tests/test_diagnostics.py::TestLogEntry::test_appends_to_existing PASSED [ 22%]
tests/test_diagnostics.py::TestLogEntry::test_json_context PASSED        [ 22%]
tests/test_diagnostics.py::TestLogEntry::test_non_json_context PASSED    [ 22%]
tests/test_diagnostics.py::TestReadEntries::test_reads_last_n PASSED     [ 22%]
tests/test_diagnostics.py::TestReadEntries::test_missing_file_returns_empty PASSED [ 22%]
tests/test_diagnostics.py::TestReadEntries::test_malformed_lines_skipped PASSED [ 22%]
tests/test_diagnostics.py::TestRotate::test_rotates_when_over_500 PASSED [ 22%]
tests/test_diagnostics.py::TestRotate::test_no_rotation_under_500 PASSED [ 22%]
tests/test_diagnostics.py::TestRotate::test_missing_file_no_error PASSED [ 22%]
tests/test_diagnostics.py::TestRotate::test_log_entry_rotates_before_write PASSED [ 22%]
tests/test_diagnostics.py::TestConcurrentLogEntry10523::test_no_writes_lost_under_thread_concurrency PASSED [ 22%]
tests/test_diagnostics.py::TestConcurrentLogEntry10523::test_rotate_under_concurrency_keeps_consistent_tail PASSED [ 22%]
tests/test_diagnostics.py::TestSanitizeConfig::test_redacts_repo_field PASSED [ 22%]
tests/test_diagnostics.py::TestSanitizeConfig::test_preserves_non_sensitive PASSED [ 23%]
tests/test_diagnostics.py::TestSanitizeConfig::test_redacts_plain_text_without_markdown_bold PASSED [ 23%]
tests/test_diagnostics.py::TestSanitizeConfig::test_redacts_token_without_bold PASSED [ 23%]
tests/test_diagnostics.py::TestSanitizeConfig::test_redacts_url_field PASSED [ 23%]
tests/test_diagnostics.py::TestSanitizeConfig::test_redacts_webhook_field PASSED [ 23%]
tests/test_diagnostics.py::TestSanitizeConfig::test_redacts_password_field PASSED [ 23%]
tests/test_diagnostics.py::TestIsPublicRepo::test_public_repo PASSED     [ 23%]
tests/test_diagnostics.py::TestIsPublicRepo::test_private_repo PASSED    [ 23%]
tests/test_diagnostics.py::TestIsPublicRepo::test_missing_field_defaults_private PASSED [ 23%]
tests/test_diagnostics.py::TestIsPublicRepo::test_gh_command_fails PASSED [ 23%]
tests/test_diagnostics.py::TestIsPublicRepo::test_invalid_json_response PASSED [ 23%]
tests/test_diagnostics.py::TestGenerateReport::test_report_contains_version PASSED [ 23%]
tests/test_diagnostics.py::TestGenerateReport::test_report_with_diagnostics_entries PASSED [ 23%]
tests/test_diagnostics.py::TestGenerateReport::test_report_no_log_file PASSED [ 23%]
tests/test_diagnostics.py::TestGenerateReport::test_report_version_unknown_on_error PASSED [ 23%]
tests/test_diagnostics.py::TestGenerateReport::test_report_skips_malformed_log_lines PASSED [ 23%]
tests/test_diagnostics.py::TestRedactEntry::test_redacts_sensitive_context_key PASSED [ 23%]
tests/test_diagnostics.py::TestRedactEntry::test_redacts_nested_dict PASSED [ 23%]
tests/test_diagnostics.py::TestRedactEntry::test_recurses_through_lists PASSED [ 23%]
tests/test_diagnostics.py::TestRedactEntry::test_non_matching_top_level_keys_pass_through PASSED [ 23%]
tests/test_diagnostics.py::TestRedactEntry::test_does_not_mutate_input PASSED [ 23%]
tests/test_diagnostics.py::TestRedactEntry::test_redacts_non_json_raw_fallback PASSED [ 23%]
tests/test_diagnostics.py::TestRedactEntry::test_generate_report_redacts_non_json_context_end_to_end PASSED [ 23%]
tests/test_diagnostics.py::TestRedactEntry::test_generate_report_redacts_diagnostic_context PASSED [ 23%]
tests/test_diagnostics.py::TestLastFlagValidation::test_non_integer_last_exits_with_error PASSED [ 23%]
tests/test_event_bus.py::TestEmit::test_emits_event_to_harness PASSED    [ 23%]
tests/test_event_bus.py::TestEmit::test_silent_noop_when_port_file_missing PASSED [ 23%]
tests/test_event_bus.py::TestEmit::test_silent_noop_when_harness_down PASSED [ 23%]
tests/test_event_bus.py::TestEmit::test_timeout_respected PASSED         [ 23%]
tests/test_event_bus.py::TestEmit::test_payload_defaults_to_empty_dict PASSED [ 23%]
tests/test_event_bus.py::TestEmit::test_cycle_number_optional PASSED     [ 23%]
tests/test_event_bus.py::TestDiscoverPort::test_reads_direct_port_file PASSED [ 23%]
tests/test_event_bus.py::TestDiscoverPort::test_returns_none_when_no_port_file PASSED [ 23%]
tests/test_event_bus.py::TestDiscoverPort::test_handles_invalid_port_file PASSED [ 23%]
tests/test_event_bus.py::TestDiscoverPort::test_runtime_squidsquad_dir_env_change_honored_10516 PASSED [ 24%]
tests/test_event_bus.py::TestGenerateId::test_produces_16_char_hex PASSED [ 24%]
tests/test_event_bus.py::TestGenerateId::test_same_inputs_produce_distinct_ids PASSED [ 24%]
tests/test_event_bus.py::TestGenerateId::test_different_inputs_different_ids PASSED [ 24%]
tests/test_event_bus.py::TestEmitEventIdWidth9415::test_harness_emit_event_produces_16_char_hex PASSED [ 24%]
tests/test_event_bus.py::TestAckCursor::test_emits_ack_cursor_with_payload PASSED [ 24%]
tests/test_event_bus.py::TestAckCursor::test_noop_on_empty_event_id PASSED [ 24%]
tests/test_event_bus.py::TestAckCursor::test_noop_on_empty_role PASSED   [ 24%]
tests/test_event_bus.py::TestAckCursor::test_silent_on_transport_failure PASSED [ 24%]
tests/test_event_bus.py::TestAckStop::test_emits_ack_stop_with_payload PASSED [ 24%]
tests/test_event_bus.py::TestAckStop::test_noop_on_empty_event_id PASSED [ 24%]
tests/test_event_bus.py::TestAckStop::test_noop_on_empty_result PASSED   [ 24%]
tests/test_event_bus.py::TestAckStop::test_noop_when_role_env_unset PASSED [ 24%]
tests/test_event_bus.py::TestAckStop::test_explicit_role_param_overrides_env_9902 PASSED [ 24%]
tests/test_event_bus.py::TestAckStop::test_emits_when_env_unset_but_role_passed_9902 PASSED [ 24%]
tests/test_event_bus.py::TestNoUnusedImports::test_event_bus_no_unused_sys PASSED [ 24%]
tests/test_event_bus.py::TestNoUnusedImports::test_event_bus_reader_no_unused_sys PASSED [ 24%]
tests/test_event_bus_reader.py::TestDiscoverPort::test_reads_from_harness_port_file PASSED [ 24%]
tests/test_event_bus_reader.py::TestDiscoverPort::test_returns_none_when_no_file PASSED [ 24%]
tests/test_event_bus_reader.py::TestDiscoverPort::test_handles_invalid_port_file PASSED [ 24%]
tests/test_event_bus_reader.py::TestQuery::test_returns_empty_when_no_port PASSED [ 24%]
tests/test_event_bus_reader.py::TestQuery::test_returns_events_on_success PASSED [ 24%]
tests/test_event_bus_reader.py::TestQuery::test_returns_empty_on_timeout PASSED [ 24%]
tests/test_event_bus_reader.py::TestQuery::test_returns_empty_on_connection_refused PASSED [ 24%]
tests/test_event_bus_reader.py::TestQuery::test_passes_since_param PASSED [ 24%]
tests/test_event_bus_reader.py::TestQuery::test_skips_since_when_none PASSED [ 24%]
tests/test_event_bus_reader.py::TestQuery::test_skips_since_when_value_is_none_string PASSED [ 24%]
tests/test_event_bus_reader.py::TestQueryEvictionHandling::test_evicted_response_returns_empty_list PASSED [ 24%]
tests/test_event_bus_reader.py::TestQueryEvictionHandling::test_evicted_response_emits_stderr_breadcrumb PASSED [ 24%]
tests/test_event_bus_reader.py::TestQueryEvictionHandling::test_non_evicted_response_returns_events PASSED [ 24%]
tests/test_event_bus_reader.py::TestQueryEvictionHandling::test_evicted_false_explicit_returns_events PASSED [ 24%]
tests/test_event_bus_reader.py::TestEventStreamGetSince::test_returns_events_after_id PASSED [ 24%]
tests/test_event_bus_reader.py::TestEventStreamGetSince::test_returns_all_when_since_is_none PASSED [ 24%]
tests/test_event_bus_reader.py::TestEventStreamGetSince::test_returns_all_when_id_not_found PASSED [ 24%]
tests/test_event_bus_reader.py::TestEventStreamGetSince::test_respects_limit PASSED [ 24%]
tests/test_event_bus_reader.py::TestEventStreamGetSince::test_empty_after_last_event PASSED [ 25%]
tests/test_event_catalog.py::TestTierClassification::test_emitted_events_are_emitted_tier PASSED [ 25%]
tests/test_event_catalog.py::TestTierClassification::test_recognized_events_are_recognized_tier PASSED [ 25%]
tests/test_event_catalog.py::TestTierClassification::test_unknown_event_is_unknown_tier PASSED [ 25%]
tests/test_event_catalog.py::TestTierClassification::test_is_valid_for_emitted PASSED [ 25%]
tests/test_event_catalog.py::TestTierClassification::test_is_valid_for_recognized PASSED [ 25%]
tests/test_event_catalog.py::TestTierClassification::test_is_valid_for_unknown PASSED [ 25%]
tests/test_event_catalog.py::TestCatalogCompleteness::test_emitted_tier_contains_core_events PASSED [ 25%]
tests/test_event_catalog.py::TestCatalogCompleteness::test_recognized_tier_contains_core_events PASSED [ 25%]
tests/test_event_catalog.py::TestCatalogCompleteness::test_emitted_tier_is_non_empty PASSED [ 25%]
tests/test_event_catalog.py::TestCatalogCompleteness::test_recognized_tier_is_non_empty PASSED [ 25%]
tests/test_event_catalog.py::TestCatalogCompleteness::test_all_event_types_is_union PASSED [ 25%]
tests/test_event_catalog.py::TestCatalogCompleteness::test_no_overlap_between_tiers PASSED [ 25%]
tests/test_event_catalog.py::TestDescriptions::test_emitted_event_has_description PASSED [ 25%]
tests/test_event_catalog.py::TestDescriptions::test_recognized_event_has_description PASSED [ 25%]
tests/test_event_catalog.py::TestDescriptions::test_unknown_event_returns_none PASSED [ 25%]
tests/test_event_catalog.py::TestDescriptions::test_all_emitted_have_descriptions PASSED [ 25%]
tests/test_event_catalog.py::TestDescriptions::test_all_recognized_have_descriptions PASSED [ 25%]
tests/test_event_catalog.py::TestListByTier::test_list_emitted_only PASSED [ 25%]
tests/test_event_catalog.py::TestListByTier::test_list_recognized_only PASSED [ 25%]
tests/test_event_catalog.py::TestListByTier::test_list_all PASSED        [ 25%]
tests/test_event_catalog.py::TestAckEventTypes9873A::test_ac5_ack_cursor_in_emitted PASSED [ 25%]
tests/test_event_catalog.py::TestAckEventTypes9873A::test_ac6_ack_stop_in_emitted PASSED [ 25%]
tests/test_event_catalog.py::TestAckEventTypes9873A::test_ac6_old_ack_entry_removed PASSED [ 25%]
tests/test_event_catalog.py::TestAckEventTypes9873A::test_both_classified_as_emitted PASSED [ 25%]
tests/test_event_config.py::TestGetEventReactions::test_parses_valid_section PASSED [ 25%]
tests/test_event_config.py::TestGetEventReactions::test_missing_section_returns_empty PASSED [ 25%]
tests/test_event_config.py::TestGetEventReactions::test_empty_section_returns_empty PASSED [ 25%]
tests/test_event_config.py::TestGetEventReactions::test_malformed_lines_skipped PASSED [ 25%]
tests/test_event_config.py::TestGetEventReactions::test_empty_emits_list PASSED [ 25%]
tests/test_event_config.py::TestGetEventFiltersForRole::test_returns_set_for_configured_role PASSED [ 25%]
tests/test_event_config.py::TestGetEventFiltersForRole::test_returns_none_for_missing_section PASSED [ 25%]
tests/test_event_config.py::TestGetEventFiltersForRole::test_returns_none_for_missing_role PASSED [ 25%]
tests/test_event_config.py::TestGetEventFiltersForRole::test_returns_none_for_empty_reacts_to PASSED [ 25%]
tests/test_event_config.py::TestGracefulDegradation::test_absent_section_returns_empty PASSED [ 26%]
tests/test_event_config.py::TestGracefulDegradation::test_none_text_reads_from_disk PASSED [ 26%]
tests/test_event_config.py::TestGracefulDegradation::test_garbage_section_returns_partial PASSED [ 26%]
tests/test_event_derivation.py::TestDeriveEventContract::test_valid_json_response PASSED [ 26%]
tests/test_event_derivation.py::TestDeriveEventContract::test_filters_hallucinated_events PASSED [ 26%]
tests/test_event_derivation.py::TestDeriveEventContract::test_malformed_json_returns_none PASSED [ 26%]
tests/test_event_derivation.py::TestDeriveEventContract::test_empty_response_returns_none PASSED [ 26%]
tests/test_event_derivation.py::TestDeriveEventContract::test_nonzero_exit_returns_none PASSED [ 26%]
tests/test_event_derivation.py::TestDeriveEventContract::test_strips_markdown_fences PASSED [ 26%]
tests/test_event_derivation.py::TestDeriveEventContract::test_non_dict_response_returns_none PASSED [ 26%]
tests/test_event_derivation.py::TestDeriveEventContract::test_non_list_fields_returns_none PASSED [ 26%]
tests/test_event_derivation.py::TestDeriveEventContract::test_timeout_returns_none PASSED [ 26%]
tests/test_event_derivation.py::TestDeriveEventContract::test_claude_not_found_returns_none PASSED [ 26%]
tests/test_event_derivation.py::TestDeriveEventContract::test_recognized_events_accepted PASSED [ 26%]
tests/test_event_derivation.py::TestDeriveEventContract::test_idempotency_sorted_output PASSED [ 26%]
tests/test_event_poll.py::TestNudgeEmission::test_event_poll_emits_nudge_not_json PASSED [ 26%]
tests/test_event_poll.py::TestNudgeEmission::test_event_poll_one_nudge_per_batch_regardless_of_count PASSED [ 26%]
tests/test_event_poll.py::TestNudgeEmission::test_event_poll_empty_response_yields_no_nudge PASSED [ 26%]
tests/test_event_poll.py::TestNudgeEmission::test_nudge_is_flushed PASSED [ 26%]
tests/test_event_poll.py::TestEventPollDoesNotTouchCursor::test_no_cursor_write_helpers_remain PASSED [ 26%]
tests/test_event_poll.py::TestEventPollDoesNotTouchCursor::test_poll_does_not_write_working_state PASSED [ 26%]
tests/test_event_poll.py::TestEventPollDoesNotTouchCursor::test_poll_makes_no_post_requests PASSED [ 26%]
tests/test_event_poll.py::TestHighWaterMark::test_next_since_is_newest_event_id PASSED [ 26%]
tests/test_event_poll.py::TestHighWaterMark::test_next_since_unchanged_when_no_events PASSED [ 26%]
tests/test_event_poll.py::TestHighWaterMark::test_newest_id_skips_idless_trailing_events PASSED [ 26%]
tests/test_event_poll.py::TestHighWaterMark::test_newest_id_empty_when_no_anchorable_id PASSED [ 26%]
tests/test_event_poll.py::TestHighWaterMark::test_newest_id_rejects_empty_and_none_ids PASSED [ 26%]
tests/test_event_poll.py::TestHighWaterMark::test_wait_loop_advances_since_across_iterations PASSED [ 26%]
tests/test_event_poll.py::TestEviction::test_eviction_empty_batch_still_nudges PASSED [ 26%]
tests/test_event_poll.py::TestEviction::test_eviction_with_survivors_anchors_on_newest PASSED [ 26%]
tests/test_event_poll.py::TestEviction::test_eviction_empty_no_anchor_is_fatal PASSED [ 26%]
tests/test_event_poll.py::TestRetryAndBackoff::test_event_poll_backoff_doubles_until_cap PASSED [ 26%]
tests/test_event_poll.py::TestRetryAndBackoff::test_event_poll_backoff_resets_on_success PASSED [ 26%]
tests/test_event_poll.py::TestRetryAndBackoff::test_event_poll_retries_on_5xx PASSED [ 26%]
tests/test_event_poll.py::TestRetryAndBackoff::test_event_poll_retries_on_timeout PASSED [ 27%]
tests/test_event_poll.py::TestRetryAndBackoff::test_event_poll_does_not_retry_on_4xx PASSED [ 27%]
tests/test_event_poll.py::TestRetryAndBackoff::test_wait_ceiling_returns_none_after_max_failures PASSED [ 27%]
tests/test_event_poll.py::TestTimeoutHandling::test_event_poll_wait_flag_translates_to_http_timeout PASSED [ 27%]
tests/test_event_poll.py::TestTimeoutHandling::test_event_poll_default_http_timeout_is_two_seconds PASSED [ 27%]
tests/test_event_poll.py::TestSinceSeeding::test_since_arg_seeds_first_poll PASSED [ 27%]
tests/test_event_poll.py::TestSinceSeeding::test_no_since_param_when_unset PASSED [ 27%]
tests/test_event_poll.py::TestUrlBuilding::test_build_url_default_mode_includes_role_filter PASSED [ 27%]
tests/test_event_poll.py::TestUrlBuilding::test_build_url_target_mode_uses_for_endpoint PASSED [ 27%]
tests/test_event_poll.py::TestUrlBuilding::test_build_url_omits_since_when_empty PASSED [ 27%]
tests/test_event_poll.py::TestHarnessUnreachable::test_poll_returns_none_when_port_file_missing PASSED [ 27%]
tests/test_event_poll.py::TestMalformedHarnessPayload::test_non_dict_event_skipped_but_batch_still_nudges PASSED [ 27%]
tests/test_event_poll.py::TestMalformedHarnessPayload::test_events_field_not_a_list_is_fatal PASSED [ 27%]
tests/test_event_poll.py::TestMalformedHarnessPayload::test_payload_not_dict_is_fatal PASSED [ 27%]
tests/test_event_poll.py::TestMidBodyConnectionDrop::test_incomplete_read_is_retryable PASSED [ 27%]
tests/test_event_poll.py::TestWaitValidation::test_main_rejects_zero_wait PASSED [ 27%]
tests/test_event_poll.py::TestWaitValidation::test_main_rejects_negative_wait PASSED [ 27%]
tests/test_event_poll.py::TestSingleShotExitCodes::test_single_shot_exit_zero_when_events PASSED [ 27%]
tests/test_event_poll.py::TestSingleShotExitCodes::test_single_shot_exit_one_when_empty PASSED [ 27%]
tests/test_event_poll.py::TestSingleShotExitCodes::test_single_shot_exit_two_on_fatal PASSED [ 27%]
tests/test_event_validator.py::TestHallucinatedEvents::test_valid_events_pass PASSED [ 27%]
tests/test_event_validator.py::TestHallucinatedEvents::test_unknown_emit_is_error PASSED [ 27%]
tests/test_event_validator.py::TestHallucinatedEvents::test_unknown_react_is_error PASSED [ 27%]
tests/test_event_validator.py::TestHallucinatedEvents::test_recognized_events_pass PASSED [ 27%]
tests/test_event_validator.py::TestHallucinatedEvents::test_no_raw_event_names_in_output PASSED [ 27%]
tests/test_event_validator.py::TestMissingConsumers::test_reacting_to_emitted_event_passes PASSED [ 27%]
tests/test_event_validator.py::TestMissingConsumers::test_reacting_to_recognized_event_passes PASSED [ 27%]
tests/test_event_validator.py::TestMissingConsumers::test_reacting_to_infrastructure_event_passes PASSED [ 27%]
tests/test_event_validator.py::TestOrphanedEmits::test_consumed_emit_passes PASSED [ 27%]
tests/test_event_validator.py::TestOrphanedEmits::test_unconsumed_emit_is_warning PASSED [ 27%]
tests/test_event_validator.py::TestReactionCycles::test_no_cycle_passes PASSED [ 27%]
tests/test_event_validator.py::TestReactionCycles::test_infrastructure_event_cycle_is_warning PASSED [ 27%]
tests/test_event_validator.py::TestReactionCycles::test_non_infrastructure_cycle_is_error PASSED [ 27%]
tests/test_event_validator.py::TestReactionCycles::test_single_role_no_cycle PASSED [ 27%]
tests/test_event_validator.py::TestValidateIntegration::test_empty_reactions_passes PASSED [ 27%]
tests/test_event_validator.py::TestValidateIntegration::test_valid_config_passes PASSED [ 28%]
tests/test_event_validator.py::TestValidateIntegration::test_hallucinated_config_has_errors PASSED [ 28%]
tests/test_eviction_signal.py::TestGetSinceWithEvictionMarker::test_cursor_at_head_returns_empty_no_marker PASSED [ 28%]
tests/test_eviction_signal.py::TestGetSinceWithEvictionMarker::test_cursor_evicted_returns_marker_with_oldest_id PASSED [ 28%]
tests/test_eviction_signal.py::TestGetSinceWithEvictionMarker::test_cursor_in_deque_returns_no_marker PASSED [ 28%]
tests/test_eviction_signal.py::TestGetSinceWithEvictionMarker::test_cursor_in_deque_returns_oldest_first_when_truncated PASSED [ 28%]
tests/test_eviction_signal.py::TestGetSinceWithEvictionMarker::test_empty_deque_with_evicted_cursor_has_none_oldest_id PASSED [ 28%]
tests/test_eviction_signal.py::TestGetSinceWithEvictionMarker::test_evicted_events_returned_oldest_first PASSED [ 28%]
tests/test_eviction_signal.py::TestGetSinceWithEvictionMarker::test_legacy_get_since_wrapper_drops_marker PASSED [ 28%]
tests/test_eviction_signal.py::TestGetSinceWithEvictionMarker::test_no_cursor_returns_no_marker PASSED [ 28%]
tests/test_eviction_signal.py::TestGetSinceWithEvictionMarker::test_total_emitted_count_increments_on_append PASSED [ 28%]
tests/test_eviction_signal.py::TestEventPollEvictionWarning::test_eviction_diagnostic_matches_locked_format PASSED [ 28%]
tests/test_eviction_signal.py::TestEventPollEvictionWarning::test_eviction_empty_no_anchor_is_fatal PASSED [ 28%]
tests/test_eviction_signal.py::TestEventPollEvictionWarning::test_eviction_hwm_advances_to_oldest_id_when_filter_drops_all PASSED [ 28%]
tests/test_eviction_signal.py::TestEventPollEvictionWarning::test_eviction_with_survivors_hwm_anchors_on_newest PASSED [ 28%]
tests/test_eviction_signal.py::TestEventPollEvictionWarning::test_no_diagnostic_when_evicted_explicitly_false PASSED [ 28%]
tests/test_eviction_signal.py::TestEventPollEvictionWarning::test_no_diagnostic_when_payload_lacks_evicted_flag PASSED [ 28%]
tests/test_feat_10348_verifier.py::test_tc_01_system_exit_returns_default PASSED [ 28%]
tests/test_feat_10348_verifier.py::test_tc_02_live_no_exit_1_on_missing_interval PASSED [ 28%]
tests/test_feat_10348_verifier.py::test_tc_03_value_error_still_returns_default PASSED [ 28%]
tests/test_feat_10348_verifier.py::test_tc_04_keyboard_interrupt_propagates PASSED [ 28%]
tests/test_feat_10348_verifier.py::test_tc_05_dead_imports_dropped PASSED [ 28%]
tests/test_feat_10348_verifier.py::test_tc_06_worker_regression_suite_passes PASSED [ 28%]
tests/test_feat_10681_compose_checksum.py::TestLastComposeChecksumDefault::test_initial_checksum_is_none PASSED [ 28%]
tests/test_feat_10681_compose_checksum.py::TestLastComposeChecksumPersistence::test_load_explicit_null_yields_none PASSED [ 28%]
tests/test_feat_10681_compose_checksum.py::TestLastComposeChecksumPersistence::test_load_missing_field_yields_none PASSED [ 28%]
tests/test_feat_10681_compose_checksum.py::TestLastComposeChecksumPersistence::test_save_emits_field_in_state_file PASSED [ 28%]
tests/test_feat_10681_compose_checksum.py::TestLastComposeChecksumPersistence::test_save_emits_null_when_unset PASSED [ 28%]
tests/test_feat_10681_compose_checksum.py::TestLastComposeChecksumPersistence::test_save_overwrites_previous_checksum PASSED [ 28%]
tests/test_feat_10681_compose_checksum.py::TestLastComposeChecksumPersistence::test_save_then_load_round_trip PASSED [ 28%]
tests/test_feat_10681_compose_checksum.py::TestLastComposeChecksumAtomicWrite::test_save_uses_tmp_then_rename PASSED [ 28%]
tests/test_feat_10681_compose_checksum.py::TestLastComposeChecksumAtomicWrite::test_simulated_crash_mid_write_preserves_prior_state PASSED [ 28%]
tests/test_feat_10681_compose_checksum.py::TestLastComposeChecksumLocking::test_get_uses_self_lock PASSED [ 28%]
tests/test_feat_10681_compose_checksum.py::TestLastComposeChecksumLocking::test_set_uses_self_lock PASSED [ 28%]
tests/test_feat_1074_auto_merge.py::TestPrMergeSquashStrategy::test_merge_squash_default PASSED [ 29%]
tests/test_feat_1074_auto_merge.py::TestPrMergeSquashStrategy::test_merge_rebase_strategy PASSED [ 29%]
tests/test_feat_1074_auto_merge.py::TestPrMergeAlreadyMerged::test_already_merged_returns_success PASSED [ 29%]
tests/test_feat_1074_auto_merge.py::TestPrMergeClosedPr::test_closed_pr_returns_failure PASSED [ 29%]
tests/test_feat_1074_auto_merge.py::TestPrMergConflict::test_merge_conflict_detected PASSED [ 29%]
tests/test_feat_1074_auto_merge.py::TestPrMergeIssueExtraction::test_extracts_issue_from_squidsquad_branch PASSED [ 29%]
tests/test_feat_1075_vault_candidates.py::TestTaskIntakeTemplate::test_vault_candidates_section_in_template PASSED [ 29%]
tests/test_feat_1075_vault_candidates.py::TestTaskIntakeTemplate::test_vault_candidates_after_recommendation PASSED [ 29%]
tests/test_feat_1075_vault_candidates.py::TestTaskIntakeTemplate::test_research_agent_instructed_to_find_candidates PASSED [ 29%]
tests/test_feat_1075_vault_candidates.py::TestTaskIntakeTemplate::test_candidate_format_has_type PASSED [ 29%]
tests/test_feat_1075_vault_candidates.py::TestTaskIntakeTemplate::test_candidate_cap PASSED [ 29%]
tests/test_feat_1075_vault_candidates.py::TestResearchPromptTemplate::test_vault_candidates_section_in_prompt PASSED [ 29%]
tests/test_feat_1075_vault_candidates.py::TestResearchPromptTemplate::test_prompt_instructs_vault_discovery PASSED [ 29%]
tests/test_feat_1075_vault_candidates.py::TestResearchPromptTemplate::test_prompt_has_candidate_cap PASSED [ 29%]
tests/test_feat_1210_is_quiet.py::TestIsQuietNoIterations::test_no_iterations_dir_is_quiet PASSED [ 29%]
tests/test_feat_1210_is_quiet.py::TestIsQuietNoIterations::test_no_iterations_dir_prints_quiet PASSED [ 29%]
tests/test_feat_1210_is_quiet.py::TestIsQuietWithIterations::test_active_cycle_is_non_quiet PASSED [ 29%]
tests/test_feat_1210_is_quiet.py::TestIsQuietWithIterations::test_quiet_cycle_is_quiet PASSED [ 29%]
tests/test_feat_1210_is_quiet.py::TestIsQuietWithIterations::test_old_log_outside_window_is_quiet PASSED [ 29%]
tests/test_feat_1210_is_quiet.py::TestIsQuietWithIterations::test_most_recent_file_wins PASSED [ 29%]
tests/test_feat_1210_is_quiet.py::TestIsQuietWithIterations::test_default_interval_when_config_missing PASSED [ 29%]
tests/test_feat_1228_pipeline_sentinel.py::TestPipelineSentinelExists::test_file_exists PASSED [ 29%]
tests/test_feat_1228_pipeline_sentinel.py::TestPrConflictDetection::test_conflict_detection_section PASSED [ 29%]
tests/test_feat_1228_pipeline_sentinel.py::TestPrConflictDetection::test_conflict_transitions_back PASSED [ 29%]
tests/test_feat_1228_pipeline_sentinel.py::TestStallDetection::test_stall_detection_section PASSED [ 29%]
tests/test_feat_1228_pipeline_sentinel.py::TestStallDetection::test_stall_nudge_limits PASSED [ 29%]
tests/test_feat_1228_pipeline_sentinel.py::TestPrStatusSync::test_pr_status_sync_section PASSED [ 29%]
tests/test_feat_1228_pipeline_sentinel.py::TestPrStatusSync::test_merged_pr_updates_status PASSED [ 29%]
tests/test_feat_1228_pipeline_sentinel.py::TestPrStatusSync::test_closed_pr_updates_status PASSED [ 29%]
tests/test_feat_1228_pipeline_sentinel.py::TestStuckStateDetection::test_orphaned_pr_check PASSED [ 29%]
tests/test_feat_1228_pipeline_sentinel.py::TestStuckStateDetection::test_shipped_without_merge_check PASSED [ 29%]
tests/test_feat_1228_pipeline_sentinel.py::TestStuckStateDetection::test_approved_no_pickup_check PASSED [ 29%]
tests/test_feat_1228_pipeline_sentinel.py::TestStuckStateDetection::test_dead_agent_check PASSED [ 29%]
tests/test_feat_1228_pipeline_sentinel.py::TestStuckStateDetection::test_tier_system PASSED [ 29%]
tests/test_feat_1229_triage_json.py::TestTriageJsonMalformed::test_malformed_issue_list_returns_empty PASSED [ 29%]
tests/test_feat_1229_triage_json.py::TestTriageJsonMalformed::test_empty_string_returns_empty PASSED [ 30%]
tests/test_feat_1229_triage_json.py::TestTriageJsonMalformed::test_malformed_issue_detail_skips_item PASSED [ 30%]
tests/test_feat_1229_triage_json.py::TestTriageJsonMalformed::test_valid_json_processes_normally PASSED [ 30%]
tests/test_feat_1229_triage_json.py::TestTriageJsonMalformed::test_gh_cli_raises_runtime_error PASSED [ 30%]
tests/test_feat_1229_triage_json.py::TestTriageJsonMalformed::test_html_response_doesnt_crash PASSED [ 30%]
tests/test_feat_1229_triage_json.py::TestTriageJsonMalformed::test_partial_json_doesnt_crash PASSED [ 30%]
tests/test_feat_1229_triage_json.py::TestParseCommentRole::test_simple_role PASSED [ 30%]
tests/test_feat_1229_triage_json.py::TestParseCommentRole::test_role_with_alias PASSED [ 30%]
tests/test_feat_1229_triage_json.py::TestParseCommentRole::test_lead_suffix_stripped PASSED [ 30%]
tests/test_feat_1229_triage_json.py::TestParseCommentRole::test_no_role_prefix PASSED [ 30%]
tests/test_feat_1328_blocked_skip.py::TestPMVerificationBlockedCheck::test_pm_does_not_verify_directly PASSED [ 30%]
tests/test_feat_1328_blocked_skip.py::TestPMVerificationBlockedCheck::test_pm_has_no_verification_steps PASSED [ 30%]
tests/test_feat_1328_blocked_skip.py::TestShipCounterOwnership::test_qa_owns_ship_counter PASSED [ 30%]
tests/test_feat_1328_blocked_skip.py::TestShipCounterOwnership::test_pm_does_not_own_ship_counter PASSED [ 30%]
tests/test_feat_1328_blocked_skip.py::TestQAVerificationBlockedCheck::test_step4_has_blocked_check PASSED [ 30%]
tests/test_feat_1328_blocked_skip.py::TestQAVerificationBlockedCheck::test_step5_has_blocked_check PASSED [ 30%]
tests/test_feat_1328_blocked_skip.py::TestQAVerificationBlockedCheck::test_no_status_transition_for_blocked PASSED [ 30%]
tests/test_feat_1363_label_sync.py::TestPrLabelSyncExists::test_pr_status_sync_section_present PASSED [ 30%]
tests/test_feat_1363_label_sync.py::TestPrLabelSyncExists::test_section_under_sentinel PASSED [ 30%]
tests/test_feat_1363_label_sync.py::TestMergedPrSync::test_merged_pr_triggers_pending_ship PASSED [ 30%]
tests/test_feat_1363_label_sync.py::TestMergedPrSync::test_merged_pr_adds_comment PASSED [ 30%]
tests/test_feat_1363_label_sync.py::TestClosedPrSync::test_closed_pr_triggers_in_progress PASSED [ 30%]
tests/test_feat_1363_label_sync.py::TestClosedPrSync::test_closed_pr_adds_comment PASSED [ 30%]
tests/test_feat_1363_label_sync.py::TestSyncDataSource::test_reuses_conflict_check_query PASSED [ 30%]
tests/test_feat_1397_draft_pr.py::TestPrCreateDraftFlag::test_gh_cli_uses_draft_flag PASSED [ 30%]
tests/test_feat_1397_draft_pr.py::TestPrCreateDraftFlag::test_gh_cli_passes_title_and_body PASSED [ 30%]
tests/test_feat_1397_draft_pr.py::TestPrCreateDraftFlag::test_returns_pr_url_on_success PASSED [ 30%]
tests/test_feat_1397_draft_pr.py::TestPrCreateDraftFlag::test_returns_none_on_failure PASSED [ 30%]
tests/test_feat_1397_draft_pr.py::TestPrCreateForgeAdapter::test_forge_adapter_draft_flag PASSED [ 30%]
tests/test_feat_1397_draft_pr.py::TestPrCreateDocstring::test_docstring_mentions_draft PASSED [ 30%]
tests/test_feat_1496_shared_fs_fallback.py::TestSharedFsFallback::test_missing_local_config_exits_not_fallback PASSED [ 30%]
tests/test_feat_1496_shared_fs_fallback.py::TestSharedFsFallback::test_parses_absolute_paths_from_local_config PASSED [ 30%]
tests/test_feat_1496_shared_fs_fallback.py::TestSharedFsFallback::test_empty_local_config_exits PASSED [ 30%]
tests/test_feat_1496_shared_fs_fallback.py::TestSharedFsFallback::test_relative_paths_resolve_against_repo_root PASSED [ 30%]
tests/test_feat_1496_shared_fs_fallback.py::TestSharedFsFallback::test_missing_local_config_exits_even_with_clones PASSED [ 31%]
tests/test_feat_1496_shared_fs_fallback.py::TestSharedFsFallback::test_no_config_exits PASSED [ 31%]
tests/test_feat_1496_shared_fs_fallback.py::TestSharedFsFallback::test_get_clone_path_falls_back_to_repo_root PASSED [ 31%]
tests/test_feat_1500_create_pr_draft.py::TestForgejoCreatePrDraft::test_draft_true_in_payload PASSED [ 31%]
tests/test_feat_1500_create_pr_draft.py::TestForgejoCreatePrDraft::test_draft_false_in_payload PASSED [ 31%]
tests/test_feat_1500_create_pr_draft.py::TestForgejoCreatePrDraft::test_draft_default_is_true PASSED [ 31%]
tests/test_feat_1500_create_pr_draft.py::TestForgejoCreatePrDraft::test_base_branch_in_payload PASSED [ 31%]
tests/test_feat_1500_create_pr_draft.py::TestForgejoCreatePrDraft::test_api_failure_returns_none PASSED [ 31%]
tests/test_feat_1500_create_pr_draft.py::TestGitHubCreatePrDraft::test_draft_true_includes_flag PASSED [ 31%]
tests/test_feat_1500_create_pr_draft.py::TestGitHubCreatePrDraft::test_draft_false_excludes_flag PASSED [ 31%]
tests/test_feat_1517_clone_url.py::TestCreateRepoCloneUrl::test_clone_url_from_api_response PASSED [ 31%]
tests/test_feat_1517_clone_url.py::TestCreateRepoCloneUrl::test_clone_url_fallback_when_repo_exists PASSED [ 31%]
tests/test_feat_1517_clone_url.py::TestCreateRepoCloneUrl::test_clone_url_constructed_when_lookup_fails PASSED [ 31%]
tests/test_feat_1517_clone_url.py::TestCreateRepoCloneUrl::test_clone_url_empty_on_unrelated_error PASSED [ 31%]
tests/test_feat_1517_clone_url.py::TestCreateRepoCloneUrl::test_clone_url_empty_string_treated_correctly PASSED [ 31%]
tests/test_feat_2495_upgrade_rewrite.py::test_tc_01_skill_md_rewritten PASSED [ 31%]
tests/test_feat_2495_upgrade_rewrite.py::test_tc_02_skill_file_rewritten PASSED [ 31%]
tests/test_feat_2495_upgrade_rewrite.py::test_tc_03_skill_md_and_skill_file_agree PASSED [ 31%]
tests/test_feat_2495_upgrade_rewrite.py::test_tc_04_compose_deploy_all_is_primary PASSED [ 31%]
tests/test_feat_2495_upgrade_rewrite.py::test_tc_05_soul_md_preservation_documented PASSED [ 31%]
tests/test_feat_2495_upgrade_rewrite.py::test_tc_06_config_v1_v2_patching PASSED [ 31%]
tests/test_feat_2495_upgrade_rewrite.py::test_tc_07_no_install_spec_fallback PASSED [ 31%]
tests/test_feat_2495_upgrade_rewrite.py::test_tc_08_ensure_labels_included PASSED [ 31%]
tests/test_feat_2495_upgrade_rewrite.py::test_tc_09_clone_isolation_documented PASSED [ 31%]
tests/test_feat_2495_upgrade_rewrite.py::test_tc_10_tracker_schema_check_removed PASSED [ 31%]
tests/test_feat_2495_upgrade_rewrite.py::test_tc_11_no_claude_dir_in_commit PASSED [ 31%]
tests/test_feat_3296_task_boundary.py::TestTaskBegin::test_checks_out_existing_local_branch PASSED [ 31%]
tests/test_feat_3296_task_boundary.py::TestTaskBegin::test_checks_out_from_remote PASSED [ 31%]
tests/test_feat_3296_task_boundary.py::TestTaskBegin::test_missing_branch_exits_nonzero PASSED [ 31%]
tests/test_feat_3296_task_boundary.py::TestTaskBegin::test_derives_correct_branch_name PASSED [ 31%]
tests/test_feat_3296_task_boundary.py::TestTaskEnd::test_returns_to_working_branch PASSED [ 31%]
tests/test_feat_3296_task_boundary.py::TestTaskEnd::test_warns_on_uncommitted_changes PASSED [ 31%]
tests/test_feat_3296_task_boundary.py::TestTaskBoundaryTemplates::test_qa_verification_uses_task_begin PASSED [ 31%]
tests/test_feat_3296_task_boundary.py::TestTaskBoundaryTemplates::test_skill_triage_uses_task_begin PASSED [ 31%]
tests/test_feat_3296_task_boundary.py::TestTaskBoundaryTemplates::test_skill_implement_uses_task_begin PASSED [ 32%]
tests/test_feat_3296_task_boundary.py::TestTaskBoundaryTemplates::test_dm_delivery_uses_task_begin PASSED [ 32%]
tests/test_feat_3296_task_boundary.py::TestCyclePreCleanup::test_no_qa_first_item_branch_hack PASSED [ 32%]
tests/test_feat_3296_task_boundary.py::TestCyclePreCleanup::test_no_setup_skill_branch_call PASSED [ 32%]
tests/test_feat_3494_version_bump.py::TestVersionBumpStaging::test_stages_explicit_files PASSED [ 32%]
tests/test_feat_3494_version_bump.py::TestVersionBumpStaging::test_no_skill_md_omits_it PASSED [ 32%]
tests/test_feat_3494_version_bump.py::TestVersionBumpNoStagedChanges::test_skips_commit_tag_push_when_no_staged_changes PASSED [ 32%]
tests/test_feat_3494_version_bump.py::TestVersionBumpNoStagedChanges::test_proceeds_when_staged_changes_exist PASSED [ 32%]
tests/test_feat_3499_pm_orphans.py::TestOrphanedFilesRemoved::test_git_commit_removed PASSED [ 32%]
tests/test_feat_3499_pm_orphans.py::TestOrphanedFilesRemoved::test_iteration_log_removed PASSED [ 32%]
tests/test_feat_3499_pm_orphans.py::TestPMIncludesYml::test_no_git_commit_include PASSED [ 32%]
tests/test_feat_3499_pm_orphans.py::TestPMIncludesYml::test_no_iteration_log_include PASSED [ 32%]
tests/test_feat_3499_pm_orphans.py::TestPMIncludesYml::test_has_cycle_runner PASSED [ 32%]
tests/test_feat_3644_openai_json_warn.py::TestOpenAIAdapterJSONWarning::test_warns_on_json_decode_error PASSED [ 32%]
tests/test_feat_3644_openai_json_warn.py::TestOpenAIAdapterJSONWarning::test_includes_function_name_in_warning PASSED [ 32%]
tests/test_feat_3644_openai_json_warn.py::TestOpenAIAdapterJSONWarning::test_includes_raw_args_in_warning PASSED [ 32%]
tests/test_feat_3644_openai_json_warn.py::TestOpenAIAdapterJSONWarning::test_still_falls_back_to_empty_dict PASSED [ 32%]
tests/test_feat_3645_auto_merge.py::TestQAVerificationAutoMerge::test_checks_auto_merge_config PASSED [ 32%]
tests/test_feat_3645_auto_merge.py::TestQAVerificationAutoMerge::test_checks_human_required_label PASSED [ 32%]
tests/test_feat_3645_auto_merge.py::TestQAVerificationAutoMerge::test_auto_merge_on_merges_directly PASSED [ 32%]
tests/test_feat_3645_auto_merge.py::TestQAVerificationAutoMerge::test_auto_merge_off_routes_to_review PASSED [ 32%]
tests/test_feat_3645_auto_merge.py::TestQAVerificationAutoMerge::test_per_ticket_override PASSED [ 32%]
tests/test_feat_3645_auto_merge.py::TestPMDelegatesToVerifier::test_pm_does_not_carry_auto_merge_gate PASSED [ 32%]
tests/test_feat_3645_auto_merge.py::TestPMDelegatesToVerifier::test_pm_does_not_check_human_required_label PASSED [ 32%]
tests/test_feat_3645_auto_merge.py::TestPMDelegatesToVerifier::test_pm_delegates_to_verifier PASSED [ 32%]
tests/test_feat_3645_auto_merge.py::TestTrackerLabelTaxonomy::test_special_labels_includes_review_human_required PASSED [ 32%]
tests/test_feat_3663_pr_conflict_check.py::TestPRConflictCheck::test_checks_mergeable_status PASSED [ 32%]
tests/test_feat_3663_pr_conflict_check.py::TestPRConflictCheck::test_merges_conflicting_prs PASSED [ 32%]
tests/test_feat_3663_pr_conflict_check.py::TestPRConflictCheck::test_push_after_merge PASSED [ 32%]
tests/test_feat_3663_pr_conflict_check.py::TestPRConflictCheck::test_abort_on_conflict PASSED [ 32%]
tests/test_feat_3663_pr_conflict_check.py::TestPRConflictCheck::test_only_own_branches PASSED [ 32%]
tests/test_feat_3663_pr_conflict_check.py::TestPRConflictCheck::test_gated_on_pr_flow PASSED [ 32%]
tests/test_feat_605_issue_url.py::TestExpandIssueRefs::test_single_reference PASSED [ 32%]
tests/test_feat_605_issue_url.py::TestExpandIssueRefs::test_multiple_references PASSED [ 32%]
tests/test_feat_605_issue_url.py::TestExpandIssueRefs::test_no_false_positive_hex PASSED [ 32%]
tests/test_feat_605_issue_url.py::TestExpandIssueRefs::test_no_expansion_without_repo PASSED [ 33%]
tests/test_feat_605_issue_url.py::TestExpandIssueRefs::test_already_expanded_not_doubled PASSED [ 33%]
tests/test_feat_605_issue_url.py::TestExpandIssueRefs::test_word_boundary_respected PASSED [ 33%]
tests/test_feat_605_issue_url.py::TestExpandIssueRefs::test_repo_url_normalization PASSED [ 33%]
tests/test_feat_605_issue_url.py::TestGetRepoUrl::test_returns_url_from_config PASSED [ 33%]
tests/test_feat_605_issue_url.py::TestGetRepoUrl::test_returns_none_on_empty PASSED [ 33%]
tests/test_feat_605_issue_url.py::TestGetRepoUrl::test_preserves_existing_https PASSED [ 33%]
tests/test_feat_6126_harness_merge.py::TestParseIssueFromBranch::test_standard_branch PASSED [ 33%]
tests/test_feat_6126_harness_merge.py::TestParseIssueFromBranch::test_task_branch PASSED [ 33%]
tests/test_feat_6126_harness_merge.py::TestParseIssueFromBranch::test_no_number PASSED [ 33%]
tests/test_feat_6126_harness_merge.py::TestParseIssueFromBranch::test_empty_string PASSED [ 33%]
tests/test_feat_6126_harness_merge.py::TestParseIssueFromBranch::test_non_digit_suffix PASSED [ 33%]
tests/test_feat_6126_harness_merge.py::TestParseIssueFromBranch::test_single_segment_number PASSED [ 33%]
tests/test_feat_6126_harness_merge.py::TestEmitEvent::test_emits_to_stream PASSED [ 33%]
tests/test_feat_6126_harness_merge.py::TestGetPrFiles::test_returns_file_list PASSED [ 33%]
tests/test_feat_6126_harness_merge.py::TestGetPrFiles::test_returns_none_on_failure PASSED [ 33%]
tests/test_feat_6126_harness_merge.py::TestGetPrFiles::test_returns_none_on_invalid_json PASSED [ 33%]
tests/test_feat_6126_harness_merge.py::TestGetPrBranch::test_returns_branch_name PASSED [ 33%]
tests/test_feat_6126_harness_merge.py::TestGetPrBranch::test_returns_empty_on_failure PASSED [ 33%]
tests/test_feat_6126_harness_merge.py::TestMechanicalReactionsPrMerged::test_pm_gets_pr_merge_detected_on_success PASSED [ 33%]
tests/test_feat_6126_harness_merge.py::TestMechanicalReactionsPrMerged::test_pm_no_pr_merge_detected_on_failure PASSED [ 33%]
tests/test_feat_6126_harness_merge.py::TestMechanicalReactionsPrMerged::test_skill_gets_reactive_pull_on_success PASSED [ 33%]
tests/test_feat_6126_harness_merge.py::TestMechanicalReactionsPrMerged::test_skill_no_reactive_pull_on_failure PASSED [ 33%]
tests/test_feat_6126_harness_merge.py::TestMechanicalReactionsPrMerged::test_self_emitted_events_skipped PASSED [ 33%]
tests/test_feat_6126_harness_merge.py::TestMechanicalReactionsPrMerged::test_pm_no_reactive_pull PASSED [ 33%]
tests/test_feat_6126_harness_merge.py::TestRoleEventTypes::test_pm_has_pr_merged PASSED [ 33%]
tests/test_feat_6126_harness_merge.py::TestRoleEventTypes::test_pm_has_compose_completed PASSED [ 33%]
tests/test_feat_6126_harness_merge.py::TestRoleEventTypes::test_qa_has_pr_merged PASSED [ 33%]
tests/test_feat_6126_harness_merge.py::TestRoleEventTypes::test_skill_has_pr_merged PASSED [ 33%]
tests/test_feat_6126_harness_merge.py::TestRoleEventTypes::test_dm_has_pr_merged PASSED [ 33%]
tests/test_feat_6126_harness_merge.py::TestRoleEventTypes::test_all_roles_have_compose_completed PASSED [ 33%]
tests/test_feat_6126_harness_merge.py::TestEventCatalogNewEvents::test_pr_merged_in_emitted PASSED [ 33%]
tests/test_feat_6126_harness_merge.py::TestEventCatalogNewEvents::test_compose_completed_in_emitted PASSED [ 33%]
tests/test_feat_6126_harness_merge.py::TestEventCatalogNewEvents::test_request_merge_in_recognized PASSED [ 33%]
tests/test_feat_6126_harness_merge.py::TestEventCatalogNewEvents::test_pr_merged_payload_fields PASSED [ 34%]
tests/test_feat_6126_harness_merge.py::TestEventCatalogNewEvents::test_compose_completed_payload_fields PASSED [ 34%]
tests/test_feat_6126_harness_merge.py::TestTemplateUpdates::test_qa_verification_no_git_ops_pr_merge PASSED [ 34%]
tests/test_feat_6126_harness_merge.py::TestTemplateUpdates::test_qa_verification_has_post_merge PASSED [ 34%]
tests/test_feat_6126_harness_merge.py::TestTemplateUpdates::test_dm_delivery_no_git_ops_pr_merge PASSED [ 34%]
tests/test_feat_6126_harness_merge.py::TestTemplateUpdates::test_dm_delivery_has_post_merge PASSED [ 34%]
tests/test_feat_6126_harness_merge.py::TestTemplateUpdates::test_dm_delivery_has_stacked_pr_base_check PASSED [ 34%]
tests/test_feat_6126_harness_merge.py::TestTemplateUpdates::test_dm_delivery_routes_back_on_stacked_pr PASSED [ 34%]
tests/test_feat_6126_harness_merge.py::TestTemplateUpdates::test_dm_delivery_compares_base_against_working_branch PASSED [ 34%]
tests/test_feat_6126_harness_merge.py::TestTemplateUpdates::test_dm_delivery_base_check_has_distinct_pass_branch PASSED [ 34%]
tests/test_feat_6126_harness_merge.py::TestTemplateUpdates::test_dm_delivery_handles_empty_pr_base_defensively PASSED [ 34%]
tests/test_feat_6126_harness_merge.py::TestTemplateUpdates::test_pm_post_merge_recompose_deleted PASSED [ 34%]
tests/test_feat_6126_harness_merge.py::TestTemplateUpdates::test_pm_includes_no_post_merge_recompose PASSED [ 34%]
tests/test_feat_6126_harness_merge.py::TestTemplateUpdates::test_pm_instructions_no_post_merge_recompose PASSED [ 34%]
tests/test_feat_6126_harness_merge.py::TestGitOpsNoEmit::test_no_emit_pr_merge_in_pr_merge_function PASSED [ 34%]
tests/test_feat_9687_remote_branch_retry.py::TestVerifyRemoteBranchRetry::test_returns_true_when_branch_present_on_first_attempt PASSED [ 34%]
tests/test_feat_9687_remote_branch_retry.py::TestVerifyRemoteBranchRetry::test_retries_once_when_branch_missing_then_appears PASSED [ 34%]
tests/test_feat_9687_remote_branch_retry.py::TestVerifyRemoteBranchRetry::test_returns_false_when_branch_missing_on_both_attempts PASSED [ 34%]
tests/test_feat_9687_remote_branch_retry.py::TestVerifyRemoteBranchRetry::test_network_failure_on_first_attempt_returns_none PASSED [ 34%]
tests/test_feat_9687_remote_branch_retry.py::TestVerifyRemoteBranchRetry::test_network_failure_on_retry_returns_none PASSED [ 34%]
tests/test_feat_9687_remote_branch_retry.py::TestVerifyRemoteBranchRetry::test_default_sleep_is_time_sleep PASSED [ 34%]
tests/test_feat_9742_retry_ceiling.py::TestRetryCeiling::test_returns_none_after_max_consecutive_failures PASSED [ 34%]
tests/test_feat_9742_retry_ceiling.py::TestRetryCeiling::test_single_success_resets_counter PASSED [ 34%]
tests/test_feat_9742_retry_ceiling.py::TestRetryCeiling::test_default_unlimited_retries_preserved PASSED [ 34%]
tests/test_feat_9742_retry_ceiling.py::TestRetryCeiling::test_ceiling_value_constant PASSED [ 34%]
tests/test_feat_9742_retry_ceiling.py::TestRetryCeiling::test_ceiling_message_includes_failure_count PASSED [ 34%]
tests/test_feat_9742_retry_ceiling.py::TestRetryCeiling::test_non_retryable_error_returns_none_immediately PASSED [ 34%]
tests/test_feat_9742_retry_ceiling.py::TestMainWaitModePassesCeiling::test_wait_mode_passes_max_consecutive_failures PASSED [ 34%]
tests/test_feat_9742_retry_ceiling.py::TestMainWaitModePassesCeiling::test_single_shot_mode_does_not_pass_ceiling PASSED [ 34%]
tests/test_feat_9745_wake_mode_canonical.py::TestGetWakeMode::test_event_driven_when_harness_returns_200 PASSED [ 34%]
tests/test_feat_9745_wake_mode_canonical.py::TestGetWakeMode::test_polling_when_connection_refused PASSED [ 34%]
tests/test_feat_9745_wake_mode_canonical.py::TestGetWakeMode::test_polling_on_timeout PASSED [ 34%]
tests/test_feat_9745_wake_mode_canonical.py::TestGetWakeMode::test_polling_on_non_200 PASSED [ 34%]
tests/test_feat_9745_wake_mode_canonical.py::TestGetWakeMode::test_polling_on_oserror PASSED [ 34%]
tests/test_feat_9745_wake_mode_canonical.py::TestGetWakeMode::test_role_arg_is_ignored PASSED [ 35%]
tests/test_feat_9745_wake_mode_canonical.py::TestGetWakeMode::test_returns_literal_strings_only PASSED [ 35%]
tests/test_feat_9745_wake_mode_canonical.py::TestConfigIsIgnored::test_down_harness_polls_even_if_config_says_event PASSED [ 35%]
tests/test_feat_9745_wake_mode_canonical.py::TestConfigIsIgnored::test_up_harness_events_even_if_config_unset PASSED [ 35%]
tests/test_feat_9745_wake_mode_canonical.py::TestHarnessReachable::test_reachable_true_on_200 PASSED [ 35%]
tests/test_feat_9745_wake_mode_canonical.py::TestHarnessReachable::test_reachable_false_and_never_raises PASSED [ 35%]
tests/test_feat_9745_wake_mode_canonical.py::TestHarnessReachable::test_port_from_file PASSED [ 35%]
tests/test_feat_9745_wake_mode_canonical.py::TestHarnessReachable::test_port_default_when_file_missing PASSED [ 35%]
tests/test_feat_9745_wake_mode_canonical.py::TestHarnessReachable::test_port_default_when_file_garbage PASSED [ 35%]
tests/test_feat_9745_wake_mode_canonical.py::TestStatuslineDelegates::test_statusline_data_delegates PASSED [ 35%]
tests/test_feat_9772_ship_counter_self_heal.py::TestReconcileShipCounter::test_returns_none_when_no_regression PASSED [ 35%]
tests/test_feat_9772_ship_counter_self_heal.py::TestReconcileShipCounter::test_detects_and_restores_regression PASSED [ 35%]
tests/test_feat_9772_ship_counter_self_heal.py::TestReconcileShipCounter::test_dedupes_dm_and_qa_ships_of_same_issue PASSED [ 35%]
tests/test_feat_9772_ship_counter_self_heal.py::TestReconcileShipCounter::test_ignores_non_ship_commits PASSED [ 35%]
tests/test_feat_9772_ship_counter_self_heal.py::TestReconcileShipCounter::test_returns_none_when_no_tag PASSED [ 35%]
tests/test_feat_9772_ship_counter_self_heal.py::TestReconcileShipCounter::test_returns_none_when_git_log_fails PASSED [ 35%]
tests/test_feat_9772_ship_counter_self_heal.py::TestReconcileShipCounter::test_returns_none_when_config_unreadable PASSED [ 35%]
tests/test_feat_9772_ship_counter_self_heal.py::TestReconcileShipCounter::test_writes_correct_format_to_config PASSED [ 35%]
tests/test_feat_9772_ship_counter_self_heal.py::TestReconcileShipCounter::test_repair_emits_warning_to_stderr PASSED [ 35%]
tests/test_feat_9772_ship_counter_self_heal.py::TestRoleGating::test_helper_exists_and_is_callable PASSED [ 35%]
tests/test_feat_9772_ship_counter_self_heal.py::TestRoleGating::test_no_other_callsite_in_cycle_pre PASSED [ 35%]
tests/test_feat_9772_ship_counter_self_heal.py::TestRoleGating::test_callsite_is_role_dm_gated PASSED [ 35%]
tests/test_feat_9837_pending_ship_visibility.py::TestUniversalShipperStatuses::test_pending_ship_uses_state_all_in_gh_path PASSED [ 35%]
tests/test_feat_9837_pending_ship_visibility.py::TestUniversalShipperStatuses::test_pending_ship_drops_role_filter_in_gh_path PASSED [ 35%]
tests/test_feat_9837_pending_ship_visibility.py::TestUniversalShipperStatuses::test_shipped_uses_state_all_in_gh_path PASSED [ 35%]
tests/test_feat_9837_pending_ship_visibility.py::TestUniversalShipperStatuses::test_shipped_drops_role_filter_in_gh_path PASSED [ 35%]
tests/test_feat_9837_pending_ship_visibility.py::TestUniversalShipperStatuses::test_pending_ship_uses_state_all_in_adapter_path PASSED [ 35%]
tests/test_feat_9837_pending_ship_visibility.py::TestNonUniversalStatusesUnchanged::test_status_keeps_state_open_and_role_filter[approved] PASSED [ 35%]
tests/test_feat_9837_pending_ship_visibility.py::TestNonUniversalStatusesUnchanged::test_status_keeps_state_open_and_role_filter[in-progress] PASSED [ 35%]
tests/test_feat_9837_pending_ship_visibility.py::TestNonUniversalStatusesUnchanged::test_status_keeps_state_open_and_role_filter[pending-test] PASSED [ 35%]
tests/test_feat_9837_pending_ship_visibility.py::TestNonUniversalStatusesUnchanged::test_status_keeps_state_open_and_role_filter[planning] PASSED [ 35%]
tests/test_feat_9837_pending_ship_visibility.py::TestNonUniversalStatusesUnchanged::test_status_keeps_state_open_and_role_filter[planned] PASSED [ 35%]
tests/test_feat_9837_pending_ship_visibility.py::TestNonUniversalStatusesUnchanged::test_status_keeps_state_open_and_role_filter[open] PASSED [ 35%]
tests/test_feat_9837_pending_ship_visibility.py::TestNonUniversalStatusesUnchanged::test_status_keeps_state_open_and_role_filter[pending] PASSED [ 35%]
tests/test_feat_9837_pending_ship_visibility.py::TestNonUniversalStatusesUnchanged::test_no_status_filter_keeps_state_open_and_role_filter PASSED [ 35%]
tests/test_feat_9837_pending_ship_visibility.py::TestDmReproducer::test_dm_pending_ship_query_returns_role_skill_items PASSED [ 36%]
tests/test_forge_adapter.py::TestReadForgeConfig::test_defaults_to_github PASSED [ 36%]
tests/test_forge_adapter.py::TestReadForgeConfig::test_reads_forgejo_config PASSED [ 36%]
tests/test_forge_adapter.py::TestReadForgeConfig::test_missing_section_returns_defaults PASSED [ 36%]
tests/test_forge_adapter.py::TestGetAdapter::test_github_default PASSED  [ 36%]
tests/test_forge_adapter.py::TestGetAdapter::test_forgejo_provider PASSED [ 36%]
tests/test_forge_adapter.py::TestGetAdapter::test_forgejo_local_provider PASSED [ 36%]
tests/test_forge_adapter.py::TestGetAdapter::test_forgejo_remote_provider PASSED [ 36%]
tests/test_forge_adapter.py::TestGetAdapter::test_unknown_falls_back_to_github PASSED [ 36%]
tests/test_forge_adapter.py::TestGetAdapter::test_caches_adapter PASSED  [ 36%]
tests/test_forge_adapter.py::TestGetAdapter::test_reset_cache PASSED     [ 36%]
tests/test_forge_adapter.py::TestGitHubAdapter::test_list_issues PASSED  [ 36%]
tests/test_forge_adapter.py::TestGitHubAdapter::test_add_comment PASSED  [ 36%]
tests/test_forge_adapter.py::TestGitHubAdapter::test_check_connection PASSED [ 36%]
tests/test_forge_adapter.py::TestForgejoAdapter::test_repo_path PASSED   [ 36%]
tests/test_forge_adapter.py::TestForgejoAdapter::test_provider_is_forgejo PASSED [ 36%]
tests/test_forge_adapter.py::TestForgejoAdapterErrorHandling::test_http_401_returns_none PASSED [ 36%]
tests/test_forge_adapter.py::TestForgejoAdapterErrorHandling::test_http_404_returns_none PASSED [ 36%]
tests/test_forge_adapter.py::TestForgejoAdapterErrorHandling::test_http_500_returns_none PASSED [ 36%]
tests/test_forge_adapter.py::TestForgejoAdapterErrorHandling::test_connection_error_returns_none PASSED [ 36%]
tests/test_forge_adapter.py::TestForgejoAdapterErrorHandling::test_timeout_returns_none PASSED [ 36%]
tests/test_forge_adapter.py::TestForgejoAdapterErrorHandling::test_malformed_json_returns_none PASSED [ 36%]
tests/test_forge_adapter.py::TestForgejoAdapterErrorHandling::test_valid_response_parsed PASSED [ 36%]
tests/test_forge_adapter.py::TestForgejoAdapterErrorHandling::test_list_issues_empty_on_error PASSED [ 36%]
tests/test_forge_adapter.py::TestForgejoAdapterErrorHandling::test_http_204_returns_empty_dict PASSED [ 36%]
tests/test_forge_adapter.py::TestForgejoAdapterErrorHandling::test_empty_body_200_returns_empty_dict PASSED [ 36%]
tests/test_forge_adapter.py::TestBaseAdapter::test_edit_labels_calls_both PASSED [ 36%]
tests/test_forgejo_setup.py::TestCheckDocker::test_docker_not_found PASSED [ 36%]
tests/test_forgejo_setup.py::TestCheckDocker::test_docker_version_fails PASSED [ 36%]
tests/test_forgejo_setup.py::TestCheckDocker::test_docker_ready PASSED   [ 36%]
tests/test_forgejo_setup.py::TestCheckDocker::test_port_conflict PASSED  [ 36%]
tests/test_forgejo_setup.py::TestCheckDocker::test_our_container_running_skips_port_check PASSED [ 36%]
tests/test_forgejo_setup.py::TestStatus::test_forgejo_running PASSED     [ 36%]
tests/test_forgejo_setup.py::TestStatus::test_forgejo_not_running PASSED [ 36%]
tests/test_forgejo_setup.py::TestDefaultCompose::test_generates_valid_yaml PASSED [ 37%]
tests/test_forgejo_setup.py::TestComposeTemplateExists::test_template_exists PASSED [ 37%]
tests/test_forgejo_setup.py::TestDeploy::test_docker_check_fails PASSED  [ 37%]
tests/test_forgejo_setup.py::TestDeploy::test_template_exists_copies_it PASSED [ 37%]
tests/test_forgejo_setup.py::TestDeploy::test_template_missing_writes_default PASSED [ 37%]
tests/test_forgejo_setup.py::TestDeploy::test_compose_up_fails PASSED    [ 37%]
tests/test_forgejo_setup.py::TestDeploy::test_wait_timeout PASSED        [ 37%]
tests/test_forgejo_setup.py::TestDeploy::test_success_path PASSED        [ 37%]
tests/test_forgejo_setup.py::TestCreateRepo::test_success PASSED         [ 37%]
tests/test_forgejo_setup.py::TestCreateRepo::test_already_exists_with_query_success PASSED [ 37%]
tests/test_forgejo_setup.py::TestCreateRepo::test_already_exists_query_fails_uses_fallback_url PASSED [ 37%]
tests/test_forgejo_setup.py::TestCreateRepo::test_http_error_not_exists PASSED [ 37%]
tests/test_forgejo_setup.py::TestCreateRepo::test_general_exception PASSED [ 37%]
tests/test_forgejo_setup.py::TestTeardown::test_teardown_no_deployment PASSED [ 37%]
tests/test_forgejo_setup.py::TestTeardown::test_teardown_success PASSED  [ 37%]
tests/test_forgejo_setup.py::TestCreateTokenCredentialSafety::test_http_error_does_not_expose_credentials PASSED [ 37%]
tests/test_forgejo_setup.py::TestCreateTokenCredentialSafety::test_connection_error_does_not_expose_details PASSED [ 37%]
tests/test_git_ops.py::TestPull::test_clean_pull PASSED                  [ 37%]
tests/test_git_ops.py::TestPull::test_pull_stash_pop PASSED              [ 37%]
tests/test_git_ops.py::TestPull::test_pull_stash_pop_conflict PASSED     [ 37%]
tests/test_git_ops.py::TestPull::test_pull_stash_pop_conflict_drops_stash PASSED [ 37%]
tests/test_git_ops.py::TestAddAll::test_stages_all PASSED                [ 37%]
tests/test_git_ops.py::TestCommit::test_successful_commit PASSED         [ 37%]
tests/test_git_ops.py::TestCommit::test_nothing_to_commit PASSED         [ 37%]
tests/test_git_ops.py::TestCommit::test_commit_error PASSED              [ 37%]
tests/test_git_ops.py::TestPush::test_successful_push PASSED             [ 37%]
tests/test_git_ops.py::TestPush::test_push_failure PASSED                [ 37%]
tests/test_git_ops.py::TestPullEmitsRole::test_pull_emits_role PASSED    [ 37%]
tests/test_git_ops.py::TestPullEmitsRole::test_pull_without_role_backward_compat PASSED [ 37%]
tests/test_git_ops.py::TestPushEmitsRole::test_push_emits_role PASSED    [ 37%]
tests/test_git_ops.py::TestPushEmitsRole::test_push_without_role_backward_compat PASSED [ 37%]
tests/test_git_ops.py::TestCommitPush::test_full_workflow PASSED         [ 37%]
tests/test_git_ops.py::TestCommitPush::test_nothing_to_commit_skips_push PASSED [ 37%]
tests/test_git_ops.py::TestHasChanges::test_dirty_tree PASSED            [ 37%]
tests/test_git_ops.py::TestHasChanges::test_clean_tree PASSED            [ 37%]
tests/test_git_ops.py::TestLastHash::test_returns_hash PASSED            [ 38%]
tests/test_git_ops.py::TestBranching::test_branch_create PASSED          [ 38%]
tests/test_git_ops.py::TestBranching::test_branch_switch PASSED          [ 38%]
tests/test_git_ops.py::TestBranching::test_branch_create_failure PASSED  [ 38%]
tests/test_git_ops.py::TestBranching::test_branch_switch_failure PASSED  [ 38%]
tests/test_git_ops.py::TestPrCreate::test_successful_pr PASSED           [ 38%]
tests/test_git_ops.py::TestPrCreate::test_pr_failure PASSED              [ 38%]
tests/test_git_ops.py::TestPrMerge::test_successful_squash_merge PASSED  [ 38%]
tests/test_git_ops.py::TestPrMerge::test_merge_extracts_linked_issue_from_branch PASSED [ 38%]
tests/test_git_ops.py::TestPrMerge::test_already_merged PASSED           [ 38%]
tests/test_git_ops.py::TestPrMerge::test_closed_without_merge PASSED     [ 38%]
tests/test_git_ops.py::TestPrMerge::test_merge_conflict PASSED           [ 38%]
tests/test_git_ops.py::TestPrMerge::test_unexpected_failure PASSED       [ 38%]
tests/test_git_ops.py::TestPrMerge::test_custom_strategy PASSED          [ 38%]
tests/test_git_ops.py::TestPrMerge::test_state_check_fails_still_attempts_merge PASSED [ 38%]
tests/test_git_ops.py::TestPrMerge::test_forge_adapter_routing PASSED    [ 38%]
tests/test_git_ops.py::TestNoNonAsciiInPrintStatements::test_print_statements_are_ascii_safe PASSED [ 38%]
tests/test_git_ops.py::TestNoNonAsciiInPrintStatements::test_stdout_encoding_safety_net PASSED [ 38%]
tests/test_git_ops.py::TestGetAlias::test_fallback_to_role PASSED        [ 38%]
tests/test_git_ops.py::TestParseArgs::test_help_exits PASSED             [ 38%]
tests/test_git_ops.py::TestParseArgs::test_no_args_exits PASSED          [ 38%]
tests/test_git_ops.py::TestParseArgs::test_parses_command PASSED         [ 38%]
tests/test_git_ops.py::TestParseArgs::test_parses_command_with_args PASSED [ 38%]
tests/test_git_ops.py::TestIsStateFile::test_squidsquad_files PASSED     [ 38%]
tests/test_git_ops.py::TestIsStateFile::test_claude_files PASSED         [ 38%]
tests/test_git_ops.py::TestIsStateFile::test_code_files PASSED           [ 38%]
tests/test_git_ops.py::TestCommitCode::test_splits_code_from_state PASSED [ 38%]
tests/test_git_ops.py::TestCommitCode::test_reverts_config_md_before_commit PASSED [ 38%]
tests/test_git_ops.py::TestCommitCode::test_no_code_changes_returns_false PASSED [ 38%]
tests/test_git_ops.py::TestCommitCode::test_excludes_claude_state_files PASSED [ 38%]
tests/test_git_ops.py::TestCommitCode::test_no_changes_returns_false PASSED [ 38%]
tests/test_git_ops.py::TestCommitState::test_only_stages_squidsquad_files PASSED [ 38%]
tests/test_git_ops.py::TestCommitState::test_errors_if_not_on_main PASSED [ 38%]
tests/test_git_ops.py::TestCommitState::test_no_state_changes_returns_false PASSED [ 38%]
tests/test_git_ops.py::TestRoleOwnedPatterns::test_common_patterns_present_for_every_role PASSED [ 39%]
tests/test_git_ops.py::TestRoleOwnedPatterns::test_backlog_cache_not_in_allowlist PASSED [ 39%]
tests/test_git_ops.py::TestRoleOwnedPatterns::test_pm_extras PASSED      [ 39%]
tests/test_git_ops.py::TestRoleOwnedPatterns::test_dm_extras PASSED      [ 39%]
tests/test_git_ops.py::TestRoleOwnedPatterns::test_qa_has_no_extras_beyond_common PASSED [ 39%]
tests/test_git_ops.py::TestRoleOwnedPatterns::test_pm_does_not_pick_up_dm_extras PASSED [ 39%]
tests/test_git_ops.py::TestPathMatches::test_prefix_match PASSED         [ 39%]
tests/test_git_ops.py::TestPathMatches::test_exact_match PASSED          [ 39%]
tests/test_git_ops.py::TestPathMatches::test_no_match PASSED             [ 39%]
tests/test_git_ops.py::TestCommitRoleScoped::test_pm_stages_only_own_files_skips_foreign PASSED [ 39%]
tests/test_git_ops.py::TestCommitRoleScoped::test_skips_when_not_on_working_branch PASSED [ 39%]
tests/test_git_ops.py::TestCommitRoleScoped::test_dm_can_stage_readme_and_changelog PASSED [ 39%]
tests/test_git_ops.py::TestCommitRoleScoped::test_dm_stages_skill_md_and_config_md PASSED [ 39%]
tests/test_git_ops.py::TestCommitRoleScoped::test_qa_cannot_stage_config_md PASSED [ 39%]
tests/test_git_ops.py::TestCommitRoleScoped::test_returns_false_when_no_own_files PASSED [ 39%]
tests/test_git_ops.py::TestCommitRoleScoped::test_empty_status_returns_false PASSED [ 39%]
tests/test_git_ops.py::TestCommitRoleScoped::test_commit_failure_short_circuits_push PASSED [ 39%]
tests/test_git_ops.py::TestCommitRoleScoped::test_warning_truncates_long_foreign_list PASSED [ 39%]
tests/test_git_ops.py::TestBranchUtilities::test_branch_exists_local PASSED [ 39%]
tests/test_git_ops.py::TestBranchUtilities::test_branch_not_exists PASSED [ 39%]
tests/test_git_ops.py::TestBranchUtilities::test_branch_delete_success PASSED [ 39%]
tests/test_git_ops.py::TestBranchUtilities::test_current_branch PASSED   [ 39%]
tests/test_git_ops.py::TestGetWorkingBranch::test_reads_config_working_branch PASSED [ 39%]
tests/test_git_ops.py::TestGetWorkingBranch::test_falls_back_to_main_on_import_error PASSED [ 39%]
tests/test_git_ops.py::TestGetWorkingBranch::test_falls_back_to_main_on_empty_value PASSED [ 39%]
tests/test_git_ops.py::TestCommitCodePushFailure::test_returns_false_on_push_failure PASSED [ 39%]
tests/test_git_ops.py::TestCommitCodePushFailure::test_returns_true_on_push_success PASSED [ 39%]
tests/test_git_ops.py::TestCommitCodeUsesWorkingBranch::test_commit_code_switches_back_to_working_branch PASSED [ 39%]
tests/test_git_ops.py::TestCommitCodeUsesWorkingBranch::test_commit_code_error_path_uses_working_branch PASSED [ 39%]
tests/test_git_ops.py::TestCommitStateUsesWorkingBranch::test_commit_state_checks_working_branch PASSED [ 39%]
tests/test_git_ops.py::TestCommitStateUsesWorkingBranch::test_commit_state_succeeds_on_working_branch PASSED [ 39%]
tests/test_git_ops.py::TestSafeCheckout::test_stash_pop_on_failure_restores_original PASSED [ 39%]
tests/test_git_ops.py::TestSafeCheckout::test_stash_pop_on_success_applies_to_target PASSED [ 39%]
tests/test_git_ops.py::TestGitignoreVolatileFiles::test_gitignore_covers_volatile_files PASSED [ 39%]
tests/test_git_ops.py::TestGitignoreVolatileFiles::test_volatile_files_not_tracked PASSED [ 40%]
tests/test_git_ops.py::TestGitattributesMergeStrategies::test_gitattributes_exists PASSED [ 40%]
tests/test_git_ops.py::TestGitattributesMergeStrategies::test_union_merge_for_append_only PASSED [ 40%]
tests/test_git_ops.py::TestGitattributesMergeStrategies::test_ours_merge_for_overwrite_files PASSED [ 40%]
tests/test_git_ops.py::TestGitattributesMergeStrategies::test_vault_briefing_merge_ours PASSED [ 40%]
tests/test_git_ops.py::TestGitattributesMergeStrategies::test_vault_notes_merge_union PASSED [ 40%]
tests/test_git_ops.py::TestTaskBegin::test_checks_out_existing_local_branch PASSED [ 40%]
tests/test_git_ops.py::TestTaskBegin::test_creates_branch_when_missing PASSED [ 40%]
tests/test_git_ops.py::TestTaskBegin::test_checks_out_remote_branch PASSED [ 40%]
tests/test_git_ops.py::TestTaskBegin::test_fetches_before_remote_check PASSED [ 40%]
tests/test_git_ops.py::TestTaskBegin::test_uses_configured_branch_pattern PASSED [ 40%]
tests/test_git_ops.py::TestAutoResolveStateConflicts::test_no_unmerged_returns_empty PASSED [ 40%]
tests/test_git_ops.py::TestAutoResolveStateConflicts::test_state_file_resolved_with_theirs PASSED [ 40%]
tests/test_git_ops.py::TestAutoResolveStateConflicts::test_claude_state_file_resolved PASSED [ 40%]
tests/test_git_ops.py::TestAutoResolveStateConflicts::test_code_file_left_unresolved PASSED [ 40%]
tests/test_git_ops.py::TestAutoResolveStateConflicts::test_mixed_state_and_code PASSED [ 40%]
tests/test_git_ops.py::TestAutoResolveStateConflicts::test_deduplicates_multi_stage_entries PASSED [ 40%]
tests/test_git_ops.py::TestAutoResolveStateConflicts::test_checkout_failure_falls_to_unresolved PASSED [ 40%]
tests/test_git_ops.py::TestTaskBeginConflictHandling::test_auto_resolves_state_then_proceeds PASSED [ 40%]
tests/test_git_ops.py::TestTaskBeginConflictHandling::test_bails_when_code_conflict_present PASSED [ 40%]
tests/test_git_ops.py::TestGetBranchName::test_default_pattern PASSED    [ 40%]
tests/test_git_ops.py::TestGetBranchName::test_custom_pattern_with_role PASSED [ 40%]
tests/test_git_ops.py::TestGetBranchName::test_custom_pattern_number_only PASSED [ 40%]
tests/test_git_ops.py::TestGetBranchName::test_graceful_fallback_on_import_error PASSED [ 40%]
tests/test_git_ops.py::TestGetBranchName::test_graceful_fallback_on_system_exit PASSED [ 40%]
tests/test_git_ops.py::TestGhCredentialHelperAvailable::test_returns_true_when_gh_authenticated PASSED [ 40%]
tests/test_git_ops.py::TestGhCredentialHelperAvailable::test_returns_false_when_gh_unauthenticated PASSED [ 40%]
tests/test_git_ops.py::TestGhCredentialHelperAvailable::test_returns_false_when_gh_missing PASSED [ 40%]
tests/test_git_ops.py::TestGhCredentialHelperAvailable::test_returns_false_when_gh_hangs PASSED [ 40%]
tests/test_git_ops.py::TestGhCredentialHelperAvailable::test_caches_result PASSED [ 40%]
tests/test_git_ops.py::TestGitPush::test_prepends_credential_override_when_gh_available PASSED [ 40%]
tests/test_git_ops.py::TestGitPush::test_uses_plain_push_when_gh_unavailable PASSED [ 40%]
tests/test_git_ops.py::TestGitPush::test_passes_timeout_to_subprocess PASSED [ 40%]
tests/test_git_ops.py::TestGitPush::test_default_timeout_is_60 PASSED    [ 40%]
tests/test_git_ops.py::TestGitPush::test_timeout_returns_synthetic_failure PASSED [ 40%]
tests/test_git_ops.py::TestGitPush::test_empty_args_produces_bare_push PASSED [ 41%]
tests/test_harness.py::TestAgentState::test_initial_state PASSED         [ 41%]
tests/test_harness.py::TestAgentState::test_to_dict PASSED               [ 41%]
tests/test_harness.py::TestHarnessState::test_all_agents_empty PASSED    [ 41%]
tests/test_harness.py::TestHarnessState::test_all_agents_returns_dicts PASSED [ 41%]
tests/test_harness.py::TestHarnessState::test_set_and_get_agent PASSED   [ 41%]
tests/test_harness.py::TestStatePersistence::test_load_missing_state_file PASSED [ 41%]
tests/test_harness.py::TestStatePersistence::test_save_and_load_state PASSED [ 41%]
tests/test_harness.py::TestStatePersistence::test_save_state_atomic_write PASSED [ 41%]
tests/test_harness.py::TestStatePersistence::test_save_state_holds_lock_during_write PASSED [ 41%]
tests/test_harness.py::TestIntentSetAt::test_ack_stop_confirmed_guarded_by_stopping_intent PASSED [ 41%]
tests/test_harness.py::TestIntentSetAt::test_initial_intent_set_at_is_none PASSED [ 41%]
tests/test_harness.py::TestIntentSetAt::test_load_state_distinguishes_explicit_null_from_absent_key PASSED [ 41%]
tests/test_harness.py::TestIntentSetAt::test_load_state_loads_present_intent_set_at_as_is PASSED [ 41%]
tests/test_harness.py::TestIntentSetAt::test_load_state_migrates_legacy_restarting_without_intent_set_at PASSED [ 41%]
tests/test_harness.py::TestIntentSetAt::test_load_state_migrates_legacy_stopping_without_intent_set_at PASSED [ 41%]
tests/test_harness.py::TestIntentSetAt::test_load_state_preserves_none_for_running_intent PASSED [ 41%]
tests/test_harness.py::TestIntentSetAt::test_load_state_round_trips_intent_set_at PASSED [ 41%]
tests/test_harness.py::TestIntentSetAt::test_restart_agent_endpoint_sets_intent_set_at PASSED [ 41%]
tests/test_harness.py::TestIntentSetAt::test_save_state_persists_intent_set_at PASSED [ 41%]
tests/test_harness.py::TestIntentSetAt::test_stop_agent_endpoint_sets_intent_set_at PASSED [ 41%]
tests/test_harness.py::TestIntentSetAt::test_to_dict_includes_intent_set_at PASSED [ 41%]
tests/test_harness.py::TestForceKillSafetyNet::test_dead_pid_does_not_force_kill PASSED [ 41%]
tests/test_harness.py::TestForceKillSafetyNet::test_force_kill_clears_intent_set_at PASSED [ 41%]
tests/test_harness.py::TestForceKillSafetyNet::test_force_kill_swallows_kill_exceptions PASSED [ 41%]
tests/test_harness.py::TestForceKillSafetyNet::test_no_intent_set_at_does_not_force_kill PASSED [ 41%]
tests/test_harness.py::TestForceKillSafetyNet::test_restarting_with_alive_pid_past_timeout_force_kills PASSED [ 41%]
tests/test_harness.py::TestForceKillSafetyNet::test_running_intent_never_force_kills PASSED [ 41%]
tests/test_harness.py::TestForceKillSafetyNet::test_stopping_with_alive_pid_past_timeout_force_kills PASSED [ 41%]
tests/test_harness.py::TestForceKillSafetyNet::test_stopping_within_timeout_does_not_force_kill PASSED [ 41%]
tests/test_harness.py::TestIntentSetAtRepeatRequestIsIdempotent::test_restart_agent_on_already_restarting_does_not_reset_timestamp PASSED [ 41%]
tests/test_harness.py::TestIntentSetAtRepeatRequestIsIdempotent::test_stop_agent_on_already_stopping_does_not_reset_timestamp PASSED [ 41%]
tests/test_harness.py::TestIntentSetAtRepeatRequestIsIdempotent::test_stop_agent_on_running_records_fresh_timestamp PASSED [ 41%]
tests/test_harness.py::TestIntentSetAtClearing::test_start_agent_clears_intent_set_at PASSED [ 41%]
tests/test_harness.py::TestIntentSetAtClearing::test_start_all_clears_intent_set_at PASSED [ 42%]
tests/test_harness.py::TestIntentSetAtClearing::test_update_health_clears_intent_set_at_on_manual_reboot PASSED [ 42%]
tests/test_harness.py::TestIntentSetAtClearing::test_update_health_clears_intent_set_at_on_restart_complete PASSED [ 42%]
tests/test_harness.py::TestIntentSetAtClearing::test_update_health_clears_intent_set_at_on_stop_fulfilled PASSED [ 42%]
tests/test_harness.py::TestStartAllPersistence::test_start_all_calls_save_state PASSED [ 42%]
tests/test_harness.py::TestStartAllPersistence::test_start_all_sets_intent_running PASSED [ 42%]
tests/test_harness.py::TestPortManagement::test_find_free_port_default_available PASSED [ 42%]
tests/test_harness.py::TestPortManagement::test_find_free_port_fallback PASSED [ 42%]
tests/test_harness.py::TestCLIPortDiscovery::test_read_port_invalid_content PASSED [ 42%]
tests/test_harness.py::TestCLIPortDiscovery::test_read_port_missing_file PASSED [ 42%]
tests/test_harness.py::TestCLIPortDiscovery::test_read_port_valid_file PASSED [ 42%]
tests/test_harness.py::TestConfigIntegration::test_harness_field_section PASSED [ 42%]
tests/test_harness.py::TestConfigIntegration::test_harness_fields_in_field_map PASSED [ 42%]
tests/test_harness.py::TestCodeVersionProbe::test_compute_code_version_clean_tree PASSED [ 42%]
tests/test_harness.py::TestCodeVersionProbe::test_compute_code_version_dirty_tree PASSED [ 42%]
tests/test_harness.py::TestCodeVersionProbe::test_compute_code_version_no_git PASSED [ 42%]
tests/test_harness.py::TestCodeVersionProbe::test_compute_code_version_success_shape PASSED [ 42%]
tests/test_harness.py::TestCodeVersionProbe::test_read_squidsquad_version_missing_config PASSED [ 42%]
tests/test_harness.py::TestStatusEndpointCodeVersion::test_root_endpoint_returns_slim_version PASSED [ 42%]
tests/test_harness.py::TestStatusEndpointCodeVersion::test_status_code_version_with_null_git PASSED [ 42%]
tests/test_harness.py::TestStatusEndpointCodeVersion::test_status_falls_back_when_state_code_version_none PASSED [ 42%]
tests/test_harness.py::TestStatusEndpointCodeVersion::test_status_includes_code_version PASSED [ 42%]
tests/test_harness.py::TestHarnessEndpoints::test_validate_role_accepts_configured PASSED [ 42%]
tests/test_harness.py::TestHarnessEndpoints::test_validate_role_rejects_unknown PASSED [ 42%]
tests/test_harness.py::TestCLIUsage::test_restart_requires_role PASSED   [ 42%]
tests/test_harness.py::TestCLIUsage::test_unknown_command PASSED         [ 42%]
tests/test_harness.py::TestCLIUsage::test_usage_on_no_args PASSED        [ 42%]
tests/test_harness.py::TestHarnessHealthPolling::test_update_health_detects_dead_agent PASSED [ 42%]
tests/test_harness.py::TestHarnessHealthPolling::test_update_health_detects_running_via_pid PASSED [ 42%]
tests/test_harness.py::TestEndpointsViaTestClient::test_agents_all_start_not_captured_by_role_param PASSED [ 42%]
tests/test_harness.py::TestEndpointsViaTestClient::test_events_lifecycle_omits_in_flight PASSED [ 42%]
tests/test_harness.py::TestEndpointsViaTestClient::test_get_agents PASSED [ 42%]
tests/test_harness.py::TestEndpointsViaTestClient::test_get_status PASSED [ 42%]
tests/test_harness.py::TestEndpointsViaTestClient::test_post_agent_restart PASSED [ 42%]
tests/test_harness.py::TestEndpointsViaTestClient::test_post_agent_restart_sets_intent PASSED [ 43%]
tests/test_harness.py::TestEndpointsViaTestClient::test_post_agent_start PASSED [ 43%]
tests/test_harness.py::TestEndpointsViaTestClient::test_post_agent_stop PASSED [ 43%]
tests/test_harness.py::TestEndpointsViaTestClient::test_post_agents_all_start PASSED [ 43%]
tests/test_harness.py::TestEndpointsViaTestClient::test_post_agents_all_stop_skips_stopping PASSED [ 43%]
tests/test_harness.py::TestEndpointsViaTestClient::test_post_events_assigns_id_when_missing PASSED [ 43%]
tests/test_harness.py::TestEndpointsViaTestClient::test_post_events_preserves_provided_id PASSED [ 43%]
tests/test_harness.py::TestEndpointsViaTestClient::test_post_events_unknown_role_response_contract PASSED [ 43%]
tests/test_harness.py::TestEndpointsViaTestClient::test_post_shutdown_returns_202 PASSED [ 43%]
tests/test_harness.py::TestEndpointsViaTestClient::test_restart_falls_back_to_queued_when_busy PASSED [ 43%]
tests/test_harness.py::TestEndpointsViaTestClient::test_restart_kill_failure_falls_back_to_queued PASSED [ 43%]
tests/test_harness.py::TestEndpointsViaTestClient::test_restart_kills_immediately_when_idle PASSED [ 43%]
tests/test_harness.py::TestEndpointsViaTestClient::test_restart_queued_when_idle_but_no_claude_pid PASSED [ 43%]
tests/test_harness.py::TestEndpointsViaTestClient::test_restart_queued_when_no_current_state_file PASSED [ 43%]
tests/test_harness.py::TestEndpointsViaTestClient::test_restart_still_sets_intent_on_immediate_path PASSED [ 43%]
tests/test_harness.py::TestEndpointsViaTestClient::test_unknown_role_returns_404 PASSED [ 43%]
tests/test_harness.py::TestIntentLifecycle::test_agent_state_has_intent PASSED [ 43%]
tests/test_harness.py::TestIntentLifecycle::test_all_intent_constants_defined PASSED [ 43%]
tests/test_harness.py::TestIntentLifecycle::test_auto_reboot_default_unchanged_when_flag_unset_10538 PASSED [ 43%]
tests/test_harness.py::TestIntentLifecycle::test_auto_reboot_on_unexpected_death PASSED [ 43%]
tests/test_harness.py::TestIntentLifecycle::test_intent_in_to_dict PASSED [ 43%]
tests/test_harness.py::TestIntentLifecycle::test_no_auto_reboot_when_flag_set_10538 PASSED [ 43%]
tests/test_harness.py::TestIntentLifecycle::test_no_reboot_when_intent_stopping PASSED [ 43%]
tests/test_harness.py::TestIntentLifecycle::test_reboot_on_restart_intent PASSED [ 43%]
tests/test_harness.py::TestIntentLifecycle::test_stopping_intent_transitions_to_stopped_on_death PASSED [ 43%]
tests/test_harness.py::TestManualRebootClearsStoppingIntent::test_alive_agent_with_stopped_intent_resets_to_running PASSED [ 43%]
tests/test_harness.py::TestManualRebootClearsStoppingIntent::test_alive_agent_with_stopping_intent_resets_to_running PASSED [ 43%]
tests/test_harness.py::TestManualRebootClearsStoppingIntent::test_same_pid_stopping_intent_not_cleared PASSED [ 43%]
tests/test_harness.py::TestEventLifecycleManager::test_load_ignores_legacy_dispatch_fields PASSED [ 43%]
tests/test_harness.py::TestEventLifecycleManager::test_load_is_idempotent PASSED [ 43%]
tests/test_harness.py::TestEventLifecycleManager::test_persist_and_load_round_trip PASSED [ 43%]
tests/test_harness.py::TestCursorState9873A::test_ac15_has_event_false_when_absent PASSED [ 43%]
tests/test_harness.py::TestCursorState9873A::test_ac15_has_event_true_when_present PASSED [ 43%]
tests/test_harness.py::TestCursorState9873A::test_ac17_regression_check_proceeds_when_prior_cursor_evicted PASSED [ 43%]
tests/test_harness.py::TestCursorState9873A::test_ac17_regression_check_skipped_when_no_prior_cursor PASSED [ 43%]
tests/test_harness.py::TestCursorState9873A::test_ac17_regression_rejected PASSED [ 44%]
tests/test_harness.py::TestCursorState9873A::test_ac18_old_ack_call_absent_from_ack_cursor_branch PASSED [ 44%]
tests/test_harness.py::TestCursorState9873A::test_ac19_has_event_called_inside_lock_9902 PASSED [ 44%]
tests/test_harness.py::TestCursorState9873A::test_ac19_lock_ordering_comment_present PASSED [ 44%]
tests/test_harness.py::TestCursorState9873A::test_ac1_cursors_dict_initialized_empty PASSED [ 44%]
tests/test_harness.py::TestCursorState9873A::test_ac1_load_missing_cursors_key_does_not_crash PASSED [ 44%]
tests/test_harness.py::TestCursorState9873A::test_ac2_cursors_persist_round_trip PASSED [ 44%]
tests/test_harness.py::TestCursorState9873A::test_ac7_valid_ack_advances_cursor PASSED [ 44%]
tests/test_harness.py::TestCursorState9873A::test_ac8_ac16_evicted_event_id_rejected PASSED [ 44%]
tests/test_harness.py::TestCursorState9873A::test_advance_cursor_noop_on_empty_args PASSED [ 44%]
tests/test_harness.py::TestCursorState9873A::test_find_positions_single_pass PASSED [ 44%]
tests/test_harness.py::TestCursorState9873A::test_get_cursor_returns_none_when_absent PASSED [ 44%]
tests/test_harness.py::TestCursorState9873A::test_target_evicted_during_regression_check_9902 PASSED [ 44%]
tests/test_harness.py::TestCursorEndpoint9873A::test_ac3_null_cursor_returns_200 PASSED [ 44%]
tests/test_harness.py::TestCursorEndpoint9873A::test_ac4_present_cursor_returns_value PASSED [ 44%]
tests/test_harness.py::TestCursorEndpoint9873A::test_unknown_role_returns_404 PASSED [ 44%]
tests/test_harness.py::TestAckEndpointPayloadGuard9902::test_ack_cursor_list_payload_returns_200_not_500 PASSED [ 44%]
tests/test_harness.py::TestAckEndpointPayloadGuard9902::test_ack_cursor_string_payload_returns_200_not_500 PASSED [ 44%]
tests/test_harness.py::TestAckEndpointPayloadGuard9902::test_ack_stop_null_payload_returns_200_not_500 PASSED [ 44%]
tests/test_harness.py::TestAckEndpointPayloadGuard9902::test_ack_stop_string_payload_returns_200_not_500 PASSED [ 44%]
tests/test_harness.py::TestTerminalPidInAgentState::test_terminal_pid_in_slots PASSED [ 44%]
tests/test_harness.py::TestTerminalPidInAgentState::test_terminal_pid_in_to_dict PASSED [ 44%]
tests/test_harness.py::TestTerminalPidInAgentState::test_terminal_pid_persisted_in_state PASSED [ 44%]
tests/test_harness.py::TestEventDrivenPhase4::test_config_event_driven_field PASSED [ 44%]
tests/test_harness.py::TestEventDrivenPhase4::test_config_scan_idle_timeout_field PASSED [ 44%]
tests/test_harness.py::TestEventDrivenPhase4::test_event_poll_legacy_mode_url PASSED [ 44%]
tests/test_harness.py::TestEventDrivenPhase4::test_event_poll_target_mode_url PASSED [ 44%]
tests/test_harness.py::TestEventDrivenPhase4::test_execute_comment_calls_tracker PASSED [ 44%]
tests/test_harness.py::TestEventDrivenPhase4::test_execute_comment_raises_on_incomplete PASSED [ 44%]
tests/test_harness.py::TestEventDrivenPhase4::test_execute_comment_rejects_null_bytes PASSED [ 44%]
tests/test_harness.py::TestEventDrivenPhase4::test_execute_comment_rejects_oversized_message PASSED [ 44%]
tests/test_harness.py::TestEventDrivenPhase4::test_execute_transition_calls_tracker PASSED [ 44%]
tests/test_harness.py::TestEventDrivenPhase4::test_execute_transition_raises_on_failure PASSED [ 44%]
tests/test_harness.py::TestGetEventsForRole::test_filters_by_target_alias PASSED [ 44%]
tests/test_harness.py::TestGetEventsForRole::test_since_cursor_filters_events PASSED [ 45%]
tests/test_harness.py::TestCompleteEventEndpoint::test_complete_returns_410_always PASSED [ 45%]
tests/test_harness.py::TestCompleteEventEndpoint::test_complete_returns_410_even_without_role PASSED [ 45%]
tests/test_harness.py::TestThinHarnessInvariants::test_handoff_dispatcher_instance_is_absent PASSED [ 45%]
tests/test_harness.py::TestThinHarnessInvariants::test_status_transition_does_not_call_subprocess PASSED [ 45%]
tests/test_harness.py::TestThinHarnessInvariants::test_tracker_handoff_dispatcher_class_is_absent PASSED [ 45%]
tests/test_harness.py::TestEmitEventRegression::test_emit_event_appends_to_stream_and_logs PASSED [ 45%]
tests/test_harness.py::TestEmitEventRegression::test_emit_event_runs_without_nameerror PASSED [ 45%]
tests/test_harness.py::TestEmitEventRegression::test_emit_event_source_uses_event_not_body PASSED [ 45%]
tests/test_harness.py::TestBootupCompleteFlag::test_bootup_complete_event_sets_flag PASSED [ 45%]
tests/test_harness.py::TestBootupCompleteFlag::test_default_bootup_complete_is_false PASSED [ 45%]
tests/test_harness.py::TestBootupCompleteFlag::test_events_for_role_flows_when_flag_true PASSED [ 45%]
tests/test_harness.py::TestBootupCompleteFlag::test_events_for_role_never_gated_when_flag_false PASSED [ 45%]
tests/test_harness.py::TestBootupCompleteFlag::test_no_agent_state_returns_normal_payload PASSED [ 45%]
tests/test_harness.py::TestBootupCompleteFlag::test_restart_clears_bootup_complete PASSED [ 45%]
tests/test_harness.py::TestBootupCompleteFlag::test_start_clears_bootup_complete PASSED [ 45%]
tests/test_harness.py::TestBootupCompleteFlag::test_to_dict_includes_bootup_complete PASSED [ 45%]
tests/test_harness.py::TestEventBusBootupComplete::test_emits_bootup_complete_event PASSED [ 45%]
tests/test_harness.py::TestEventBusBootupComplete::test_no_op_without_role PASSED [ 45%]
tests/test_harness.py::TestReviewFixes::test_external_detector_eviction_bounds_at_500 PASSED [ 45%]
tests/test_harness.py::TestReviewFixes::test_external_detector_mark_emitted_is_thread_safe PASSED [ 45%]
tests/test_harness.py::TestReviewFixes::test_load_state_defaults_bootup_complete_false_for_old_files PASSED [ 45%]
tests/test_harness.py::TestReviewFixes::test_load_state_restores_bootup_complete PASSED [ 45%]
tests/test_harness.py::TestReviewFixes::test_reboot_affected_agents_clears_bootup_complete PASSED [ 45%]
tests/test_harness.py::TestReviewFixes::test_save_state_persists_bootup_complete PASSED [ 45%]
tests/test_harness.py::TestHumanQueueEndpoint::test_dedups_across_both_pending_statuses PASSED [ 45%]
tests/test_harness.py::TestHumanQueueEndpoint::test_does_not_crash_on_gh_failure PASSED [ 45%]
tests/test_harness.py::TestHumanQueueEndpoint::test_does_not_crash_on_malformed_json PASSED [ 45%]
tests/test_harness.py::TestHumanQueueEndpoint::test_does_not_crash_on_unexpected_label_shape PASSED [ 45%]
tests/test_harness.py::TestHumanQueueEndpoint::test_empty_queue_returns_zero PASSED [ 45%]
tests/test_harness.py::TestHumanQueueEndpoint::test_returns_pending_human_review_items PASSED [ 45%]
tests/test_harness.py::TestHumanQueueEndpoint::test_sorts_by_priority_then_age PASSED [ 45%]
tests/test_harness.py::TestHumanQueueEndpoint::test_unknown_updated_at_sorts_last PASSED [ 45%]
tests/test_harness.py::TestHumanQueueEndpoint::test_uses_severity_when_priority_missing PASSED [ 45%]
tests/test_harness.py::TestCleanupLegacySentinels::test_all_four_role_directories_seeded PASSED [ 45%]
tests/test_harness.py::TestCleanupLegacySentinels::test_cleanup_runs_synchronously_before_start_poller PASSED [ 46%]
tests/test_harness.py::TestCleanupLegacySentinels::test_handles_multiple_roles PASSED [ 46%]
tests/test_harness.py::TestCleanupLegacySentinels::test_idempotent_second_pass_returns_zero PASSED [ 46%]
tests/test_harness.py::TestCleanupLegacySentinels::test_legacy_sentinel_names_locked PASSED [ 46%]
tests/test_harness.py::TestCleanupLegacySentinels::test_partial_removal_only_existing PASSED [ 46%]
tests/test_harness.py::TestCleanupLegacySentinels::test_removes_all_three_sentinels PASSED [ 46%]
tests/test_harness.py::TestCleanupLegacySentinels::test_tolerates_missing_files PASSED [ 46%]
tests/test_harness.py::TestCleanupLegacySentinels::test_tolerates_missing_role_directory PASSED [ 46%]
tests/test_harness.py::TestCleanupLegacySentinels::test_unlink_oserror_counted_not_raised PASSED [ 46%]
tests/test_harness_freshness_restart_e5.py::TestEscapeHatchFlag::test_module_level_flag_defaults_false PASSED [ 46%]
tests/test_harness_freshness_restart_e5.py::TestEscapeHatchFlag::test_argparse_registers_no_freshness_check PASSED [ 46%]
tests/test_harness_freshness_restart_e5.py::TestEscapeHatchFlag::test_argparse_reads_env_var PASSED [ 46%]
tests/test_harness_freshness_restart_e5.py::TestEscapeHatchFlag::test_argparse_or_env_drives_module_flag PASSED [ 46%]
tests/test_harness_freshness_restart_e5.py::TestEscapeHatchFlag::test_lifespan_skips_check_when_flag_set PASSED [ 46%]
tests/test_harness_freshness_restart_e5.py::TestEscapeHatchFlag::test_lifespan_logs_bypass PASSED [ 46%]
tests/test_harness_freshness_restart_e5.py::TestRestartStep1bOrdering::test_load_state_runs_before_freshness_check PASSED [ 46%]
tests/test_harness_freshness_restart_e5.py::TestRestartStep1bOrdering::test_freshness_check_runs_before_deferred_init_thread PASSED [ 46%]
tests/test_harness_freshness_restart_e5.py::TestRestartAbortContract::test_failed_status_sets_persistent_flag PASSED [ 46%]
tests/test_harness_freshness_restart_e5.py::TestEscapeHatchDoesNotBypassPersistedFailure::test_no_freshness_check_does_not_reset_failed_flag PASSED [ 46%]
tests/test_harness_freshness_restart_e5.py::TestPersistenceAcrossRestart::test_save_state_writes_failed_flag PASSED [ 46%]
tests/test_harness_freshness_restart_e5.py::TestPersistenceAcrossRestart::test_load_state_restores_failed_flag PASSED [ 46%]
tests/test_harness_freshness_restart_e5.py::TestPersistenceAcrossRestart::test_legacy_state_file_defaults_failed_flag_to_false PASSED [ 46%]
tests/test_harness_freshness_restart_e5.py::TestPersistenceAcrossRestart::test_lifespan_failed_branch_flushes_state PASSED [ 46%]
tests/test_harness_route_contract.py::test_every_harness_route_has_manifest_entry PASSED [ 46%]
tests/test_harness_route_contract.py::test_no_stale_manifest_entries PASSED [ 46%]
tests/test_harness_route_contract.py::test_each_route_has_at_least_one_python_caller[GET-/status-callers0] PASSED [ 46%]
tests/test_harness_route_contract.py::test_each_route_has_at_least_one_python_caller[GET-/agents/{role}-callers1] PASSED [ 46%]
tests/test_harness_route_contract.py::test_each_route_has_at_least_one_python_caller[POST-/agents/all/start-callers2] PASSED [ 46%]
tests/test_harness_route_contract.py::test_each_route_has_at_least_one_python_caller[POST-/agents/all/stop-callers3] PASSED [ 46%]
tests/test_harness_route_contract.py::test_each_route_has_at_least_one_python_caller[POST-/agents/{role}/start-callers4] PASSED [ 46%]
tests/test_harness_route_contract.py::test_each_route_has_at_least_one_python_caller[POST-/agents/{role}/stop-callers5] PASSED [ 46%]
tests/test_harness_route_contract.py::test_each_route_has_at_least_one_python_caller[POST-/agents/{role}/restart-callers6] PASSED [ 46%]
tests/test_harness_route_contract.py::test_each_route_has_at_least_one_python_caller[POST-/events-callers7] PASSED [ 46%]
tests/test_harness_route_contract.py::test_each_route_has_at_least_one_python_caller[GET-/events-callers8] PASSED [ 46%]
tests/test_harness_route_contract.py::test_each_route_has_at_least_one_python_caller[GET-/events/for/{role}-callers9] PASSED [ 47%]
tests/test_harness_route_contract.py::test_each_route_has_at_least_one_python_caller[POST-/shutdown-callers10] PASSED [ 47%]
tests/test_health_check.py::TestParseLocalConfig::test_parses_valid_entries PASSED [ 47%]
tests/test_health_check.py::TestParseLocalConfig::test_missing_file_exits PASSED [ 47%]
tests/test_health_check.py::TestParseLocalConfig::test_malformed_lines_skipped PASSED [ 47%]
tests/test_health_check.py::TestParseLocalConfigMandatory::test_valid_local_config_parses PASSED [ 47%]
tests/test_health_check.py::TestParseLocalConfigMandatory::test_missing_local_config_exits PASSED [ 47%]
tests/test_health_check.py::TestParseLocalConfigMandatory::test_empty_local_config_exits PASSED [ 47%]
tests/test_health_check.py::TestParseLocalConfigMandatory::test_no_global_clones_fallback PASSED [ 47%]
tests/test_health_check.py::TestReadInterval::test_reads_from_config PASSED [ 47%]
tests/test_health_check.py::TestReadInterval::test_missing_config_returns_default PASSED [ 47%]
tests/test_health_check.py::TestReadInterval::test_import_error_returns_default PASSED [ 47%]
tests/test_health_check.py::TestReadInterval::test_non_numeric_returns_default PASSED [ 47%]
tests/test_health_check.py::TestReadInterval::test_empty_string_returns_default PASSED [ 47%]
tests/test_health_check.py::TestReadInterval::test_system_exit_returns_default PASSED [ 47%]
tests/test_health_check.py::TestReadInterval::test_keyboard_interrupt_propagates PASSED [ 47%]
tests/test_health_check.py::TestParseCurrentState::test_valid_state PASSED [ 47%]
tests/test_health_check.py::TestParseCurrentState::test_empty_input PASSED [ 47%]
tests/test_health_check.py::TestParseCurrentState::test_none_input PASSED [ 47%]
tests/test_health_check.py::TestParseCurrentState::test_no_pipe PASSED   [ 47%]
tests/test_health_check.py::TestParseCurrentState::test_multiline_uses_first PASSED [ 47%]
tests/test_health_check.py::TestParseWorkingStateTask::test_active_task PASSED [ 47%]
tests/test_health_check.py::TestParseWorkingStateTask::test_no_task PASSED [ 47%]
tests/test_health_check.py::TestParseWorkingStateTask::test_empty_input PASSED [ 47%]
tests/test_health_check.py::TestParseWorkingStateTask::test_none_input PASSED [ 47%]
tests/test_health_check.py::TestReadClaudePidFile::test_read_claude_pid_exists PASSED [ 47%]
tests/test_health_check.py::TestReadClaudePidFile::test_read_claude_pid_missing PASSED [ 47%]
tests/test_health_check.py::TestReadClaudePidFile::test_read_claude_pid_invalid PASSED [ 47%]
tests/test_health_check.py::TestReadClaudePidFile::test_read_claude_pid_empty PASSED [ 47%]
tests/test_health_check.py::TestCheckAgentHealth::test_pid_alive_recent_state PASSED [ 47%]
tests/test_health_check.py::TestCheckAgentHealth::test_pid_alive_but_stale_state PASSED [ 47%]
tests/test_health_check.py::TestCheckAgentHealth::test_pid_alive_no_state_yet PASSED [ 47%]
tests/test_health_check.py::TestCheckAgentHealth::test_pid_dead PASSED   [ 47%]
tests/test_health_check.py::TestCheckAgentHealth::test_mtime_fallback_healthy PASSED [ 47%]
tests/test_health_check.py::TestCheckAgentHealth::test_mtime_fallback_stalled PASSED [ 48%]
tests/test_health_check.py::TestCheckAgentHealth::test_mtime_fallback_no_files PASSED [ 48%]
tests/test_health_check.py::TestCheckAgentHealth::test_missing_clone_path PASSED [ 48%]
tests/test_health_check.py::TestCheckAgentHealth::test_task_extracted_from_working_state PASSED [ 48%]
tests/test_health_check.py::TestCheckAgentHealth::test_injectable_now PASSED [ 48%]
tests/test_health_check.py::TestNoLegacyReads::test_no_dot_health_read PASSED [ 48%]
tests/test_health_check.py::TestNoLegacyReads::test_no_dot_stop_read PASSED [ 48%]
tests/test_health_check.py::TestNoLegacyReads::test_no_legacy_dot_pid_parser PASSED [ 48%]
tests/test_health_check.py::TestNoLegacyReads::test_docstring_mentions_offline_fallback PASSED [ 48%]
tests/test_installer_wiring.py::TestSkillMdSetupInstructions::test_setup_section_present PASSED [ 48%]
tests/test_installer_wiring.py::TestSkillMdSetupInstructions::test_setup_section_points_at_runbook PASSED [ 48%]
tests/test_installer_wiring.py::TestSkillMdSetupInstructions::test_setup_section_is_concise PASSED [ 48%]
tests/test_installer_wiring.py::TestSkillMdSetupInstructions::test_setup_section_no_legacy_inline_steps PASSED [ 48%]
tests/test_installer_wiring.py::TestSkillMdSetupInstructions::test_runbook_referenced_in_setup_exists PASSED [ 48%]
tests/test_installer_wiring.py::TestSkillMdSetupInstructions::test_dangling_step_4b_refs_fixed PASSED [ 48%]
tests/test_installer_wiring.py::TestCliIndexJs::test_cli_file_exists PASSED [ 48%]
tests/test_installer_wiring.py::TestCliIndexJs::test_fetches_file_manifest PASSED [ 48%]
tests/test_installer_wiring.py::TestCliIndexJs::test_manifest_driven_fetch_loop PASSED [ 48%]
tests/test_installer_wiring.py::TestCliIndexJs::test_fetchRawFile_has_path_validation_guard PASSED [ 48%]
tests/test_installer_wiring.py::TestCliIndexJs::test_writes_files_to_canonical_paths PASSED [ 48%]
tests/test_installer_wiring.py::TestCliIndexJs::test_commits_references_directory PASSED [ 48%]
tests/test_installer_wiring.py::TestCliIndexJs::test_slash_command_points_at_runbook_not_skill_md PASSED [ 48%]
tests/test_installer_wiring.py::TestCliIndexJs::test_slash_command_mentions_ephemeral_installer PASSED [ 48%]
tests/test_installer_wiring.py::TestCliIndexJs::test_slash_command_mentions_nothing_before_step_7 PASSED [ 48%]
tests/test_installer_wiring.py::TestCliIndexJs::test_cli_still_pre_checks_gh_python_claude PASSED [ 48%]
tests/test_installer_wiring.py::TestWizardRunbookExists::test_runbook_file_exists PASSED [ 48%]
tests/test_installer_wiring.py::TestWizardRunbookExists::test_runbook_is_non_trivial PASSED [ 48%]
tests/test_installer_wiring.py::TestInstallerFileManifest::test_manifest_exists PASSED [ 48%]
tests/test_installer_wiring.py::TestInstallerFileManifest::test_manifest_lists_critical_files PASSED [ 48%]
tests/test_installer_wiring.py::TestInstallerFileManifest::test_every_listed_file_exists_on_disk PASSED [ 48%]
tests/test_installer_wiring.py::TestInstallerFileManifest::test_no_duplicate_entries PASSED [ 48%]
tests/test_l1_your_cycle_indexing.py::test_your_cycle_h4s_are_indexed_contiguously_from_one PASSED [ 48%]
tests/test_l1_your_cycle_indexing.py::test_lifetime_diagram_section_labels_match_h4_titles PASSED [ 48%]
tests/test_l4_audit_gate_c3.py::test_happy_path_approve_returns_audit_result PASSED [ 48%]
tests/test_l4_audit_gate_c3.py::test_happy_path_writes_payload_json_as_input_file PASSED [ 48%]
tests/test_l4_audit_gate_c3.py::test_default_task_id_is_derived_from_role_and_op PASSED [ 49%]
tests/test_l4_audit_gate_c3.py::test_custom_task_id_honored PASSED       [ 49%]
tests/test_l4_audit_gate_c3.py::test_rejection_returns_reason_and_suggested_fields PASSED [ 49%]
tests/test_l4_audit_gate_c3.py::test_rejection_without_suggested_fields_is_legal PASSED [ 49%]
tests/test_l4_audit_gate_c3.py::test_decision_field_case_insensitive PASSED [ 49%]
tests/test_l4_audit_gate_c3.py::test_decision_field_invalid_value_raises PASSED [ 49%]
tests/test_l4_audit_gate_c3.py::test_decision_field_missing_raises PASSED [ 49%]
tests/test_l4_audit_gate_c3.py::test_router_timeout_raises_audit_timeout_error PASSED [ 49%]
tests/test_l4_audit_gate_c3.py::test_router_non_zero_exit_raises_router_error PASSED [ 49%]
tests/test_l4_audit_gate_c3.py::test_router_raises_exception_classified_as_router_error PASSED [ 49%]
tests/test_l4_audit_gate_c3.py::test_router_success_with_no_output_raises_output_missing PASSED [ 49%]
tests/test_l4_audit_gate_c3.py::test_audit_gate_error_subclasses_runtimeerror PASSED [ 49%]
tests/test_l4_audit_gate_c3.py::test_model_router_recognizes_l4_audit_task_type PASSED [ 49%]
tests/test_l4_audit_gate_c3.py::test_l4_audit_template_exists_at_canonical_path PASSED [ 49%]
tests/test_l4_audit_gate_c3.py::test_l4_audit_template_documents_reject_for_vault PASSED [ 49%]
tests/test_l4_audit_gate_c3.py::test_l4_audit_template_enumerates_all_five_op_types PASSED [ 49%]
tests/test_l4_compose_dryrun_c5.py::test_clean_l4_returns_passed_true PASSED [ 49%]
tests/test_l4_compose_dryrun_c5.py::test_clean_l4_runs_check_for_every_alias_of_role_class PASSED [ 49%]
tests/test_l4_compose_dryrun_c5.py::test_clean_l4_writes_staged_content_to_tempfile_under_repo_root PASSED [ 49%]
tests/test_l4_compose_dryrun_c5.py::test_validation_failure_returns_passed_false[R5-L4 op references non-existent step-id `ghost`] PASSED [ 49%]
tests/test_l4_compose_dryrun_c5.py::test_validation_failure_returns_passed_false[R1-L4 file contains `## Vault` H2] PASSED [ 49%]
tests/test_l4_compose_dryrun_c5.py::test_validation_failure_returns_passed_false[R6-whole-slot replace mixed with other ops] PASSED [ 49%]
tests/test_l4_compose_dryrun_c5.py::test_setup_error_classified_as_setup_rule_label PASSED [ 49%]
tests/test_l4_compose_dryrun_c5.py::test_unexpected_exception_classified_as_other PASSED [ 49%]
tests/test_l4_compose_dryrun_c5.py::test_one_alias_fails_another_passes_returns_failed PASSED [ 49%]
tests/test_l4_compose_dryrun_c5.py::test_multiple_alias_failures_all_recorded PASSED [ 49%]
tests/test_l4_compose_dryrun_c5.py::test_role_class_with_no_aliases_returns_setup_failure PASSED [ 49%]
tests/test_l4_compose_dryrun_c5.py::test_format_failure_for_human_passed_returns_empty_string PASSED [ 49%]
tests/test_l4_compose_dryrun_c5.py::test_format_failure_for_human_single_alias_matches_ac2_phrasing PASSED [ 49%]
tests/test_l4_compose_dryrun_c5.py::test_format_failure_for_human_multi_alias_enumerates_each PASSED [ 49%]
tests/test_l4_compose_dryrun_c5.py::test_dryrun_result_default_failures_is_independent_list PASSED [ 49%]
tests/test_l4_compose_dryrun_c5.py::test_dryrun_failure_has_all_three_fields PASSED [ 49%]
tests/test_l4_conflict_preempt_c8.py::TestReplaceOpShortCircuits::test_step_targeted_replace_skips_dispatch PASSED [ 49%]
tests/test_l4_conflict_preempt_c8.py::TestReplaceOpShortCircuits::test_whole_slot_replace_also_skips PASSED [ 49%]
tests/test_l4_conflict_preempt_c8.py::TestReplaceOpShortCircuits::test_skip_result_reason_explains_why PASSED [ 50%]
tests/test_l4_conflict_preempt_c8.py::TestReplaceOpShortCircuits::test_malformed_replace_does_not_short_circuit PASSED [ 50%]
tests/test_l4_conflict_preempt_c8.py::TestReplaceOpShortCircuits::test_step_targeted_replace_with_non_cycle_target_does_not_short_circuit PASSED [ 50%]
tests/test_l4_conflict_preempt_c8.py::TestCleanInsertPath::test_clean_decision_parses_and_advances_to_gate_1 PASSED [ 50%]
tests/test_l4_conflict_preempt_c8.py::TestCleanInsertPath::test_append_op_also_dispatches PASSED [ 50%]
tests/test_l4_conflict_preempt_c8.py::TestContradictionPath::test_contradiction_decision_surfaces_quotes PASSED [ 50%]
tests/test_l4_conflict_preempt_c8.py::TestContradictionPath::test_contradiction_with_reword_suggestion PASSED [ 50%]
tests/test_l4_conflict_preempt_c8.py::TestFormatContradictionForHuman::test_clean_result_renders_empty_string PASSED [ 50%]
tests/test_l4_conflict_preempt_c8.py::TestFormatContradictionForHuman::test_skip_result_renders_empty_string PASSED [ 50%]
tests/test_l4_conflict_preempt_c8.py::TestFormatContradictionForHuman::test_contradiction_renders_both_quotes PASSED [ 50%]
tests/test_l4_conflict_preempt_c8.py::TestFormatContradictionForHuman::test_quote_with_embedded_newline_renders_as_multi_line_blockquote PASSED [ 50%]
tests/test_l4_conflict_preempt_c8.py::TestFormatContradictionForHuman::test_missing_quotes_render_as_placeholder PASSED [ 50%]
tests/test_l4_conflict_preempt_c8.py::TestFormatContradictionForHuman::test_contradiction_with_reword_recommends_reword_first PASSED [ 50%]
tests/test_l4_conflict_preempt_c8.py::TestFailureModes::test_model_router_exception_raises_PreemptModelRouterError PASSED [ 50%]
tests/test_l4_conflict_preempt_c8.py::TestFailureModes::test_nonzero_exit_raises_PreemptModelRouterError PASSED [ 50%]
tests/test_l4_conflict_preempt_c8.py::TestFailureModes::test_exit_code_3_raises_PreemptTimeoutError PASSED [ 50%]
tests/test_l4_conflict_preempt_c8.py::TestFailureModes::test_missing_output_file_raises_PreemptOutputMissingError PASSED [ 50%]
tests/test_l4_conflict_preempt_c8.py::TestFailureModes::test_missing_decision_line_raises_PreemptParseError PASSED [ 50%]
tests/test_l4_conflict_preempt_c8.py::TestFailureModes::test_invalid_decision_value_raises_PreemptParseError PASSED [ 50%]
tests/test_l4_conflict_preempt_c8.py::TestFailureModes::test_exception_hierarchy PASSED [ 50%]
tests/test_l4_conflict_preempt_c8.py::TestDispatchPayload::test_payload_contains_linked_composite PASSED [ 50%]
tests/test_l4_conflict_preempt_c8.py::TestDispatchPayload::test_dispatch_input_lives_under_repo_root PASSED [ 50%]
tests/test_l4_conflict_preempt_c8.py::TestPreemptResultShape::test_default_optional_fields_are_empty_strings PASSED [ 50%]
tests/test_l4_conflict_preempt_c8.py::TestPreemptResultShape::test_proceeds_to_gate_1_property PASSED [ 50%]
tests/test_l4_file_watcher_e3.py::TestRoleClassFromPath::test_pm_md_classifies_as_pm PASSED [ 50%]
tests/test_l4_file_watcher_e3.py::TestRoleClassFromPath::test_subdirectory_file_ignored PASSED [ 50%]
tests/test_l4_file_watcher_e3.py::TestRoleClassFromPath::test_dotfile_temp_ignored PASSED [ 50%]
tests/test_l4_file_watcher_e3.py::TestRoleClassFromPath::test_non_md_extension_ignored PASSED [ 50%]
tests/test_l4_file_watcher_e3.py::TestRoleClassFromPath::test_path_outside_repo_ignored PASSED [ 50%]
tests/test_l4_file_watcher_e3.py::TestComputeAffectedAliases::test_filters_to_role_class PASSED [ 50%]
tests/test_l4_file_watcher_e3.py::TestComputeAffectedAliases::test_single_alias_role_class PASSED [ 50%]
tests/test_l4_file_watcher_e3.py::TestComputeAffectedAliases::test_unknown_role_class_returns_empty PASSED [ 50%]
tests/test_l4_file_watcher_e3.py::TestRecomposeForRoleClass::test_success_emits_restart_required PASSED [ 50%]
tests/test_l4_file_watcher_e3.py::TestRecomposeForRoleClass::test_failure_emits_compose_failed_not_restart PASSED [ 50%]
tests/test_l4_file_watcher_e3.py::TestRecomposeForRoleClass::test_failure_in_one_alias_does_not_halt_others PASSED [ 51%]
tests/test_l4_file_watcher_e3.py::TestRecomposeForRoleClass::test_runner_raise_is_treated_as_failure PASSED [ 51%]
tests/test_l4_file_watcher_e3.py::TestEmitResults::test_success_event_carries_target_alias_and_context PASSED [ 51%]
tests/test_l4_file_watcher_e3.py::TestEmitResults::test_failure_event_uses_compose_failed_context PASSED [ 51%]
tests/test_l4_file_watcher_e3.py::TestRecomposePath::test_pm_md_write_triggers_emit PASSED [ 51%]
tests/test_l4_file_watcher_e3.py::TestRecomposePath::test_unrelated_file_produces_no_compose_no_events PASSED [ 51%]
tests/test_l4_file_watcher_e3.py::TestDebounce::test_burst_coalesces_to_single_fire PASSED [ 51%]
tests/test_l4_file_watcher_e3.py::TestDebounce::test_distinct_keys_fire_independently PASSED [ 51%]
tests/test_l4_file_watcher_e3.py::TestDebounce::test_flush_cancels_pending_without_firing PASSED [ 51%]
tests/test_l4_file_watcher_e3.py::TestDebounce::test_stale_timer_after_reschedule_does_not_double_fire PASSED [ 51%]
tests/test_l4_file_watcher_e3.py::TestChangeCallback::test_registry_read_per_change_call PASSED [ 51%]
tests/test_l4_file_watcher_e3.py::TestChangeCallback::test_registry_failure_emits_pm_compose_failed PASSED [ 51%]
tests/test_l4_file_watcher_e3.py::TestHarnessSupervisor::test_first_tick_spawns_observer PASSED [ 51%]
tests/test_l4_file_watcher_e3.py::TestHarnessSupervisor::test_live_observer_is_no_op PASSED [ 51%]
tests/test_l4_file_watcher_e3.py::TestHarnessSupervisor::test_dead_observer_is_respawned PASSED [ 51%]
tests/test_l4_file_watcher_e3.py::TestHarnessSupervisor::test_start_failure_logs_and_retries_next_tick PASSED [ 51%]
tests/test_l4_file_watcher_e3.py::TestHarnessSupervisor::test_stale_debouncer_flushed_on_respawn PASSED [ 51%]
tests/test_l4_file_watcher_e3.py::TestHarnessLifespanWiring::test_lifespan_calls_start_and_stop PASSED [ 51%]
tests/test_l4_mini_cq_c4.py::test_format_confirmation_step_targeted_op PASSED [ 51%]
tests/test_l4_mini_cq_c4.py::test_format_confirmation_append_no_target PASSED [ 51%]
tests/test_l4_mini_cq_c4.py::test_format_confirmation_whole_slot_replace PASSED [ 51%]
tests/test_l4_mini_cq_c4.py::test_format_confirmation_with_target_string PASSED [ 51%]
tests/test_l4_mini_cq_c4.py::test_format_confirmation_strips_whitespace PASSED [ 51%]
tests/test_l4_mini_cq_c4.py::test_classify_reply_recognizes_approvals[yes] PASSED [ 51%]
tests/test_l4_mini_cq_c4.py::test_classify_reply_recognizes_approvals[Yes] PASSED [ 51%]
tests/test_l4_mini_cq_c4.py::test_classify_reply_recognizes_approvals[YES] PASSED [ 51%]
tests/test_l4_mini_cq_c4.py::test_classify_reply_recognizes_approvals[  yes  ] PASSED [ 51%]
tests/test_l4_mini_cq_c4.py::test_classify_reply_recognizes_approvals[yes!] PASSED [ 51%]
tests/test_l4_mini_cq_c4.py::test_classify_reply_recognizes_approvals[yes.] PASSED [ 51%]
tests/test_l4_mini_cq_c4.py::test_classify_reply_recognizes_approvals[y] PASSED [ 51%]
tests/test_l4_mini_cq_c4.py::test_classify_reply_recognizes_approvals[Y] PASSED [ 51%]
tests/test_l4_mini_cq_c4.py::test_classify_reply_recognizes_approvals[ok] PASSED [ 51%]
tests/test_l4_mini_cq_c4.py::test_classify_reply_recognizes_approvals[OK] PASSED [ 51%]
tests/test_l4_mini_cq_c4.py::test_classify_reply_recognizes_approvals[Ok] PASSED [ 51%]
tests/test_l4_mini_cq_c4.py::test_classify_reply_recognizes_approvals[ ok ] PASSED [ 51%]
=== Static Analysis Tests (pytest) ===

NOTICE: gating 136 static test file(s); 31 excluded by allowlist + 6 *_live (run separately):
  - test_comprehension_1428 [non-static]: spawns live model via run_comprehension_test.py — CQ harness, not static
  - test_comprehension_2181 [non-static]: spawns live model via run_comprehension_test.py — CQ harness, not static
  - test_comprehension_2183 [non-static]: spawns live model via run_comprehension_test.py — CQ harness, not static
  - test_comprehension_2195 [non-static]: spawns live model via run_comprehension_test.py — CQ harness, not static
  - test_comprehension_361 [non-static]: spawns live model via run_comprehension_test.py — CQ harness, not static
  - test_comprehension_4792 [non-static]: spawns live model via run_comprehension_test.py — CQ harness, not static
  - test_comprehension_9184 [non-static]: spawns live model via run_comprehension_test.py — CQ harness, not static
  - test_feat_6581_wizard_reframing [non-static]: test_tc_10b recursively invokes run_tests.py (full suite incl integration) — unsuitable for static gate; #11503
  - test_4792_fragment_hygiene [known-failure]: asserts removed 'sole liveness signal' phrase in composed skill — #11503
  - test_a3_golden_link_stage [known-failure]: compose golden drifted — #11503
  - test_agent_boundaries [known-failure]: asserts removed responsibility.md + 'Know each other's responsibilities' phrase — #11503
  - test_atomic_emit_b7 [known-failure]: compose section-list golden drifted — #11503
  - test_comms_sub_skills [known-failure]: chat-etiquette.md heading-format assertion (possibly real) — #11503
  - test_compose_a2f_10492 [known-failure]: compose section-list golden drifted — #11503
  - test_compose_author_comments_11142 [known-failure]: asserts boot-bootstrap wrapper marker in restructured worker/instructions.md — #11503
  - test_config_functions [known-failure]: SAMPLE_CONFIG fixture missing new FIELD_MAP entries (code-review-model, effort-*, event-driven) — #11503
  - test_cycle_pre [known-failure]: asserts 'verifier' in alias set; #6274 rename partial — #11503 / #6274
  - test_deterministic_qa_framework [known-failure]: asserts '"Deferred"' in composed QA (drifted) — #11503
  - test_dm_verify_before_block [known-failure]: reads removed references/sub-skills/roles/dm/prohibitions.md — #11503
  - test_event_mode_fragments [known-failure]: expects includes.yml to list common/boot-bootstrap (v2 changed includes) — #11503
  - test_feat328_coverage [known-failure]: capability registry empty: known capabilities [] (possibly real) — #11503
  - test_feat_9588_lazy_load_bootstrap [known-failure]: asserts removed '## Boot — Mode Detection (#9588)' heading — #11503
  - test_manifest_registry [known-failure]: shipped registry validation error (possibly real) — #11503
  - test_own_domain_autofix [known-failure]: asserts removed v1 {{include:}} directive syntax (#11049 Path A) — #11503
  - test_pickup_comment_fidelity_9946 [known-failure]: reads removed references/roles/dev/includes.yml (pre-rename) — #11503
  - test_references [known-failure]: asserts removed v1 references/agent-instructions.md — #11503
  - test_stale_tracker_files_ref [known-failure]: reads removed references/sub-skills/roles/pm/prohibitions.md — #11503
  - test_state_bus [known-failure]: asserts git pull --rebase; code is --no-rebase per never-rebase rule — #11503
  - test_statusline_schema [known-failure]: references/ vs .squidsquad/ statusline.sh out of sync (possibly real) — #11503
  - test_terminology_dual_aware_6274 [known-failure]: asserts pre-rename ('dev','skill'); #6274 landed → ('worker','skill') — #11503
  - test_vault_synthesis [known-failure]: asserts 'create-task' in restructured pm source (drifted) — #11503

