
=== Static Analysis Tests (pytest) ===

NOTICE: gating 159 static test file(s); 10 excluded by allowlist + 6 *_live (run separately):
  - test_comprehension_1428 [non-static]: spawns live model via run_comprehension_test.py — CQ harness, not static
  - test_comprehension_2181 [non-static]: spawns live model via run_comprehension_test.py — CQ harness, not static
  - test_comprehension_2183 [non-static]: spawns live model via run_comprehension_test.py — CQ harness, not static
  - test_comprehension_2195 [non-static]: spawns live model via run_comprehension_test.py — CQ harness, not static
  - test_comprehension_361 [non-static]: spawns live model via run_comprehension_test.py — CQ harness, not static
  - test_comprehension_4792 [non-static]: spawns live model via run_comprehension_test.py — CQ harness, not static
  - test_comprehension_9184 [non-static]: spawns live model via run_comprehension_test.py — CQ harness, not static
  - test_feat_6581_wizard_reframing [non-static]: test_tc_10b recursively invokes run_tests.py (full suite incl integration) — unsuitable for static gate; #11503
  - test_agent_boundaries [known-failure]: test_ac7: 20 L3 variant responsibility stubs missing (COMPOSE-ARCH §5.2) — blocked on OPEN #10360. The other 19 assertions (ac4/ac6/ac11) are superseded by the agent-boundaries sub-skill retirement; rewrite the file together once #10360 unblocks it
  - test_compose_author_comments_11142 [known-failure]: test_10360_cleanup_markers_preserved: #10360-cleanup breadcrumbs (future-work pointers for OPEN #10360) dropped by #11331 rewrite — blocked on #10360 (the stale boot-bootstrap-marker half is fixed)

============================= test session starts =============================
platform win32 -- Python 3.12.10, pytest-9.0.2, pluggy-1.6.0 -- C:\Users\naaht\AppData\Local\Programs\Python\Python312\python.exe
cachedir: .pytest_cache
rootdir: D:\Dev\Dev\SquidSquad-2
plugins: anyio-4.12.1, asyncio-1.3.0, cov-7.0.0
asyncio: mode=Mode.STRICT, debug=False, asyncio_default_fixture_loop_scope=None, asyncio_default_test_loop_scope=function
collecting ... collected 4189 items

tests/test_11394_static_discovery.py::test_no_silent_ungating PASSED     [  0%]
tests/test_11394_static_discovery.py::test_gated_and_exclusions_are_disjoint PASSED [  0%]
tests/test_11394_static_discovery.py::test_exclusion_entries_reference_existing_files PASSED [  0%]
tests/test_11394_static_discovery.py::test_every_exclusion_has_a_reason PASSED [  0%]
tests/test_11394_static_discovery.py::test_discovery_only_returns_existing_files PASSED [  0%]
tests/test_11394_static_discovery.py::test_live_suffix_files_are_never_gated PASSED [  0%]
tests/test_11394_static_discovery.py::test_empty_gate_fails_fast PASSED  [  0%]
tests/test_11394_static_discovery.py::test_gate_survives_a_deleted_gated_file PASSED [  0%]
tests/test_11587_uvicorn_selector_loop.py::TestHarnessUvicornLoopFactory::test_default_auto_loop_would_be_proactor_on_win32 PASSED [  0%]
tests/test_11587_uvicorn_selector_loop.py::TestHarnessUvicornLoopFactory::test_harness_config_loop_factory_is_none PASSED [  0%]
tests/test_11587_uvicorn_selector_loop.py::TestHarnessUvicornLoopFactory::test_harness_config_loop_is_none PASSED [  0%]
tests/test_11587_uvicorn_selector_loop.py::TestHarnessUvicornLoopFactory::test_none_factory_under_policy_yields_selector_on_win32 PASSED [  0%]
tests/test_11587_uvicorn_selector_loop.py::TestHarnessUvicornLoopWiring::test_helper_sets_loop_none PASSED [  0%]
tests/test_11587_uvicorn_selector_loop.py::TestHarnessUvicornLoopWiring::test_main_uses_build_uvicorn_config_helper PASSED [  0%]
tests/test_11723_port_discovery_liveness.py::test_port_is_live_true_for_listening_port PASSED [  0%]
tests/test_11723_port_discovery_liveness.py::test_port_is_live_false_for_dead_port PASSED [  0%]
tests/test_11723_port_discovery_liveness.py::test_port_is_live_false_for_garbage PASSED [  0%]
tests/test_11723_port_discovery_liveness.py::test_discover_returns_live_file_port PASSED [  0%]
tests/test_11723_port_discovery_liveness.py::test_discover_skips_dead_file_port_and_falls_to_live_default PASSED [  0%]
tests/test_11723_port_discovery_liveness.py::test_discover_returns_default_when_nothing_listening PASSED [  0%]
tests/test_11723_port_discovery_liveness.py::test_discover_missing_file_uses_live_default PASSED [  0%]
tests/test_4792_fragment_hygiene.py::TestLifecycleFragment::test_no_health_legacy_reference PASSED [  0%]
tests/test_4792_fragment_hygiene.py::TestLifecycleFragment::test_canonical_liveness_phrase_present PASSED [  0%]
tests/test_4792_fragment_hygiene.py::TestLifecycleFragment::test_removed_sentinel_absent[.health] PASSED [  0%]
tests/test_4792_fragment_hygiene.py::TestLifecycleFragment::test_removed_sentinel_absent[.stop] PASSED [  0%]
tests/test_4792_fragment_hygiene.py::TestLifecycleFragment::test_removed_sentinel_absent[.restart] PASSED [  0%]
tests/test_4792_fragment_hygiene.py::TestLifecycleFragment::test_removed_sentinel_absent[.stop-after-cycle] PASSED [  0%]
tests/test_4792_fragment_hygiene.py::TestLifecycleFragment::test_lifecycle_interface_uses_squidsquad_cli PASSED [  0%]
tests/test_4792_fragment_hygiene.py::TestLifecycleFragment::test_no_direct_start_team_invocation PASSED [  0%]
tests/test_4792_fragment_hygiene.py::TestPmHealthCheckFragment::test_no_health_legacy_fallback_phrasing PASSED [  0%]
tests/test_4792_fragment_hygiene.py::TestPmHealthCheckFragment::test_mentions_claude_pid_or_status PASSED [  0%]
tests/test_4792_fragment_hygiene.py::TestSharedInstructions::test_no_health_legacy_reference PASSED [  0%]
tests/test_4792_fragment_hygiene.py::TestSharedInstructions::test_canonical_liveness_phrase_present PASSED [  0%]
tests/test_4792_fragment_hygiene.py::TestSharedInstructions::test_canonical_operator_entry_point PASSED [  0%]
tests/test_4792_fragment_hygiene.py::TestComposedClaudeMd::test_no_health_reference[skill] PASSED [  0%]
tests/test_4792_fragment_hygiene.py::TestComposedClaudeMd::test_no_health_reference[pm] PASSED [  0%]
tests/test_4792_fragment_hygiene.py::TestComposedClaudeMd::test_no_health_reference[qa] PASSED [  0%]
tests/test_4792_fragment_hygiene.py::TestComposedClaudeMd::test_no_health_reference[dm] PASSED [  0%]
tests/test_4792_fragment_hygiene.py::TestComposedClaudeMd::test_sole_liveness_signal_present PASSED [  0%]
tests/test_4792_fragment_hygiene.py::TestComposedClaudeMd::test_squidsquad_cli_canonical[skill] PASSED [  0%]
tests/test_4792_fragment_hygiene.py::TestComposedClaudeMd::test_squidsquad_cli_canonical[pm] PASSED [  0%]
tests/test_4792_fragment_hygiene.py::TestComposedClaudeMd::test_squidsquad_cli_canonical[qa] PASSED [  1%]
tests/test_4792_fragment_hygiene.py::TestComposedClaudeMd::test_squidsquad_cli_canonical[dm] PASSED [  1%]
tests/test_4792_fragment_hygiene.py::TestComprehensionSpecExists::test_spec_file_exists PASSED [  1%]
tests/test_9242_harness_wedge_fixes.py::TestNoAutoStartFlag::test_argparse_accepts_no_auto_start PASSED [  1%]
tests/test_9242_harness_wedge_fixes.py::TestNoAutoStartFlag::test_module_exposes_no_auto_start_switch PASSED [  1%]
tests/test_9242_harness_wedge_fixes.py::TestAsyncSaveStateOffEventLoop::test_no_bare_save_state_inside_async_handlers 
tests/test_9242_harness_wedge_fixes.py::TestAsyncSaveStateOffEventLoop::test_no_bare_save_state_inside_async_handlers PASSED [  1%]
tests/test_9242_harness_wedge_fixes.py::TestAsyncSaveStateOffEventLoop::test_sync_save_state_calls_remain_bare 
tests/test_9242_harness_wedge_fixes.py::TestAsyncSaveStateOffEventLoop::test_sync_save_state_calls_remain_bare PASSED [  1%]
tests/test_9242_harness_wedge_fixes.py::TestAsyncSaveStateOffEventLoop::test_to_thread_wraps_present PASSED [  1%]
tests/test_9242_harness_wedge_fixes.py::TestGitOpsNeverEmitsUnknownRole::test_emit_drops_when_argv_cannot_yield_role PASSED [  1%]
tests/test_9242_harness_wedge_fixes.py::TestGitOpsNeverEmitsUnknownRole::test_emit_infers_role_from_named_subcommand PASSED [  1%]
tests/test_9242_harness_wedge_fixes.py::TestGitOpsNeverEmitsUnknownRole::test_emit_uses_explicit_role_when_passed PASSED [  1%]
tests/test_9242_harness_wedge_fixes.py::TestHarnessRejectsUnknownRoleAtBoundary::test_event_with_configured_role_passes_through PASSED [  1%]
tests/test_9242_harness_wedge_fixes.py::TestHarnessRejectsUnknownRoleAtBoundary::test_event_with_unknown_role_is_dropped PASSED [  1%]
tests/test_9242_harness_wedge_fixes.py::TestHarnessRejectsUnknownRoleAtBoundary::test_pm_role_is_allowed_even_though_not_in_dev_agents PASSED [  1%]
tests/test_9357_eventlifecycle_load_thread_safety.py::TestLoadIdempotencyGuardLockProtected::test_concurrent_load_double_dispatch_does_not_double_append PASSED [  1%]
tests/test_9357_eventlifecycle_load_thread_safety.py::TestLoadIdempotencyGuardLockProtected::test_loaded_flag_set_before_body_runs PASSED [  1%]
tests/test_9357_eventlifecycle_load_thread_safety.py::TestLoadIdempotencyGuardLockProtected::test_second_load_is_silent_noop PASSED [  1%]
tests/test_9357_eventlifecycle_load_thread_safety.py::TestLoadIdempotencyGuardLockProtected::test_single_load_appends_events_once PASSED [  1%]
tests/test_9357_eventlifecycle_load_thread_safety.py::TestLoadStaticInvariant::test_loaded_check_is_inside_lock PASSED [  1%]
tests/test_9398_gh_shim.py::TestGhShimReadCommands::test_list_key_overridable_by_env PASSED [  1%]
tests/test_9398_gh_shim.py::TestGhShimReadCommands::test_list_returns_empty_array_when_no_fixture PASSED [  1%]
tests/test_9398_gh_shim.py::TestGhShimReadCommands::test_list_serves_default_fixture_when_present PASSED [  1%]
tests/test_9398_gh_shim.py::TestGhShimReadCommands::test_view_keyed_by_issue_number PASSED [  1%]
tests/test_9398_gh_shim.py::TestGhShimReadCommands::test_view_returns_empty_object_when_no_fixture PASSED [  1%]
tests/test_9398_gh_shim.py::TestGhShimWriteCommands::test_comment_logs_write PASSED [  1%]
tests/test_9398_gh_shim.py::TestGhShimWriteCommands::test_edit_logs_write_to_fixtures_dir PASSED [  1%]
tests/test_9398_gh_shim.py::TestGhShimWriteCommands::test_write_without_fixtures_dir_succeeds_silently PASSED [  1%]
tests/test_9398_gh_shim.py::TestGhShimMetaCommands::test_no_args_fails_loudly PASSED [  1%]
tests/test_9398_gh_shim.py::TestGhShimMetaCommands::test_version_flag PASSED [  1%]
tests/test_9398_squidsquad_dir_env_var.py::TestEventBusSquidDirEnvVar::test_event_bus_default_unchanged_when_env_var_unset PASSED [  1%]
tests/test_9398_squidsquad_dir_env_var.py::TestEventBusSquidDirEnvVar::test_event_bus_honors_squidsquad_dir_env_var PASSED [  1%]
tests/test_9398_squidsquad_dir_env_var.py::TestHarnessSquidDirEnvVar::test_harness_default_unchanged_when_env_var_unset PASSED [  1%]
tests/test_9398_squidsquad_dir_env_var.py::TestHarnessSquidDirEnvVar::test_harness_port_file_rebases_under_env_overridden_dir PASSED [  1%]
tests/test_9398_squidsquad_dir_env_var.py::TestHarnessSquidDirEnvVar::test_harness_squidsquad_dir_honors_env_var PASSED [  1%]
tests/test_9398_squidsquad_dir_env_var.py::TestSquidsquadDirNullEnvVarHandled::test_empty_string_env_var_falls_back_to_default PASSED [  1%]
tests/test_9398_squidsquad_dir_env_var.py::TestSquidsquadDirEnvVarFootguns::test_harness_strip_expanduser_same_contract PASSED [  1%]
tests/test_9398_squidsquad_dir_env_var.py::TestSquidsquadDirEnvVarFootguns::test_tilde_is_expanded PASSED [  1%]
tests/test_9398_squidsquad_dir_env_var.py::TestSquidsquadDirEnvVarFootguns::test_trailing_whitespace_is_stripped PASSED [  1%]
tests/test_9398_tracker_gh_resolution.py::TestResolveGhBin::test_cache_is_sticky_within_process PASSED [  1%]
tests/test_9398_tracker_gh_resolution.py::TestResolveGhBin::test_picks_up_path_prepended_cmd_on_windows PASSED [  1%]
tests/test_9398_tracker_gh_resolution.py::TestResolveGhBin::test_returns_string PASSED [  1%]
tests/test_9398_tracker_gh_resolution.py::TestRunListSubstitutesGh::test_empty_cmd_list_does_not_crash PASSED [  1%]
tests/test_9398_tracker_gh_resolution.py::TestRunListSubstitutesGh::test_first_arg_gh_substituted_with_resolved_bin PASSED [  2%]
tests/test_9398_tracker_gh_resolution.py::TestRunListSubstitutesGh::test_non_gh_first_arg_passes_through_unchanged PASSED [  2%]
tests/test_9481_update_health_off_event_loop.py::TestStatusEndpointNoInlineUpdateHealth::test_get_status_does_not_call_update_health PASSED [  2%]
tests/test_9481_update_health_off_event_loop.py::TestUpdateHealthStillCalledFromPoller::test_poll_loop_calls_update_health PASSED [  2%]
tests/test_9481_update_health_off_event_loop.py::TestUpdateHealthStillCalledFromPoller::test_start_poller_invoked_in_lifespan PASSED [  2%]
tests/test_9562_selector_event_loop_policy.py::TestSelectorEventLoopPolicySetInMain::test_policy_call_is_gated_by_win32 PASSED [  2%]
tests/test_9562_selector_event_loop_policy.py::TestSelectorEventLoopPolicySetInMain::test_policy_call_precedes_uvicorn_server PASSED [  2%]
tests/test_9562_selector_event_loop_policy.py::TestSelectorEventLoopPolicySetInMain::test_policy_call_present_in_main PASSED [  2%]
tests/test_9574_comprehension_runner_write_contract.py::TestRunnerExitsNonZeroOnEmptyAgentOutput::test_empty_agent_text_causes_nonzero_exit PASSED [  2%]
tests/test_9574_comprehension_runner_write_contract.py::TestRunnerExitsNonZeroOnEmptyAgentOutput::test_no_placeholder_answers_file_on_empty_output PASSED [  2%]
tests/test_9574_comprehension_runner_write_contract.py::TestRunnerExitsNonZeroOnEmptyAgentOutput::test_valid_agent_output_writes_files_from_python PASSED [  2%]
tests/test_9574_comprehension_runner_write_contract.py::TestRunAgentUsesJsonOutputFormat::test_allowed_tools_omitted_when_empty PASSED [  2%]
tests/test_9574_comprehension_runner_write_contract.py::TestRunAgentUsesJsonOutputFormat::test_output_format_precedes_allowed_tools PASSED [  2%]
tests/test_9574_comprehension_runner_write_contract.py::TestRunAgentUsesJsonOutputFormat::test_run_agent_passes_json_output_format PASSED [  2%]
tests/test_9574_comprehension_runner_write_contract.py::TestRunAgentUsesJsonOutputFormat::test_run_agent_returns_empty_on_is_error PASSED [  2%]
tests/test_9574_comprehension_runner_write_contract.py::TestRunAgentUsesJsonOutputFormat::test_run_agent_returns_empty_on_malformed_json PASSED [  2%]
tests/test_9574_comprehension_runner_write_contract.py::TestPromptDoesNotAskForWriteTool::test_forbidden_list_actually_matches_prefix_phrasing PASSED [  2%]
tests/test_9574_comprehension_runner_write_contract.py::TestPromptDoesNotAskForWriteTool::test_runner_source_does_not_instruct_write_tool PASSED [  2%]
tests/test_9574_comprehension_runner_write_contract.py::TestPromptDoesNotAskForWriteTool::test_runner_source_uses_json_output_contract PASSED [  2%]
tests/test_9574_comprehension_runner_write_contract.py::TestFindClaudeWindowsPreference::test_non_win32_uses_shutil_which PASSED [  2%]
tests/test_9574_comprehension_runner_write_contract.py::TestFindClaudeWindowsPreference::test_win32_returns_cmd_only_if_no_exe_anywhere PASSED [  2%]
tests/test_9574_comprehension_runner_write_contract.py::TestFindClaudeWindowsPreference::test_win32_returns_hardcoded_npm_exe_when_present PASSED [  2%]
tests/test_9574_comprehension_runner_write_contract.py::TestFindClaudeWindowsPreference::test_win32_sibling_exe_returned_when_path_yields_cmd PASSED [  2%]
tests/test_9665_no_inline_update_health_on_agents_endpoints.py::TestAgentsEndpointsNoInlineUpdateHealth::test_no_update_health_call_in_each_handler 
tests/test_9665_no_inline_update_health_on_agents_endpoints.py::TestAgentsEndpointsNoInlineUpdateHealth::test_no_update_health_call_in_each_handler PASSED [  2%]
tests/test_a3_golden_link_stage.py::test_fixture_emit_matches_committed_golden[pm-pm-None] PASSED [  2%]
tests/test_a3_golden_link_stage.py::test_fixture_emit_matches_committed_golden[worker-fe-worker-fe] PASSED [  2%]
tests/test_a3_golden_link_stage.py::test_fixture_l4_uses_all_four_op_types[pm-pm-None] PASSED [  2%]
tests/test_a3_golden_link_stage.py::test_fixture_l4_uses_all_four_op_types[worker-fe-worker-fe] PASSED [  2%]
tests/test_a3_golden_link_stage.py::test_fixture_pm_has_no_l3_subtree PASSED [  2%]
tests/test_a3_golden_link_stage.py::test_fixture_worker_fe_has_l3_subtree PASSED [  2%]
tests/test_a3_golden_link_stage.py::test_corrupted_l4_aborts_with_parse_error PASSED [  2%]
tests/test_a3_golden_link_stage.py::test_corrupted_l4_does_not_silently_match_golden PASSED [  2%]
tests/test_add_role.py::TestValidateRole::test_configured_role_is_valid PASSED [  2%]
tests/test_add_role.py::TestValidateRole::test_unconfigured_role_without_own_template_is_invalid PASSED [  2%]
tests/test_add_role.py::TestValidateRole::test_unknown_role_no_template PASSED [  2%]
tests/test_add_role.py::TestParseLocalConfig::test_parses_entries PASSED [  2%]
tests/test_add_role.py::TestParseLocalConfig::test_missing_file_returns_empty PASSED [  2%]
tests/test_add_role.py::TestWriteLocalConfig::test_writes_sorted_entries PASSED [  2%]
tests/test_add_role.py::TestDryRun::test_dry_run_makes_no_changes PASSED [  2%]
tests/test_add_role.py::TestLockFile::test_acquire_and_release PASSED    [  2%]
tests/test_add_role.py::TestLockFile::test_lock_uses_os_getpid_not_subprocess PASSED [  2%]
tests/test_add_role.py::TestLockFile::test_write_failure_cleans_up_lock PASSED [  2%]
tests/test_add_role.py::TestDuplicateRoleCheck::test_duplicate_role_rejected PASSED [  3%]
tests/test_add_role.py::TestDuplicateRoleCheck::test_new_role_not_rejected PASSED [  3%]
tests/test_add_role.py::TestDuplicateRoleCheck::test_duplicate_role_allowed_with_force PASSED [  3%]
tests/test_add_role.py::TestRegisterExisting::test_nonexistent_path_fails PASSED [  3%]
tests/test_add_role.py::TestRegisterExisting::test_no_squidsquad_dir_fails PASSED [  3%]
tests/test_add_role.py::TestRegisterExisting::test_valid_clone_registers PASSED [  3%]
tests/test_add_role.py::TestGetUpstreamUrl::test_returns_upstream_url PASSED [  3%]
tests/test_add_role.py::TestGetUpstreamUrl::test_returns_none_on_failure PASSED [  3%]
tests/test_add_role.py::TestFixCloneRemote::test_sets_origin_and_fetches PASSED [  3%]
tests/test_add_role.py::TestFixCloneRemote::test_returns_false_on_empty_url PASSED [  3%]
tests/test_add_role.py::TestFixCloneRemote::test_returns_false_on_set_url_failure PASSED [  3%]
tests/test_add_role.py::TestAddRoleFixesRemote::test_clone_sets_upstream_origin PASSED [  3%]
tests/test_add_role.py::TestRegisterExistingFixesRemote::test_fixes_wrong_origin PASSED [  3%]
tests/test_add_role.py::TestRegisterExistingFixesRemote::test_skips_fix_when_origin_matches PASSED [  3%]
tests/test_atomic_emit_b7.py::test_success_writes_all_three_files PASSED [  3%]
tests/test_atomic_emit_b7.py::test_success_no_tmp_files_remain PASSED    [  3%]
tests/test_atomic_emit_b7.py::test_success_claude_linked_md_equals_input PASSED [  3%]
tests/test_atomic_emit_b7.py::test_success_claude_md_contains_six_h2_sections_in_order PASSED [  3%]
tests/test_atomic_emit_b7.py::test_every_slot_passes_through_verbatim PASSED [  3%]
tests/test_atomic_emit_b7.py::test_link_stage_fail_aborts_without_writing PASSED [  3%]
tests/test_atomic_emit_b7.py::test_write_failure_unlinks_tmp_files_and_raises PASSED [  3%]
tests/test_atomic_emit_b7.py::test_conflict_report_write_failure_raises_specific_subclass PASSED [  3%]
tests/test_atomic_emit_b7.py::test_conflicts_report_is_empty_marker PASSED [  3%]
tests/test_atomic_emit_b7.py::test_filename_suffix_default_is_canonical PASSED [  3%]
tests/test_atomic_emit_b7.py::test_filename_suffix_v2_explicit_writes_legacy_paths PASSED [  3%]
tests/test_atomic_emit_b7.py::test_split_linked_returns_canonical_slot_keys PASSED [  3%]
tests/test_atomic_emit_b7.py::test_split_linked_ignores_unknown_h2_headings PASSED [  3%]
tests/test_atomic_emit_b7.py::test_split_linked_handles_closing_hashes_in_heading PASSED [  3%]
tests/test_atomic_emit_b7.py::test_split_linked_keeps_role_suffixed_h2_inside_parent_slot PASSED [  3%]
tests/test_boot_remote.py::TestRemovedLegacySentinelHelpers::test_read_pid_file_removed PASSED [  3%]
tests/test_boot_remote.py::TestRemovedLegacySentinelHelpers::test_read_health_file_removed PASSED [  3%]
tests/test_boot_remote.py::TestRemovedLegacySentinelHelpers::test_clean_stale_restart_removed PASSED [  3%]
tests/test_boot_remote.py::TestRemovedLegacySentinelHelpers::test_source_has_no_legacy_sentinel_reads PASSED [  3%]
tests/test_boot_remote.py::TestParseLocalConfigMandatory::test_valid_local_config_parses PASSED [  3%]
tests/test_boot_remote.py::TestParseLocalConfigMandatory::test_missing_local_config_exits PASSED [  3%]
tests/test_boot_remote.py::TestParseLocalConfigMandatory::test_empty_local_config_exits PASSED [  3%]
tests/test_boot_remote.py::TestParseLocalConfigMandatory::test_no_global_clones_fallback PASSED [  3%]
tests/test_boot_remote.py::TestParseLocalConfigMandatory::test_cross_project_isolation PASSED [  3%]
tests/test_boot_remote.py::TestParseLocalConfigMandatory::test_hyphenated_role_names PASSED [  3%]
tests/test_boot_remote.py::TestGetClonePath::test_returns_str_not_path PASSED [  3%]
tests/test_boot_remote.py::TestGetClonePath::test_unregistered_role_raises PASSED [  3%]
tests/test_boot_remote.py::TestGetClonePath::test_registered_nonexistent_path_raises PASSED [  3%]
tests/test_boot_remote.py::TestGetClonePath::test_registered_existing_path_resolves PASSED [  4%]
tests/test_boot_remote.py::TestGetClonePath::test_explicit_repo_root_registration_resolves PASSED [  4%]
tests/test_boot_remote.py::TestIsProcessAlive::test_none_pid_is_not_alive PASSED [  4%]
tests/test_boot_remote.py::TestIsProcessAlive::test_current_process_is_alive PASSED [  4%]
tests/test_boot_remote.py::TestIsProcessAlive::test_nonexistent_pid_is_not_alive PASSED [  4%]
tests/test_boot_remote.py::TestNeedsBoot::test_stop_sentinel_no_longer_blocks_boot PASSED [  4%]
tests/test_boot_remote.py::TestNeedsBoot::test_has_stop_sentinel_function_removed PASSED [  4%]
tests/test_boot_remote.py::TestNeedsBoot::test_no_pid_needs_boot PASSED  [  4%]
tests/test_boot_remote.py::TestNeedsBoot::test_alive_process_skipped PASSED [  4%]
tests/test_boot_remote.py::TestNeedsBoot::test_dead_process_needs_boot PASSED [  4%]
tests/test_boot_remote.py::TestNeedsBoot::test_corrupt_claude_pid_warns_stderr PASSED [  4%]
tests/test_boot_remote.py::TestBootAgentSkip::test_alive_agent_skipped PASSED [  4%]
tests/test_boot_remote.py::TestBootAgentCloneResolutionRefusal::test_unregistered_role_refuses_spawn PASSED [  4%]
tests/test_boot_remote.py::TestBootAgentCloneResolutionRefusal::test_dry_run_also_refuses PASSED [  4%]
tests/test_boot_remote.py::TestBootingSentinel::test_no_sentinel_returns_false PASSED [  4%]
tests/test_boot_remote.py::TestBootingSentinel::test_recent_sentinel_returns_true PASSED [  4%]
tests/test_boot_remote.py::TestBootingSentinel::test_stale_sentinel_returns_false PASSED [  4%]
tests/test_boot_remote.py::TestBootingSentinel::test_write_sentinel_succeeds PASSED [  4%]
tests/test_boot_remote.py::TestBootingSentinel::test_write_sentinel_blocked_by_existing PASSED [  4%]
tests/test_boot_remote.py::TestBootingSentinel::test_clear_sentinel PASSED [  4%]
tests/test_boot_remote.py::TestNeedsBootWithSentinel::test_booting_sentinel_prevents_boot PASSED [  4%]
tests/test_boot_remote.py::TestBootAgentLock::test_writes_sentinel_before_spawn PASSED [  4%]
tests/test_boot_remote.py::TestBootAgentLock::test_clears_sentinel_on_spawn_failure PASSED [  4%]
tests/test_boot_remote.py::TestBootAgentLock::test_skips_if_sentinel_blocked PASSED [  4%]
tests/test_boot_remote.py::TestGetAllRoles::test_includes_pm_from_config PASSED [  4%]
tests/test_boot_remote.py::TestGetAllRoles::test_mandatory_roles_always_present PASSED [  4%]
tests/test_boot_remote.py::TestSpawnMacosTempFile::test_creates_temp_sh_file PASSED [  4%]
tests/test_boot_remote.py::TestSpawnMacosTempFile::test_temp_file_contains_correct_command_thin PASSED [  4%]
tests/test_boot_remote.py::TestSpawnMacosTempFile::test_temp_file_contains_correct_command_legacy PASSED [  4%]
tests/test_boot_remote.py::TestSpawnMacosTempFile::test_special_chars_in_path_safe PASSED [  4%]
tests/test_boot_remote.py::TestSpawnMacosTempFile::test_double_quotes_in_path_safe SKIPPED [  4%]
tests/test_boot_remote.py::TestSpawnMacosTempFile::test_spawn_failure_returns_false PASSED [  4%]
tests/test_boot_remote.py::TestSpawnWindows11745::test_thin_spawns_self_closing_cmd_start PASSED [  4%]
tests/test_boot_remote.py::TestSpawnWindows11745::test_does_not_use_wt_new_tab PASSED [  4%]
tests/test_boot_remote.py::TestSpawnWindows11745::test_ps1_path_drops_noexit PASSED [  4%]
tests/test_boot_remote.py::TestSpawnWindows11745::test_detached_creation_flags_preserved PASSED [  4%]
tests/test_boot_remote.py::TestSpawnWindows11745::test_clone_root_with_spaces_is_quoted PASSED [  4%]
tests/test_boot_remote.py::TestSpawnWindows11745::test_spawn_failure_returns_false PASSED [  4%]
tests/test_boot_remote.py::TestWriteBootingSentinelAtomic9941::test_pid_is_actually_written PASSED [  4%]
tests/test_boot_remote.py::TestWriteBootingSentinelAtomic9941::test_existing_sentinel_blocks_claim PASSED [  4%]
tests/test_boot_remote.py::TestWriteBootingSentinelAtomic9941::test_o_excl_used_in_implementation PASSED [  4%]
tests/test_boot_remote.py::TestWriteBootingSentinelAtomic9941::test_o_excl_raises_FileExistsError_returns_false PASSED [  4%]
tests/test_boot_remote.py::TestWriteBootingSentinelAtomic9941::test_write_failure_after_create_unlinks_sentinel PASSED [  5%]
tests/test_boot_remote.py::TestWriteBootingSentinelAtomic9941::test_concurrent_threads_only_one_claims_slot PASSED [  5%]
tests/test_capability_check.py::TestLoadYaml::test_valid_yaml PASSED     [  5%]
tests/test_capability_check.py::TestLoadYaml::test_missing_file PASSED   [  5%]
tests/test_capability_check.py::TestLoadYaml::test_invalid_yaml PASSED   [  5%]
tests/test_capability_check.py::TestCheckCapability::test_builtin_always_available PASSED [  5%]
tests/test_capability_check.py::TestCheckCapability::test_mcp_available_if_manifest_exists PASSED [  5%]
tests/test_capability_check.py::TestCheckCapability::test_cli_available_when_command_found PASSED [  5%]
tests/test_capability_check.py::TestCheckCapability::test_cli_missing_when_command_not_found PASSED [  5%]
tests/test_capability_check.py::TestCheckCapability::test_http_available_if_manifest_exists PASSED [  5%]
tests/test_capability_check.py::TestCheckCapability::test_missing_manifest PASSED [  5%]
tests/test_capability_check.py::TestCheckCapability::test_unknown_provider PASSED [  5%]
tests/test_capability_check.py::TestCheckRole::test_no_capabilities_required PASSED [  5%]
tests/test_capability_check.py::TestCheckRole::test_missing_role_manifest PASSED [  5%]
tests/test_capability_check.py::TestCheckRole::test_any_of_passes_when_one_available PASSED [  5%]
tests/test_capability_check.py::TestCheckRole::test_any_of_fails_when_none_available PASSED [  5%]
tests/test_capability_check.py::TestCheckRole::test_all_of_passes_when_all_available PASSED [  5%]
tests/test_capability_check.py::TestCheckRole::test_all_of_fails_when_one_missing PASSED [  5%]
tests/test_catalog_drift_d4.py::TestCleanRun::test_all_rows_resolve_and_all_files_have_rows PASSED [  5%]
tests/test_catalog_drift_d4.py::TestOrphanCatalogRow::test_missing_source_file_reported PASSED [  5%]
tests/test_catalog_drift_d4.py::TestOrphanSourceFile::test_orphan_file_reported PASSED [  5%]
tests/test_catalog_drift_d4.py::TestBothDirections::test_both_directions_listed PASSED [  5%]
tests/test_catalog_drift_d4.py::TestDeadCodeCandidate::test_unreferenced_row_warns_but_does_not_abort PASSED [  5%]
tests/test_catalog_drift_d4.py::TestExclusions::test_manifest_md_at_subskills_root_is_not_an_orphan PASSED [  5%]
tests/test_catalog_drift_d4.py::TestExclusions::test_project_subdir_excluded_from_source_scan PASSED [  5%]
tests/test_catalog_drift_d4.py::TestExclusions::test_capabilities_subdir_excluded_from_source_scan PASSED [  5%]
tests/test_catalog_drift_d4.py::TestSlashBearingName::test_slash_bearing_name_resolves PASSED [  5%]
tests/test_catalog_drift_d4.py::TestVariantManifests::test_variant_additional_includes_satisfies_reference PASSED [  5%]
tests/test_catalog_drift_d4.py::TestMalformedManifest::test_malformed_manifest_warns_to_stderr PASSED [  5%]
tests/test_catalog_drift_d4.py::TestNestedManifestMdIsNotExcluded::test_nested_manifest_md_treated_as_source_file PASSED [  5%]
tests/test_catalog_drift_d4.py::TestDeadCodeMatchTightening::test_slash_bearing_catalog_name_requires_exact_match PASSED [  5%]
tests/test_catalog_drift_d4.py::TestCLI::test_clean_returns_zero PASSED  [  5%]
tests/test_catalog_drift_d4.py::TestCLI::test_drift_returns_nonzero_with_stderr_report PASSED [  5%]
tests/test_catalog_drift_d4.py::TestCLI::test_dead_code_only_returns_zero_with_warning PASSED [  5%]
tests/test_catalog_parser_d1.py::TestCleanParse::test_common_section_resolves_to_common_dir PASSED [  5%]
tests/test_catalog_parser_d1.py::TestCleanParse::test_common_events_section_resolves_to_common_events_dir PASSED [  5%]
tests/test_catalog_parser_d1.py::TestCleanParse::test_roles_h3_pins_role_specific_directory PASSED [  5%]
tests/test_catalog_parser_d1.py::TestCleanParse::test_slash_bearing_name_overrides_h2_directory PASSED [  5%]
tests/test_catalog_parser_d1.py::TestCleanParse::test_slash_bearing_name_under_role_h3 PASSED [  5%]
tests/test_catalog_parser_d1.py::TestCleanParse::test_project_section_is_excluded PASSED [  5%]
tests/test_catalog_parser_d1.py::TestForwardCompatibleColumns::test_extra_trailing_column_ignored PASSED [  5%]
tests/test_catalog_parser_d1.py::TestForwardCompatibleColumns::test_description_extracted_from_one_liner_column PASSED [  5%]
tests/test_catalog_parser_d1.py::TestForwardCompatibleColumns::test_description_falls_back_to_second_column_when_header_differs PASSED [  6%]
tests/test_catalog_parser_d1.py::TestDuplicateAbort::test_duplicate_in_same_section_aborts PASSED [  6%]
tests/test_catalog_parser_d1.py::TestDuplicateAbort::test_duplicate_diagnostic_includes_both_source_paths PASSED [  6%]
tests/test_catalog_parser_d1.py::TestDuplicateAbort::test_duplicate_across_sections_aborts PASSED [  6%]
tests/test_catalog_parser_d1.py::TestPathValidationAbort::test_double_dot_in_directory_aborts PASSED [  6%]
tests/test_catalog_parser_d1.py::TestPathValidationAbort::test_dot_claude_path_aborts PASSED [  6%]
tests/test_catalog_parser_d1.py::TestPathValidationAbort::test_non_md_suffix_aborts PASSED [  6%]
tests/test_catalog_parser_d1.py::TestPathValidationAbort::test_outside_references_sub_skills_aborts PASSED [  6%]
tests/test_catalog_parser_d1.py::TestMalformedRowAbort::test_row_under_placeholder_h2_without_h3_aborts PASSED [  6%]
tests/test_catalog_parser_d1.py::TestMalformedRowAbort::test_row_outside_any_h2_aborts PASSED [  6%]
tests/test_catalog_parser_d1.py::TestIgnoredRows::test_strikethrough_retirement_rows_are_skipped PASSED [  6%]
tests/test_catalog_parser_d1.py::TestIgnoredRows::test_non_backtick_meta_rows_are_skipped PASSED [  6%]
tests/test_catalog_parser_d1.py::TestBacktickWrappedNonMatchingRaises::test_capital_letter_in_name_raises PASSED [  6%]
tests/test_catalog_parser_d1.py::TestBacktickWrappedNonMatchingRaises::test_html_strikethrough_raises PASSED [  6%]
tests/test_catalog_parser_d1.py::TestLiveCatalogIntegration::test_real_catalog_parses_cleanly PASSED [  6%]
tests/test_catalog_parser_d1.py::TestLiveCatalogIntegration::test_real_catalog_partial_entries_have_valid_path_shape PASSED [  6%]
tests/test_catalog_parser_d1.py::TestCatalogEntryShape::test_default_description_is_empty PASSED [  6%]
tests/test_catalog_parser_d1.py::TestCatalogEntryShape::test_parse_catalog_returns_dict PASSED [  6%]
tests/test_catalog_parser_d8.py::TestCleanRowPasses::test_row_with_non_empty_description_parses PASSED [  6%]
tests/test_catalog_parser_d8.py::TestMissingColumnAborts::test_row_with_only_name_column_aborts PASSED [  6%]
tests/test_catalog_parser_d8.py::TestEmptyDescriptionAborts::test_empty_description_cell_aborts PASSED [  6%]
tests/test_catalog_parser_d8.py::TestEmptyDescriptionAborts::test_whitespace_only_description_aborts PASSED [  6%]
tests/test_catalog_parser_d8.py::TestEmptyDescriptionAborts::test_diagnostic_suggests_retirement_marker PASSED [  6%]
tests/test_catalog_parser_d8.py::TestExtraColumnIgnored::test_extra_columns_beyond_description_do_not_abort PASSED [  6%]
tests/test_catalog_parser_d8.py::TestMultiRowAbortBehavior::test_first_row_valid_second_row_aborts_on_empty_description PASSED [  6%]
tests/test_comms_adapter.py::TestMessage::test_creates_message PASSED    [  6%]
tests/test_comms_adapter.py::TestMessage::test_default_fields PASSED     [  6%]
tests/test_comms_adapter.py::TestMessage::test_format_prefix PASSED      [  6%]
tests/test_comms_adapter.py::TestNullAdapter::test_send_returns_none PASSED [  6%]
tests/test_comms_adapter.py::TestNullAdapter::test_create_thread_returns_none PASSED [  6%]
tests/test_comms_adapter.py::TestNullAdapter::test_read_returns_empty PASSED [  6%]
tests/test_comms_adapter.py::TestNullAdapter::test_mention_formats_at_prefix PASSED [  6%]
tests/test_comms_adapter.py::TestNullAdapter::test_create_channel_returns_true PASSED [  6%]
tests/test_comms_adapter.py::TestNullAdapter::test_upload_returns_false PASSED [  6%]
tests/test_comms_adapter.py::TestNullAdapter::test_check_connection_returns_false PASSED [  6%]
tests/test_comms_adapter.py::TestMockAdapterContract::test_send_returns_message PASSED [  6%]
tests/test_comms_adapter.py::TestMockAdapterContract::test_create_thread_returns_id PASSED [  6%]
tests/test_comms_adapter.py::TestMockAdapterContract::test_threaded_reply PASSED [  6%]
tests/test_comms_adapter.py::TestMockAdapterContract::test_read_filters_by_channel PASSED [  6%]
tests/test_comms_adapter.py::TestMockAdapterContract::test_create_channel PASSED [  6%]
tests/test_comms_adapter.py::TestMockAdapterContract::test_check_connection PASSED [  6%]
tests/test_comms_adapter.py::TestReadCommsConfig::test_defaults_when_no_config PASSED [  6%]
tests/test_comms_adapter.py::TestReadCommsConfig::test_parses_full_config PASSED [  7%]
tests/test_comms_adapter.py::TestReadCommsConfig::test_missing_section_returns_defaults PASSED [  7%]
tests/test_comms_adapter.py::TestAdapterRegistry::test_register_and_get PASSED [  7%]
tests/test_comms_adapter.py::TestAdapterRegistry::test_none_provider_returns_null PASSED [  7%]
tests/test_comms_adapter.py::TestAdapterRegistry::test_unknown_provider_returns_null PASSED [  7%]
tests/test_comms_adapter.py::TestAdapterRegistry::test_empty_provider_returns_null PASSED [  7%]
tests/test_comms_adapter.py::TestThreadTypes::test_all_types_have_descriptions PASSED [  7%]
tests/test_comms_adapter.py::TestThreadTypes::test_required_types_exist PASSED [  7%]
tests/test_comms_sub_skills.py::TestSubSkillFiles::test_sub_skill_exists[chat-etiquette] PASSED [  7%]
tests/test_comms_sub_skills.py::TestSubSkillFiles::test_sub_skill_exists[mention-protocol] PASSED [  7%]
tests/test_comms_sub_skills.py::TestSubSkillFiles::test_sub_skill_exists[consensus-protocol] PASSED [  7%]
tests/test_comms_sub_skills.py::TestSubSkillFiles::test_sub_skill_has_heading[chat-etiquette] PASSED [  7%]
tests/test_comms_sub_skills.py::TestSubSkillFiles::test_sub_skill_has_heading[mention-protocol] PASSED [  7%]
tests/test_comms_sub_skills.py::TestSubSkillFiles::test_sub_skill_has_heading[consensus-protocol] PASSED [  7%]
tests/test_comms_sub_skills.py::TestSubSkillFiles::test_sub_skill_references_adapter[chat-etiquette] PASSED [  7%]
tests/test_comms_sub_skills.py::TestSubSkillFiles::test_sub_skill_references_adapter[mention-protocol] PASSED [  7%]
tests/test_comms_sub_skills.py::TestSubSkillFiles::test_sub_skill_references_adapter[consensus-protocol] PASSED [  7%]
tests/test_comms_sub_skills.py::TestSubSkillFiles::test_no_platform_specific_references[chat-etiquette] PASSED [  7%]
tests/test_comms_sub_skills.py::TestSubSkillFiles::test_no_platform_specific_references[mention-protocol] PASSED [  7%]
tests/test_comms_sub_skills.py::TestSubSkillFiles::test_no_platform_specific_references[consensus-protocol] PASSED [  7%]
tests/test_comms_sub_skills.py::TestDeterministicRules::test_no_judgment_clauses[chat-etiquette] PASSED [  7%]
tests/test_comms_sub_skills.py::TestDeterministicRules::test_no_judgment_clauses[mention-protocol] PASSED [  7%]
tests/test_comms_sub_skills.py::TestDeterministicRules::test_no_judgment_clauses[consensus-protocol] PASSED [  7%]
tests/test_comms_sub_skills.py::TestChatEtiquette::test_has_thread_creation_rules PASSED [  7%]
tests/test_comms_sub_skills.py::TestChatEtiquette::test_has_message_format_rules PASSED [  7%]
tests/test_comms_sub_skills.py::TestChatEtiquette::test_has_code_snippet_rules PASSED [  7%]
tests/test_comms_sub_skills.py::TestMentionProtocol::test_has_escalation_tiers PASSED [  7%]
tests/test_comms_sub_skills.py::TestMentionProtocol::test_has_when_to_mention_human PASSED [  7%]
tests/test_comms_sub_skills.py::TestMentionProtocol::test_has_noise_budget PASSED [  7%]
tests/test_comms_sub_skills.py::TestConsensusProtocol::test_has_decision_flow PASSED [  7%]
tests/test_comms_sub_skills.py::TestConsensusProtocol::test_has_timeout_handling PASSED [  7%]
tests/test_comms_sub_skills.py::TestConsensusProtocol::test_has_quorum PASSED [  7%]
tests/test_comms_sub_skills.py::TestConsensusProtocol::test_has_voting_mechanism PASSED [  7%]
tests/test_comms_sub_skills.py::TestManifestRegistration::test_sub_skills_in_manifest PASSED [  7%]
tests/test_compose.py::TestSubstitutePlaceholders::test_dev_role_substitution PASSED [  7%]
tests/test_compose.py::TestSubstitutePlaceholders::test_dev_role_no_test_cmd_fallback PASSED [  7%]
tests/test_compose.py::TestSubstitutePlaceholders::test_non_dev_role_substitutes_role_placeholder PASSED [  7%]
tests/test_compose.py::TestSubstitutePlaceholders::test_other_roles_computed PASSED [  7%]
tests/test_compose.py::TestSubstitutePlaceholders::test_role_class_alias_placeholders_singleton PASSED [  7%]
tests/test_compose.py::TestSubstitutePlaceholders::test_role_class_alias_placeholders_custom PASSED [  7%]
tests/test_compose.py::TestSubstitutePlaceholders::test_role_class_alias_placeholders_fallback PASSED [  7%]
tests/test_compose.py::TestListKnownRoleIdentities::test_finds_roles_with_claude_md PASSED [  7%]
tests/test_compose.py::TestListKnownRoleIdentities::test_missing_roles_dir PASSED [  8%]
tests/test_compose.py::TestListKnownRoleIdentities::test_ignores_dirs_without_claude_md PASSED [  8%]
tests/test_compose.py::TestGetEntryFileForRole::test_known_role_returns_self PASSED [  8%]
tests/test_compose.py::TestGetEntryFileForRole::test_unknown_role_falls_back_to_dev PASSED [  8%]
tests/test_compose.py::TestGenerateLocalConfig::test_generates_correct_format_default PASSED [  8%]
tests/test_compose.py::TestGenerateLocalConfig::test_generates_in_squidsquad_dir PASSED [  8%]
tests/test_compose.py::TestGenerateLocalConfig::test_with_clone_paths_relative PASSED [  8%]
tests/test_compose.py::TestGenerateLocalConfig::test_clone_paths_partial PASSED [  8%]
tests/test_compose.py::TestReadConfigValue::test_returns_empty_on_import_error PASSED [  8%]
tests/test_compose.py::TestReadConfigValue::test_returns_empty_on_system_exit PASSED [  8%]
tests/test_compose.py::TestCollectAllRoles::test_includes_dev_agents_and_mandatory_roles PASSED [  8%]
tests/test_compose.py::TestCollectAllRoles::test_mandatory_roles_not_duplicated_when_in_config PASSED [  8%]
tests/test_compose.py::TestCollectAllRoles::test_mandatory_roles_always_present PASSED [  8%]
tests/test_compose.py::TestCollectAllRoles::test_empty_dev_agents PASSED [  8%]
tests/test_compose.py::TestCollectAllRoles::test_strips_whitespace_from_agent_names PASSED [  8%]
tests/test_compose.py::TestResolveVariant::test_pm_skill_resolves PASSED [  8%]
tests/test_compose.py::TestResolveVariant::test_dev_ios_resolves PASSED  [  8%]
tests/test_compose.py::TestResolveVariant::test_qa_android_resolves PASSED [  8%]
tests/test_compose.py::TestResolveVariant::test_base_role_returns_none PASSED [  8%]
tests/test_compose.py::TestResolveVariant::test_no_hyphen_returns_none PASSED [  8%]
tests/test_compose.py::TestAssembleSoul::test_contains_layer1_base_content PASSED [  8%]
tests/test_compose.py::TestAssembleSoul::test_contains_role_soul PASSED  [  8%]
tests/test_compose.py::TestAssembleSoul::test_pm_has_own_soul PASSED     [  8%]
tests/test_compose.py::TestAssembleSoul::test_single_flat_file PASSED    [  8%]
tests/test_compose.py::TestAssembleSoul::test_project_adaptation_present PASSED [  8%]
tests/test_compose.py::TestUpgradeSoul::test_preserves_role_content_on_upgrade PASSED [  8%]
tests/test_compose.py::TestUpgradeSoul::test_atomic_write_no_tmp_leftover PASSED [  8%]
tests/test_compose.py::TestUpgradeSoul::test_creates_if_missing PASSED   [  8%]
tests/test_compose.py::TestUpgradeSoul::test_legacy_flat_soul_preserved PASSED [  8%]
tests/test_compose.py::TestVariantInheritance::test_get_entry_file_suffix_strip PASSED [  8%]
tests/test_compose.py::TestVariantInheritance::test_get_entry_file_dev_variant_unchanged PASSED [  8%]
tests/test_compose.py::TestVariantInheritance::test_get_entry_file_base_role_unchanged PASSED [  8%]
tests/test_compose.py::TestPreLayerDetection::test_pre_layer_install_detected PASSED [  8%]
tests/test_compose.py::TestPreLayerDetection::test_post_layer_install_not_detected PASSED [  8%]
tests/test_compose.py::TestPreLayerDetection::test_no_install_not_detected PASSED [  8%]
tests/test_compose.py::TestExtractProjectAdaptation::test_extracts_adaptation_section PASSED [  8%]
tests/test_compose.py::TestExtractProjectAdaptation::test_no_adaptation_returns_empty PASSED [  8%]
tests/test_compose.py::TestExtractProjectAdaptation::test_missing_soul_returns_empty PASSED [  8%]
tests/test_compose.py::TestAgentComposeDisabled::test_returns_input_unchanged PASSED [  8%]
tests/test_compose.py::TestExtractCodeBlocks::test_extracts_fenced_blocks PASSED [  8%]
tests/test_compose.py::TestExtractCodeBlocks::test_empty_text PASSED     [  8%]
tests/test_compose.py::TestExtractMarkers::test_finds_html_comments PASSED [  8%]
tests/test_compose.py::TestExtractMarkers::test_empty_text PASSED        [  9%]
tests/test_compose.py::TestGenerateCQs::test_generates_from_headings PASSED [  9%]
tests/test_compose.py::TestGenerateCQs::test_empty_sources PASSED        [  9%]
tests/test_compose.py::TestGenerateCQs::test_no_headings PASSED          [  9%]
tests/test_compose.py::TestAgentComposeEnabled::test_falls_back_on_subprocess_error PASSED [  9%]
tests/test_compose.py::TestAgentComposeEnabled::test_falls_back_on_empty_output PASSED [  9%]
tests/test_compose.py::TestAgentComposeEnabled::test_falls_back_on_lost_code_blocks PASSED [  9%]
tests/test_compose.py::TestAgentComposeEnabled::test_pipes_prompt_via_stdin_not_cli_arg PASSED [  9%]
tests/test_compose.py::TestNoDeprecatedMktemp::test_source_does_not_call_mktemp PASSED [  9%]
tests/test_compose.py::TestNoRedundantReImport::test_no_local_re_import_in_extract_code_blocks PASSED [  9%]
tests/test_compose.py::TestNoRedundantReImport::test_no_local_re_import_in_extract_markers PASSED [  9%]
tests/test_compose.py::TestNoRedundantReImport::test_no_local_re_import_in_generate_cqs PASSED [  9%]
tests/test_compose.py::TestNoRedundantReImport::test_no_local_import_in_agent_compose PASSED [  9%]
tests/test_compose.py::TestEventDrivenWorkflowLocation::test_event_driven_workflow_in_common_events PASSED [  9%]
tests/test_compose.py::TestEventDrivenWorkflowLocation::test_no_event_driven_workflow_in_common PASSED [  9%]
tests/test_compose_10981_deploy_alias_v2_token_leaks.py::TestDeployAliasV2NoTokenLeaks::test_no_unresolved_tokens_in_assembled_output[pm] PASSED [  9%]
tests/test_compose_10981_deploy_alias_v2_token_leaks.py::TestDeployAliasV2NoTokenLeaks::test_no_unresolved_tokens_in_assembled_output[dm] PASSED [  9%]
tests/test_compose_10981_deploy_alias_v2_token_leaks.py::TestDeployAliasV2NoTokenLeaks::test_no_unresolved_tokens_in_assembled_output[verifier] PASSED [  9%]
tests/test_compose_10981_deploy_alias_v2_token_leaks.py::TestDeployAliasV2NoTokenLeaks::test_role_placeholder_substituted_with_alias PASSED [  9%]
tests/test_compose_10981_deploy_alias_v2_token_leaks.py::TestDeployAliasV2NoTokenLeaks::test_included_sub_skill_body_inlined PASSED [  9%]
tests/test_compose_10981_deploy_alias_v2_token_leaks.py::TestDeployRoleV2NoTokenLeaks::test_no_unresolved_tokens_in_assembled_output PASSED [  9%]
tests/test_compose_10981_deploy_alias_v2_token_leaks.py::TestResolveIncludesV2::test_expands_valid_include_directive PASSED [  9%]
tests/test_compose_10981_deploy_alias_v2_token_leaks.py::TestResolveIncludesV2::test_missing_include_emits_error_marker PASSED [  9%]
tests/test_compose_10981_deploy_alias_v2_token_leaks.py::TestResolveIncludesV2::test_runtime_read_fragment_directive_is_dropped PASSED [  9%]
tests/test_compose_10981_deploy_alias_v2_token_leaks.py::TestResolveIncludesV2::test_strips_yaml_frontmatter_from_included_body PASSED [  9%]
tests/test_compose_10981_deploy_alias_v2_token_leaks.py::TestResolveIncludesV2::test_strips_outer_sub_skill_markers_to_avoid_doubling PASSED [  9%]
tests/test_compose_11144_role_conditionals.py::test_block_for_matching_role_is_kept_without_markers PASSED [  9%]
tests/test_compose_11144_role_conditionals.py::test_block_for_non_matching_role_is_removed_entirely PASSED [  9%]
tests/test_compose_11144_role_conditionals.py::test_multiple_blocks_each_evaluated_independently PASSED [  9%]
tests/test_compose_11144_role_conditionals.py::test_multiline_block_body_preserved_when_role_matches PASSED [  9%]
tests/test_compose_11144_role_conditionals.py::test_content_without_conditionals_is_unchanged PASSED [  9%]
tests/test_compose_11144_role_conditionals.py::test_non_matching_role_block_leaves_no_blank_line_gap PASSED [  9%]
tests/test_compose_11144_role_conditionals.py::test_role_conditional_runs_inside_substitute_placeholders PASSED [  9%]
tests/test_compose_9588.py::test_composed_claude_contains_boot_bootstrap[skill] PASSED [  9%]
tests/test_compose_9588.py::test_composed_claude_contains_boot_bootstrap[pm] PASSED [  9%]
tests/test_compose_9588.py::test_composed_claude_contains_boot_bootstrap[qa] PASSED [  9%]
tests/test_compose_9588.py::test_composed_claude_contains_boot_bootstrap[dm] PASSED [  9%]
tests/test_compose_9588.py::test_composed_claude_does_not_inline_mode_specific[<!-- sub-skill: ralph-loop-overview -->-skill] PASSED [  9%]
tests/test_compose_9588.py::test_composed_claude_does_not_inline_mode_specific[<!-- sub-skill: ralph-loop-overview -->-pm] PASSED [  9%]
tests/test_compose_9588.py::test_composed_claude_does_not_inline_mode_specific[<!-- sub-skill: ralph-loop-overview -->-qa] PASSED [  9%]
tests/test_compose_9588.py::test_composed_claude_does_not_inline_mode_specific[<!-- sub-skill: ralph-loop-overview -->-dm] PASSED [  9%]
tests/test_compose_9588.py::test_composed_claude_does_not_inline_mode_specific[<!-- sub-skill: event-driven-workflow -->-skill] PASSED [ 10%]
tests/test_compose_9588.py::test_composed_claude_does_not_inline_mode_specific[<!-- sub-skill: event-driven-workflow -->-pm] PASSED [ 10%]
tests/test_compose_9588.py::test_composed_claude_does_not_inline_mode_specific[<!-- sub-skill: event-driven-workflow -->-qa] PASSED [ 10%]
tests/test_compose_9588.py::test_composed_claude_does_not_inline_mode_specific[<!-- sub-skill: event-driven-workflow -->-dm] PASSED [ 10%]
tests/test_compose_9588.py::test_composed_claude_does_not_inline_mode_specific[<!-- sub-skill: event-mode-contract -->-skill] PASSED [ 10%]
tests/test_compose_9588.py::test_composed_claude_does_not_inline_mode_specific[<!-- sub-skill: event-mode-contract -->-pm] PASSED [ 10%]
tests/test_compose_9588.py::test_composed_claude_does_not_inline_mode_specific[<!-- sub-skill: event-mode-contract -->-qa] PASSED [ 10%]
tests/test_compose_9588.py::test_composed_claude_does_not_inline_mode_specific[<!-- sub-skill: event-mode-contract -->-dm] PASSED [ 10%]
tests/test_compose_9588.py::test_composed_claude_does_not_inline_mode_specific[<!-- sub-skill: cursor-management -->-skill] PASSED [ 10%]
tests/test_compose_9588.py::test_composed_claude_does_not_inline_mode_specific[<!-- sub-skill: cursor-management -->-pm] PASSED [ 10%]
tests/test_compose_9588.py::test_composed_claude_does_not_inline_mode_specific[<!-- sub-skill: cursor-management -->-qa] PASSED [ 10%]
tests/test_compose_9588.py::test_composed_claude_does_not_inline_mode_specific[<!-- sub-skill: cursor-management -->-dm] PASSED [ 10%]
tests/test_compose_9588.py::test_composed_claude_does_not_inline_mode_specific[<!-- sub-skill: forge-read-pattern -->-skill] PASSED [ 10%]
tests/test_compose_9588.py::test_composed_claude_does_not_inline_mode_specific[<!-- sub-skill: forge-read-pattern -->-pm] PASSED [ 10%]
tests/test_compose_9588.py::test_composed_claude_does_not_inline_mode_specific[<!-- sub-skill: forge-read-pattern -->-qa] PASSED [ 10%]
tests/test_compose_9588.py::test_composed_claude_does_not_inline_mode_specific[<!-- sub-skill: forge-read-pattern -->-dm] PASSED [ 10%]
tests/test_compose_9588.py::test_composed_claude_does_not_inline_mode_specific[<!-- sub-skill: idle-cooldown-loop -->-skill] PASSED [ 10%]
tests/test_compose_9588.py::test_composed_claude_does_not_inline_mode_specific[<!-- sub-skill: idle-cooldown-loop -->-pm] PASSED [ 10%]
tests/test_compose_9588.py::test_composed_claude_does_not_inline_mode_specific[<!-- sub-skill: idle-cooldown-loop -->-qa] PASSED [ 10%]
tests/test_compose_9588.py::test_composed_claude_does_not_inline_mode_specific[<!-- sub-skill: idle-cooldown-loop -->-dm] PASSED [ 10%]
tests/test_compose_9588.py::test_composed_claude_does_not_inline_mode_specific[<!-- sub-skill: comment-handling -->-skill] PASSED [ 10%]
tests/test_compose_9588.py::test_composed_claude_does_not_inline_mode_specific[<!-- sub-skill: comment-handling -->-pm] PASSED [ 10%]
tests/test_compose_9588.py::test_composed_claude_does_not_inline_mode_specific[<!-- sub-skill: comment-handling -->-qa] PASSED [ 10%]
tests/test_compose_9588.py::test_composed_claude_does_not_inline_mode_specific[<!-- sub-skill: comment-handling -->-dm] PASSED [ 10%]
tests/test_compose_9588.py::test_composed_claude_does_not_inline_mode_specific[<!-- sub-skill: pr-merge-wait -->-skill] PASSED [ 10%]
tests/test_compose_9588.py::test_composed_claude_does_not_inline_mode_specific[<!-- sub-skill: pr-merge-wait -->-pm] PASSED [ 10%]
tests/test_compose_9588.py::test_composed_claude_does_not_inline_mode_specific[<!-- sub-skill: pr-merge-wait -->-qa] PASSED [ 10%]
tests/test_compose_9588.py::test_composed_claude_does_not_inline_mode_specific[<!-- sub-skill: pr-merge-wait -->-dm] PASSED [ 10%]
tests/test_compose_9588.py::test_polling_fragment_path_substituted_per_role[skill-worker] PASSED [ 10%]
tests/test_compose_9588.py::test_polling_fragment_path_substituted_per_role[pm-pm] PASSED [ 10%]
tests/test_compose_9588.py::test_polling_fragment_path_substituted_per_role[qa-verifier] PASSED [ 10%]
tests/test_compose_9588.py::test_polling_fragment_path_substituted_per_role[dm-dm] PASSED [ 10%]
tests/test_compose_9588.py::test_referenced_runtime_fragments_exist_on_disk[skill] PASSED [ 10%]
tests/test_compose_9588.py::test_referenced_runtime_fragments_exist_on_disk[pm] PASSED [ 10%]
tests/test_compose_9588.py::test_referenced_runtime_fragments_exist_on_disk[qa] PASSED [ 10%]
tests/test_compose_9588.py::test_referenced_runtime_fragments_exist_on_disk[dm] PASSED [ 10%]
tests/test_compose_9588.py::test_dm_bootstrap_enumerates_pr_merge_wait PASSED [ 10%]
tests/test_compose_9588.py::test_bootstrap_owns_loop_invocation_with_substituted_interval[skill] PASSED [ 10%]
tests/test_compose_9588.py::test_bootstrap_owns_loop_invocation_with_substituted_interval[pm] PASSED [ 10%]
tests/test_compose_9588.py::test_bootstrap_owns_loop_invocation_with_substituted_interval[qa] PASSED [ 10%]
tests/test_compose_9588.py::test_bootstrap_owns_loop_invocation_with_substituted_interval[dm] PASSED [ 10%]
tests/test_compose_9588.py::test_polling_fragment_source_does_not_invoke_loop[skill-worker] PASSED [ 10%]
tests/test_compose_9588.py::test_polling_fragment_source_does_not_invoke_loop[pm-pm] PASSED [ 11%]
tests/test_compose_9588.py::test_polling_fragment_source_does_not_invoke_loop[qa-verifier] PASSED [ 11%]
tests/test_compose_9588.py::test_polling_fragment_source_does_not_invoke_loop[dm-dm] PASSED [ 11%]
tests/test_compose_9588.py::test_bootstrap_documents_role_runtime_substitution PASSED [ 11%]
tests/test_compose_9588.py::test_event_mode_contract_unreachable_branch_removed PASSED [ 11%]
tests/test_compose_a2f_10492.py::test_deploy_alias_v2_writes_to_canonical_v2_path PASSED [ 11%]
tests/test_compose_a2f_10492.py::test_deploy_alias_v2_output_contains_six_canonical_h2_sections PASSED [ 11%]
tests/test_compose_a2f_10492.py::test_deploy_alias_v2_emits_generated_header PASSED [ 11%]
tests/test_compose_a2f_10492.py::test_deploy_alias_v2_aborts_on_validation_failure_and_writes_nothing PASSED [ 11%]
tests/test_compose_a2f_10492.py::test_deploy_alias_v2_aborts_on_r5_unknown_step_id PASSED [ 11%]
tests/test_compose_a2f_10492.py::test_deploy_alias_v2_no_l4_file_is_noop PASSED [ 11%]
tests/test_compose_a2f_10492.py::test_a6_v2_tests_still_pass PASSED      [ 11%]
tests/test_compose_a2f_10492.py::test_deploy_alias_v2_with_l3_domain_includes_l3_files PASSED [ 11%]
tests/test_compose_a2f_10492.py::test_collect_sources_for_validation_classifies_layers PASSED [ 11%]
tests/test_compose_a2f_10492.py::test_collect_sources_for_validation_classifies_l3_subdir PASSED [ 11%]
tests/test_compose_a2f_10492.py::test_collect_sources_for_validation_skips_unmigrated PASSED [ 11%]
tests/test_compose_a6_v2.py::test_deploy_alias_v2_preserves_role_variable_name_per_10358 PASSED [ 11%]
tests/test_compose_a6_v2.py::test_deploy_alias_v2_resolves_via_parser_and_writes_v2_path PASSED [ 11%]
tests/test_compose_a6_v2.py::test_deploy_alias_v2_uses_role_class_not_alias_for_compose_source PASSED [ 11%]
tests/test_compose_a6_v2.py::test_deploy_alias_v2_aborts_on_unknown_alias PASSED [ 11%]
tests/test_compose_a6_v2.py::test_deploy_alias_v2_lists_known_aliases_in_diagnostic PASSED [ 11%]
tests/test_compose_a6_v2.py::test_deploy_alias_v2_rejects_disallowed_alias_characters[../etc] PASSED [ 11%]
tests/test_compose_a6_v2.py::test_deploy_alias_v2_rejects_disallowed_alias_characters[a/b] PASSED [ 11%]
tests/test_compose_a6_v2.py::test_deploy_alias_v2_rejects_disallowed_alias_characters[a\\b] PASSED [ 11%]
tests/test_compose_a6_v2.py::test_deploy_alias_v2_rejects_disallowed_alias_characters[] PASSED [ 11%]
tests/test_compose_a6_v2.py::test_deploy_alias_v2_rejects_disallowed_alias_characters[.hidden] PASSED [ 11%]
tests/test_compose_a6_v2.py::test_deploy_alias_v2_rejects_disallowed_alias_characters[with space] PASSED [ 11%]
tests/test_compose_a6_v2.py::test_deploy_alias_v2_rejects_disallowed_alias_characters[None] PASSED [ 11%]
tests/test_compose_a6_v2.py::test_deploy_alias_v2_rejects_disallowed_alias_characters[42] PASSED [ 11%]
tests/test_compose_a6_v2.py::test_deploy_alias_v2_rejects_disallowed_alias_characters[a\x00b] PASSED [ 11%]
tests/test_compose_a6_v2.py::test_deploy_alias_v2_passes_registry_through PASSED [ 11%]
tests/test_compose_a6_v2.py::test_deploy_alias_v2_v2_regenerate_cmd_in_output_header PASSED [ 11%]
tests/test_compose_a6_v2.py::test_deploy_alias_v2_aborts_on_malformed_registry PASSED [ 11%]
tests/test_compose_a6_v2.py::test_main_strips_v2_flag_and_routes_to_v2 PASSED [ 11%]
tests/test_compose_a6_v2.py::test_main_no_v2_flag_takes_v2_path PASSED   [ 11%]
tests/test_compose_a6_v2.py::test_main_v2_flag_position_does_not_matter[argv0] PASSED [ 11%]
tests/test_compose_a6_v2.py::test_main_v2_flag_position_does_not_matter[argv1] PASSED [ 11%]
tests/test_compose_a6_v2.py::test_main_v2_flag_position_does_not_matter[argv2] PASSED [ 11%]
tests/test_compose_a6_v2.py::test_main_deploy_all_v2_iterates_registry PASSED [ 11%]
tests/test_compose_capability.py::TestCapabilityCheck::test_empty_requires_exits_zero PASSED [ 11%]
tests/test_compose_capability.py::TestCapabilityCheck::test_builtin_capability_available PASSED [ 11%]
tests/test_compose_capability.py::TestCapabilityCheck::test_missing_capability_manifest PASSED [ 11%]
tests/test_compose_capability.py::TestCapabilityCheck::test_any_of_with_one_available PASSED [ 12%]
tests/test_compose_capability.py::TestCapabilityCheck::test_any_of_with_none_available PASSED [ 12%]
tests/test_compose_capability.py::TestCapabilityCheck::test_role_not_found PASSED [ 12%]
tests/test_compose_check_a45_10395.py::test_check_alias_staged_l4_clean_returns_role_class PASSED [ 12%]
tests/test_compose_check_a45_10395.py::test_check_alias_staged_l4_missing_staged_file_raises_filenotfound PASSED [ 12%]
tests/test_compose_check_a45_10395.py::test_check_alias_staged_l4_unknown_alias_raises_keyerror PASSED [ 12%]
tests/test_compose_check_a45_10395.py::test_check_alias_staged_l4_r1_violation_raises PASSED [ 12%]
tests/test_compose_check_a45_10395.py::test_check_alias_staged_l4_r5_violation_raises PASSED [ 12%]
tests/test_compose_check_a45_10395.py::test_check_alias_staged_l4_r7_violation_raises PASSED [ 12%]
tests/test_compose_check_a45_10395.py::test_check_alias_staged_l4_does_not_write_to_disk PASSED [ 12%]
tests/test_compose_check_a45_10395.py::test_cli_missing_value_after_staged_l4_exits_2 PASSED [ 12%]
tests/test_compose_check_a45_10395.py::test_cli_staged_l4_nonexistent_path_exits_2 PASSED [ 12%]
tests/test_compose_check_a45_10395.py::test_cli_staged_l4_with_unknown_alias_exits_2 PASSED [ 12%]
tests/test_compose_check_a45_10395.py::test_cli_check_without_staged_l4_exits_error_post_e6 PASSED [ 12%]
tests/test_compose_check_a45_10395.py::test_cli_help_or_no_args_does_not_crash PASSED [ 12%]
tests/test_compose_deploy_role_v2_10685.py::test_deploy_role_v2_writes_triple_under_output_name PASSED [ 12%]
tests/test_compose_deploy_role_v2_10685.py::test_deploy_role_v2_defaults_output_name_to_role_name PASSED [ 12%]
tests/test_compose_deploy_role_v2_10685.py::test_deploy_role_v2_header_uses_output_name PASSED [ 12%]
tests/test_compose_deploy_role_v2_10685.py::test_deploy_role_v2_seeds_soul_when_missing PASSED [ 12%]
tests/test_compose_deploy_role_v2_10685.py::test_deploy_role_v2_preserves_existing_soul PASSED [ 12%]
tests/test_compose_deploy_role_v2_10685.py::test_deploy_role_v2_requires_no_aliases_registry PASSED [ 12%]
tests/test_compose_deploy_role_v2_10685.py::test_deploy_role_v2_resolves_variant_to_role_and_l3 PASSED [ 12%]
tests/test_compose_deploy_role_v2_10685.py::test_deploy_role_v2_wizard_contract_source_root_split PASSED [ 12%]
tests/test_compose_deploy_role_v2_10685.py::test_deploy_role_v2_no_variant_l3_is_none PASSED [ 12%]
tests/test_compose_deploy_role_v2_10685.py::test_deploy_role_v2_alias_role_name_derives_l3_domain PASSED [ 12%]
tests/test_compose_freshness_e1.py::TestComputeChecksum::test_deterministic_across_runs PASSED [ 12%]
tests/test_compose_freshness_e1.py::TestComputeChecksum::test_content_change_rolls_checksum PASSED [ 12%]
tests/test_compose_freshness_e1.py::TestComputeChecksum::test_rename_rolls_checksum PASSED [ 12%]
tests/test_compose_freshness_e1.py::TestComputeChecksum::test_catalog_change_rolls_checksum PASSED [ 12%]
tests/test_compose_freshness_e1.py::TestComputeChecksum::test_unrelated_file_does_not_affect_checksum PASSED [ 12%]
tests/test_compose_freshness_e1.py::TestCheckAndRepair::test_clean_install_no_compose_run PASSED [ 12%]
tests/test_compose_freshness_e1.py::TestCheckAndRepair::test_drift_runs_compose_and_updates_checksum PASSED [ 12%]
tests/test_compose_freshness_e1.py::TestCheckAndRepair::test_first_boot_no_stored_checksum_runs_compose PASSED [ 12%]
tests/test_compose_freshness_e1.py::TestCheckAndRepair::test_empty_string_checksum_treated_as_first_boot PASSED [ 12%]
tests/test_compose_freshness_e1.py::TestCheckAndRepair::test_compose_failure_returns_failed_status PASSED [ 12%]
tests/test_compose_freshness_e1.py::TestCheckAndRepair::test_compose_runner_raise_is_treated_as_failure PASSED [ 12%]
tests/test_compose_freshness_e1.py::TestHarnessWiring::test_harness_imports_compose_freshness PASSED [ 12%]
tests/test_compose_freshness_e1.py::TestHarnessWiring::test_deferred_init_calls_check_and_repair PASSED [ 12%]
tests/test_compose_freshness_e1.py::TestHarnessWiring::test_harness_state_carries_failure_flag PASSED [ 12%]
tests/test_compose_freshness_e1.py::TestHarnessWiring::test_lifespan_runs_check_synchronously_before_yield PASSED [ 12%]
tests/test_compose_freshness_e1.py::TestHarnessWiring::test_http_start_endpoints_gate_on_failure_flag PASSED [ 12%]
tests/test_compose_freshness_e1.py::TestHarnessWiring::test_health_poller_reboot_gates_on_failure_flag PASSED [ 12%]
tests/test_compose_strip_frontmatter.py::test_strips_leading_frontmatter_block PASSED [ 13%]
tests/test_compose_strip_frontmatter.py::test_strips_frontmatter_with_no_blank_line_after PASSED [ 13%]
tests/test_compose_strip_frontmatter.py::test_strips_frontmatter_with_extra_fields PASSED [ 13%]
tests/test_compose_strip_frontmatter.py::test_no_frontmatter_is_passthrough PASSED [ 13%]
tests/test_compose_strip_frontmatter.py::test_mid_file_horizontal_rule_not_stripped PASSED [ 13%]
tests/test_compose_strip_frontmatter.py::test_empty_input_is_passthrough PASSED [ 13%]
tests/test_compose_strip_frontmatter.py::test_only_opening_delimiter_is_passthrough PASSED [ 13%]
tests/test_compose_strip_frontmatter.py::test_strips_frontmatter_with_horizontal_whitespace_on_delimiters PASSED [ 13%]
tests/test_compose_strip_frontmatter.py::test_strips_only_first_frontmatter_block PASSED [ 13%]
tests/test_compose_strip_frontmatter.py::test_frontmatter_at_very_start_of_file PASSED [ 13%]
tests/test_composition.py::TestSkillComposition::test_all_sub_skills_closed PASSED [ 13%]
tests/test_composition.py::TestSkillComposition::test_all_closes_have_opens PASSED [ 13%]
tests/test_composition.py::TestSkillComposition::test_no_duplicate_opens PASSED [ 13%]
tests/test_composition.py::TestSkillComposition::test_markers_properly_nested PASSED [ 13%]
tests/test_composition.py::TestAgentInstructionsComposition::test_all_sub_skills_closed SKIPPED [ 13%]
tests/test_composition.py::TestAgentInstructionsComposition::test_all_closes_have_opens SKIPPED [ 13%]
tests/test_comprehension_10659.py::TestSpecSchema::test_spec_is_valid_json PASSED [ 13%]
tests/test_comprehension_10659.py::TestSpecSchema::test_required_top_level_keys PASSED [ 13%]
tests/test_comprehension_10659.py::TestSpecSchema::test_issue_is_int_and_matches PASSED [ 13%]
tests/test_comprehension_10659.py::TestSpecSchema::test_title_is_string PASSED [ 13%]
tests/test_comprehension_10659.py::TestSpecSchema::test_files_is_nonempty_list_of_strings PASSED [ 13%]
tests/test_comprehension_10659.py::TestSpecSchema::test_questions_is_list_of_objects PASSED [ 13%]
tests/test_comprehension_10659.py::TestSpecSchema::test_question_ids_are_unique PASSED [ 13%]
tests/test_comprehension_10659.py::TestRequiredScenarioCoverage::test_topic_covered_by_at_least_one_question[detection (durable vs one-off)-durable|one.?off|from now on|going forward|just this once|for this (?:task|pr)] PASSED [ 13%]
tests/test_comprehension_10659.py::TestRequiredScenarioCoverage::test_topic_covered_by_at_least_one_question[scope (role-class vs alias)-role.?class|alias|fan.?out|every role.?class|single file] PASSED [ 13%]
tests/test_comprehension_10659.py::TestRequiredScenarioCoverage::test_topic_covered_by_at_least_one_question[decision tree (insert-before vs append)-insert.?before|append|step:cycle/|targeted op|whole.?slot] PASSED [ 13%]
tests/test_comprehension_10659.py::TestRequiredScenarioCoverage::test_topic_covered_by_at_least_one_question[forbidden slots (vault refusal)-vault|forbidden|refuse|L1.?exclusive|framework.?owned] PASSED [ 13%]
tests/test_comprehension_10659.py::TestRequiredScenarioCoverage::test_topic_covered_by_at_least_one_question[removal (counter-entry / undo)-counter.?entry|removal|undo|forget|prune|delete] PASSED [ 13%]
tests/test_comprehension_10659.py::TestRequiredScenarioCoverage::test_at_least_five_questions PASSED [ 13%]
tests/test_comprehension_10659.py::TestExpectedAnswersSubstantive::test_expected_answers_have_substantive_length PASSED [ 13%]
tests/test_comprehension_10659.py::TestExpectedAnswersSubstantive::test_no_placeholder_expected_answers PASSED [ 13%]
tests/test_comprehension_10659.py::TestFilesListSanity::test_every_listed_file_exists PASSED [ 13%]
tests/test_comprehension_10659.py::TestFilesListSanity::test_includes_l4_curation_sub_skill PASSED [ 13%]
tests/test_comprehension_10659.py::TestFilesListSanity::test_no_state_file_or_composed_output_references PASSED [ 13%]
tests/test_comprehension_10678.py::TestSpecSchema::test_spec_is_valid_json PASSED [ 13%]
tests/test_comprehension_10678.py::TestSpecSchema::test_required_top_level_keys PASSED [ 13%]
tests/test_comprehension_10678.py::TestSpecSchema::test_issue_number_matches_d7 PASSED [ 13%]
tests/test_comprehension_10678.py::TestSpecSchema::test_every_question_has_required_fields PASSED [ 13%]
tests/test_comprehension_10678.py::TestSpecSchema::test_question_ids_unique PASSED [ 13%]
tests/test_comprehension_10678.py::TestRequiredCoverage::test_scenario_covered[resolvable-reference-execute-(consult|resolve|look[- ]?up|catalog\\s+(row|entry|lookup|table\\s+row)).*(source\\s+path|read\\s+(that|the)\\s+file|execute|fetch)] PASSED [ 13%]
tests/test_comprehension_10678.py::TestRequiredCoverage::test_scenario_covered[unresolved-name-error-(no\\s+(matching\\s+)?(catalog\\s+)?(row|entry)|unresolved|not\\s+indexed|silently\\s+skipping).*(error|abort|surface|reject|fail|forbidden)] PASSED [ 13%]
tests/test_comprehension_10678.py::TestRequiredCoverage::test_scenario_covered[missing-source-file-error-(source\\s*path|source\\s*file|file).*(missing|does\\s+not\\s+exist|gone).*(error|abort|surface|reject|fail)] PASSED [ 13%]
tests/test_comprehension_10678.py::TestRequiredCoverage::test_scenario_covered[multiple-refs-in-order-(multiple|several|three).*(order|sequence|top\\s+to\\s+bottom)] PASSED [ 14%]
tests/test_comprehension_10678.py::TestRequiredCoverage::test_at_least_five_questions PASSED [ 14%]
tests/test_comprehension_10678.py::TestExpectedAnswersSubstantive::test_expected_answers_have_substantive_length PASSED [ 14%]
tests/test_comprehension_10678.py::TestExpectedAnswersSubstantive::test_no_placeholder_expected_answers PASSED [ 14%]
tests/test_comprehension_10678.py::TestFilesListSanity::test_every_listed_file_exists PASSED [ 14%]
tests/test_comprehension_10678.py::TestFilesListSanity::test_includes_compose_architecture PASSED [ 14%]
tests/test_comprehension_10678.py::TestFilesListSanity::test_includes_sub_skill_catalog PASSED [ 14%]
tests/test_comprehension_10678.py::TestFilesListSanity::test_no_state_file_or_composed_output_references PASSED [ 14%]
tests/test_comprehension_8694.py::TestSpecSchema::test_spec_is_valid_json PASSED [ 14%]
tests/test_comprehension_8694.py::TestSpecSchema::test_required_top_level_keys PASSED [ 14%]
tests/test_comprehension_8694.py::TestSpecSchema::test_issue_is_int PASSED [ 14%]
tests/test_comprehension_8694.py::TestSpecSchema::test_title_is_string PASSED [ 14%]
tests/test_comprehension_8694.py::TestSpecSchema::test_files_is_list_of_strings PASSED [ 14%]
tests/test_comprehension_8694.py::TestSpecSchema::test_questions_is_list_of_objects PASSED [ 14%]
tests/test_comprehension_8694.py::TestSpecSchema::test_question_ids_are_unique PASSED [ 14%]
tests/test_comprehension_8694.py::TestRequiredScenarioCoverage::test_topic_covered_by_at_least_one_question[mid-task event-mid.?task|case d\\b] PASSED [ 14%]
tests/test_comprehension_8694.py::TestRequiredScenarioCoverage::test_topic_covered_by_at_least_one_question[unknown event-unknown\\s+event|unrecogni[sz]ed] PASSED [ 14%]
tests/test_comprehension_8694.py::TestRequiredScenarioCoverage::test_topic_covered_by_at_least_one_question[empty work_queue-empty.*work.?queue|work.?queue.*empty] PASSED [ 14%]
tests/test_comprehension_8694.py::TestRequiredScenarioCoverage::test_topic_covered_by_at_least_one_question[DM end-of-task comments-\\bdm\\b.*comment|comment.*\\bdm\\b|pr.?merge.*comment|merge.*wait.*comment] PASSED [ 14%]
tests/test_comprehension_8694.py::TestRequiredScenarioCoverage::test_topic_covered_by_at_least_one_question[comment-driven route-back-comment.*hand|route.?back|comment.*role|hand.*back|hand.*work] PASSED [ 14%]
tests/test_comprehension_8694.py::TestRequiredScenarioCoverage::test_topic_covered_by_at_least_one_question[scan-running boot-scan.*running|status:\\s*running|status.?running|scan.?running\\s+boot] PASSED [ 14%]
tests/test_comprehension_8694.py::TestRequiredScenarioCoverage::test_at_least_eight_questions PASSED [ 14%]
tests/test_comprehension_8694.py::TestFilesOnlyEventFragments::test_every_path_starts_with_allowed_prefix PASSED [ 14%]
tests/test_comprehension_8694.py::TestFilesOnlyEventFragments::test_no_banned_substrings_in_files PASSED [ 14%]
tests/test_comprehension_8694.py::TestFilesOnlyEventFragments::test_role_paths_use_events_subdir PASSED [ 14%]
tests/test_comprehension_8694.py::TestFilesOnlyEventFragments::test_every_listed_file_exists PASSED [ 14%]
tests/test_config.py::TestConfigRequired::test_has_version PASSED        [ 14%]
tests/test_config.py::TestConfigRequired::test_has_tracker PASSED        [ 14%]
tests/test_config.py::TestConfigRequired::test_has_dev_agents PASSED     [ 14%]
tests/test_config.py::TestConfigRequired::test_has_project_name PASSED   [ 14%]
tests/test_config.py::TestConfigRequired::test_has_iteration_interval PASSED [ 14%]
tests/test_config.py::TestConfigRequired::test_has_context_threshold PASSED [ 14%]
tests/test_config.py::TestConfigRequired::test_has_skill_tests PASSED    [ 14%]
tests/test_config.py::TestConfigRequired::test_has_auto_merge PASSED     [ 14%]
tests/test_config.py::TestConfigRequired::test_has_pr_flow PASSED        [ 14%]
tests/test_config.py::TestConfigRequired::test_has_improvement_scanning PASSED [ 14%]
tests/test_config.py::TestSetFieldGuards::test_empty_section_exits PASSED [ 14%]
tests/test_config.py::TestSetFieldGuards::test_replace_limited_to_first_occurrence PASSED [ 14%]
tests/test_config.py::TestGetField::test_get_known_field PASSED          [ 14%]
tests/test_config.py::TestGetField::test_get_section_scoped_field PASSED [ 14%]
tests/test_config.py::TestGetField::test_get_disambiguates_enabled_fields PASSED [ 14%]
tests/test_config.py::TestGetField::test_get_unknown_field_exits PASSED  [ 14%]
tests/test_config.py::TestGetField::test_get_raw_field_name PASSED       [ 15%]
tests/test_config.py::TestImprovementScanCoolDownDefault::test_default_when_field_absent PASSED [ 15%]
tests/test_config.py::TestImprovementScanCoolDownDefault::test_default_when_section_absent PASSED [ 15%]
tests/test_config.py::TestImprovementScanCoolDownDefault::test_explicit_value_overrides_default PASSED [ 15%]
tests/test_config.py::TestImprovementScanCoolDownDefault::test_field_in_defaults_registry PASSED [ 15%]
tests/test_config.py::TestSetFieldHappyPath::test_set_sectionless_field PASSED [ 15%]
tests/test_config.py::TestSetFieldHappyPath::test_set_section_scoped_field PASSED [ 15%]
tests/test_config.py::TestSetFieldHappyPath::test_set_field_not_found_exits PASSED [ 15%]
tests/test_config.py::TestGetAlias::test_alias_present PASSED            [ 15%]
tests/test_config.py::TestGetAlias::test_alias_missing_falls_back PASSED [ 15%]
tests/test_config.py::TestGetAlias::test_alias_unknown_role PASSED       [ 15%]
tests/test_config.py::TestDetectSchemaVersion::test_v1_explicit PASSED   [ 15%]
tests/test_config.py::TestDetectSchemaVersion::test_v2_explicit PASSED   [ 15%]
tests/test_config.py::TestDetectSchemaVersion::test_missing_field_defaults_v1 PASSED [ 15%]
tests/test_config.py::TestDetectSchemaVersion::test_non_integer_defaults_v1 PASSED [ 15%]
tests/test_config.py::TestDetectSchemaVersion::test_v3_returns_v2 PASSED [ 15%]
tests/test_config.py::TestParseSections::test_splits_sections PASSED     [ 15%]
tests/test_config.py::TestParseSections::test_preamble_in_empty_key PASSED [ 15%]
tests/test_config.py::TestParseSections::test_heading_whitespace_stripped PASSED [ 15%]
tests/test_config.py::TestDumpAll::test_returns_dict PASSED              [ 15%]
tests/test_config_aliases_registry_10385.py::TestValidTable::test_returns_dict_of_tuples PASSED [ 15%]
tests/test_config_aliases_registry_10385.py::TestValidTable::test_canonical_table_round_trips PASSED [ 15%]
tests/test_config_aliases_registry_10385.py::TestValidTable::test_em_dash_l3_becomes_none PASSED [ 15%]
tests/test_config_aliases_registry_10385.py::TestValidTable::test_non_dash_l3_preserved_verbatim PASSED [ 15%]
tests/test_config_aliases_registry_10385.py::TestValidTable::test_all_four_role_classes_accepted PASSED [ 15%]
tests/test_config_aliases_registry_10385.py::TestMalformedInputs::test_missing_aliases_section PASSED [ 15%]
tests/test_config_aliases_registry_10385.py::TestMalformedInputs::test_empty_aliases_section PASSED [ 15%]
tests/test_config_aliases_registry_10385.py::TestMalformedInputs::test_wrong_column_count_in_header PASSED [ 15%]
tests/test_config_aliases_registry_10385.py::TestMalformedInputs::test_wrong_column_names_in_header PASSED [ 15%]
tests/test_config_aliases_registry_10385.py::TestMalformedInputs::test_missing_separator_row PASSED [ 15%]
tests/test_config_aliases_registry_10385.py::TestMalformedInputs::test_data_row_wrong_column_count PASSED [ 15%]
tests/test_config_aliases_registry_10385.py::TestMalformedInputs::test_unknown_role_class_rejected PASSED [ 15%]
tests/test_config_aliases_registry_10385.py::TestMalformedInputs::test_duplicate_alias_rejected PASSED [ 15%]
tests/test_config_aliases_registry_10385.py::TestMalformedInputs::test_empty_alias_cell_rejected PASSED [ 15%]
tests/test_config_aliases_registry_10385.py::TestMalformedInputs::test_empty_role_class_cell_rejected PASSED [ 15%]
tests/test_config_aliases_registry_10385.py::TestMalformedInputs::test_header_only_no_data_rejected PASSED [ 15%]
tests/test_config_aliases_registry_10385.py::TestExportedConstants::test_role_classes_frozenset_matches_spec PASSED [ 15%]
tests/test_config_aliases_registry_10385.py::TestExportedConstants::test_l3_none_sentinel_is_em_dash PASSED [ 15%]
tests/test_config_aliases_registry_10385.py::TestExportedConstants::test_error_is_value_error_subclass PASSED [ 15%]
tests/test_config_aliases_registry_10385.py::TestBulletFormFallback::test_canonical_pm_and_dm_bullets PASSED [ 15%]
tests/test_config_aliases_registry_10385.py::TestBulletFormFallback::test_qa_bullet_maps_to_verifier_via_shim PASSED [ 15%]
tests/test_config_aliases_registry_10385.py::TestBulletFormFallback::test_dev_bullet_maps_to_worker_via_shim PASSED [ 15%]
tests/test_config_aliases_registry_10385.py::TestBulletFormFallback::test_skill_bullet_maps_to_worker_skill_variant PASSED [ 16%]
tests/test_config_aliases_registry_10385.py::TestBulletFormFallback::test_full_live_repo_install_bullets PASSED [ 16%]
tests/test_config_aliases_registry_10385.py::TestBulletFormFallback::test_unrecognized_value_raises_with_diagnostic PASSED [ 16%]
tests/test_config_aliases_registry_10385.py::TestBulletFormFallback::test_mixed_recognized_and_typo_raises_not_silently_drops PASSED [ 16%]
tests/test_config_aliases_registry_10385.py::TestBulletFormFallback::test_duplicate_alias_in_bullet_form_raises PASSED [ 16%]
tests/test_config_aliases_registry_10385.py::TestTableFormShim::test_qa_role_class_in_table_maps_to_verifier PASSED [ 16%]
tests/test_config_aliases_registry_10385.py::TestTableFormShim::test_dev_role_class_in_table_maps_to_worker PASSED [ 16%]
tests/test_config_functions.py::TestParseSections::test_parses_sections PASSED [ 16%]
tests/test_config_functions.py::TestParseSections::test_content_before_first_heading PASSED [ 16%]
tests/test_config_functions.py::TestParseSections::test_empty_text PASSED [ 16%]
tests/test_config_functions.py::TestParseFieldInText::test_finds_field PASSED [ 16%]
tests/test_config_functions.py::TestParseFieldInText::test_missing_field PASSED [ 16%]
tests/test_config_functions.py::TestParseFieldInText::test_field_with_special_chars PASSED [ 16%]
tests/test_config_functions.py::TestParseField::test_scoped_to_section PASSED [ 16%]
tests/test_config_functions.py::TestParseField::test_wrong_section PASSED [ 16%]
tests/test_config_functions.py::TestParseField::test_no_section_searches_all PASSED [ 16%]
tests/test_config_functions.py::TestGetField::test_get_by_short_name PASSED [ 16%]
tests/test_config_functions.py::TestGetField::test_get_project_name PASSED [ 16%]
tests/test_config_functions.py::TestGetField::test_get_pr_flow PASSED    [ 16%]
tests/test_config_functions.py::TestGetField::test_get_shipped_since_bump PASSED [ 16%]
tests/test_config_functions.py::TestGetField::test_missing_field_exits PASSED [ 16%]
tests/test_config_functions.py::TestGetField::test_missing_config_exits PASSED [ 16%]
tests/test_config_functions.py::TestSetField::test_set_interval PASSED   [ 16%]
tests/test_config_functions.py::TestSetField::test_set_shipped_since_bump PASSED [ 16%]
tests/test_config_functions.py::TestSetField::test_set_preserves_other_fields PASSED [ 16%]
tests/test_config_functions.py::TestSetField::test_set_missing_field_exits PASSED [ 16%]
tests/test_config_functions.py::TestGetAlias::test_returns_alias PASSED  [ 16%]
tests/test_config_functions.py::TestGetAlias::test_falls_back_to_role_name PASSED [ 16%]
tests/test_config_functions.py::TestDetectSchemaVersion::test_v1 PASSED  [ 16%]
tests/test_config_functions.py::TestDetectSchemaVersion::test_v2 PASSED  [ 16%]
tests/test_config_functions.py::TestDetectSchemaVersion::test_missing_field_defaults_v1 PASSED [ 16%]
tests/test_config_functions.py::TestDetectSchemaVersion::test_malformed_value_defaults_v1 PASSED [ 16%]
tests/test_config_functions.py::TestFieldMapCoverage::test_field_map_entry_resolves[agent-compose] PASSED [ 16%]
tests/test_config_functions.py::TestFieldMapCoverage::test_field_map_entry_resolves[alias-designer] PASSED [ 16%]
tests/test_config_functions.py::TestFieldMapCoverage::test_field_map_entry_resolves[alias-dm] PASSED [ 16%]
tests/test_config_functions.py::TestFieldMapCoverage::test_field_map_entry_resolves[alias-pm] PASSED [ 16%]
tests/test_config_functions.py::TestFieldMapCoverage::test_field_map_entry_resolves[alias-qa] PASSED [ 16%]
tests/test_config_functions.py::TestFieldMapCoverage::test_field_map_entry_resolves[alias-skill] PASSED [ 16%]
tests/test_config_functions.py::TestFieldMapCoverage::test_field_map_entry_resolves[api-timeout-seconds] PASSED [ 16%]
tests/test_config_functions.py::TestFieldMapCoverage::test_field_map_entry_resolves[arch-version] PASSED [ 16%]
tests/test_config_functions.py::TestFieldMapCoverage::test_field_map_entry_resolves[auto-merge] PASSED [ 16%]
tests/test_config_functions.py::TestFieldMapCoverage::test_field_map_entry_resolves[branch-pattern] PASSED [ 16%]
tests/test_config_functions.py::TestFieldMapCoverage::test_field_map_entry_resolves[briefing-token-budget] PASSED [ 17%]
tests/test_config_functions.py::TestFieldMapCoverage::test_field_map_entry_resolves[code-review-model] PASSED [ 17%]
tests/test_config_functions.py::TestFieldMapCoverage::test_field_map_entry_resolves[comprehension-model] PASSED [ 17%]
tests/test_config_functions.py::TestFieldMapCoverage::test_field_map_entry_resolves[confidence-decay-days] PASSED [ 17%]
tests/test_config_functions.py::TestFieldMapCoverage::test_field_map_entry_resolves[context-threshold] PASSED [ 17%]
tests/test_config_functions.py::TestFieldMapCoverage::test_field_map_entry_resolves[default-model] PASSED [ 17%]
tests/test_config_functions.py::TestFieldMapCoverage::test_field_map_entry_resolves[dev-agents] PASSED [ 17%]
tests/test_config_functions.py::TestFieldMapCoverage::test_field_map_entry_resolves[diagnostics] PASSED [ 17%]
tests/test_config_functions.py::TestFieldMapCoverage::test_field_map_entry_resolves[discussion-prep-model] PASSED [ 17%]
tests/test_config_functions.py::TestFieldMapCoverage::test_field_map_entry_resolves[e2e-tests] PASSED [ 17%]
tests/test_config_functions.py::TestFieldMapCoverage::test_field_map_entry_resolves[effort-dm] PASSED [ 17%]
tests/test_config_functions.py::TestFieldMapCoverage::test_field_map_entry_resolves[effort-pm] PASSED [ 17%]
tests/test_config_functions.py::TestFieldMapCoverage::test_field_map_entry_resolves[effort-qa] PASSED [ 17%]
tests/test_config_functions.py::TestFieldMapCoverage::test_field_map_entry_resolves[effort-skill] PASSED [ 17%]
tests/test_config_functions.py::TestFieldMapCoverage::test_field_map_entry_resolves[event-driven] PASSED [ 17%]
tests/test_config_functions.py::TestFieldMapCoverage::test_field_map_entry_resolves[event-max-retries] PASSED [ 17%]
tests/test_config_functions.py::TestFieldMapCoverage::test_field_map_entry_resolves[event-poll-interval] PASSED [ 17%]
tests/test_config_functions.py::TestFieldMapCoverage::test_field_map_entry_resolves[event-queue-cap] PASSED [ 17%]
tests/test_config_functions.py::TestFieldMapCoverage::test_field_map_entry_resolves[event-timeout-minutes] PASSED [ 17%]
tests/test_config_functions.py::TestFieldMapCoverage::test_field_map_entry_resolves[fallback-model] PASSED [ 17%]
tests/test_config_functions.py::TestFieldMapCoverage::test_field_map_entry_resolves[forge-endpoint] PASSED [ 17%]
tests/test_config_functions.py::TestFieldMapCoverage::test_field_map_entry_resolves[forge-owner] PASSED [ 17%]
tests/test_config_functions.py::TestFieldMapCoverage::test_field_map_entry_resolves[forge-provider] PASSED [ 17%]
tests/test_config_functions.py::TestFieldMapCoverage::test_field_map_entry_resolves[forge-repo] PASSED [ 17%]
tests/test_config_functions.py::TestFieldMapCoverage::test_field_map_entry_resolves[harness-enabled] PASSED [ 17%]
tests/test_config_functions.py::TestFieldMapCoverage::test_field_map_entry_resolves[harness-port] PASSED [ 17%]
tests/test_config_functions.py::TestFieldMapCoverage::test_field_map_entry_resolves[improvement-scan-cool-down] PASSED [ 17%]
tests/test_config_functions.py::TestFieldMapCoverage::test_field_map_entry_resolves[improvement-scan-model] PASSED [ 17%]
tests/test_config_functions.py::TestFieldMapCoverage::test_field_map_entry_resolves[improvement-scanning] PASSED [ 17%]
tests/test_config_functions.py::TestFieldMapCoverage::test_field_map_entry_resolves[interval] PASSED [ 17%]
tests/test_config_functions.py::TestFieldMapCoverage::test_field_map_entry_resolves[mandatory-human-approval] PASSED [ 17%]
tests/test_config_functions.py::TestFieldMapCoverage::test_field_map_entry_resolves[pr-flow] PASSED [ 17%]
tests/test_config_functions.py::TestFieldMapCoverage::test_field_map_entry_resolves[project-intent] PASSED [ 17%]
tests/test_config_functions.py::TestFieldMapCoverage::test_field_map_entry_resolves[project-name] PASSED [ 17%]
tests/test_config_functions.py::TestFieldMapCoverage::test_field_map_entry_resolves[qa-execution-model] PASSED [ 17%]
tests/test_config_functions.py::TestFieldMapCoverage::test_field_map_entry_resolves[repo] PASSED [ 17%]
tests/test_config_functions.py::TestFieldMapCoverage::test_field_map_entry_resolves[research-model] PASSED [ 17%]
tests/test_config_functions.py::TestFieldMapCoverage::test_field_map_entry_resolves[scan-cooldown] PASSED [ 17%]
tests/test_config_functions.py::TestFieldMapCoverage::test_field_map_entry_resolves[scan-idle-timeout] PASSED [ 17%]
tests/test_config_functions.py::TestFieldMapCoverage::test_field_map_entry_resolves[ship-threshold] PASSED [ 17%]
tests/test_config_functions.py::TestFieldMapCoverage::test_field_map_entry_resolves[shipped-since-bump] PASSED [ 17%]
tests/test_config_functions.py::TestFieldMapCoverage::test_field_map_entry_resolves[skill-tests] PASSED [ 17%]
tests/test_config_functions.py::TestFieldMapCoverage::test_field_map_entry_resolves[state-branch] PASSED [ 18%]
tests/test_config_functions.py::TestFieldMapCoverage::test_field_map_entry_resolves[test-plan-model] PASSED [ 18%]
tests/test_config_functions.py::TestFieldMapCoverage::test_field_map_entry_resolves[tracker] PASSED [ 18%]
tests/test_config_functions.py::TestFieldMapCoverage::test_field_map_entry_resolves[upstream-reporting] PASSED [ 18%]
tests/test_config_functions.py::TestFieldMapCoverage::test_field_map_entry_resolves[vault-optimize] PASSED [ 18%]
tests/test_config_functions.py::TestFieldMapCoverage::test_field_map_entry_resolves[vault-remember] PASSED [ 18%]
tests/test_config_functions.py::TestFieldMapCoverage::test_field_map_entry_resolves[vault-writes-per-cycle] PASSED [ 18%]
tests/test_config_functions.py::TestFieldMapCoverage::test_field_map_entry_resolves[version] PASSED [ 18%]
tests/test_config_functions.py::TestFieldMapCoverage::test_field_map_entry_resolves[workers] PASSED [ 18%]
tests/test_config_functions.py::TestFieldMapCoverage::test_field_map_entry_resolves[working-branch] PASSED [ 18%]
tests/test_config_functions.py::TestSyncAgents::test_sync_agents_no_name_error PASSED [ 18%]
tests/test_config_functions.py::TestSyncAgents::test_sync_agents_without_dm PASSED [ 18%]
tests/test_config_schema.py::TestDetectSchemaVersion::test_explicit_v1 PASSED [ 18%]
tests/test_config_schema.py::TestDetectSchemaVersion::test_explicit_v2 PASSED [ 18%]
tests/test_config_schema.py::TestDetectSchemaVersion::test_missing_field_defaults_to_v1 PASSED [ 18%]
tests/test_config_schema.py::TestDetectSchemaVersion::test_malformed_field_defaults_to_v1[# not a version] PASSED [ 18%]
tests/test_config_schema.py::TestDetectSchemaVersion::test_malformed_field_defaults_to_v1[garbage] PASSED [ 18%]
tests/test_config_schema.py::TestDetectSchemaVersion::test_malformed_field_defaults_to_v1[] PASSED [ 18%]
tests/test_config_schema.py::TestDetectSchemaVersion::test_v3_reads_as_v2 PASSED [ 18%]
tests/test_config_schema.py::TestParseAgentsV1::test_single_dev_role_with_pm_qa_dm PASSED [ 18%]
tests/test_config_schema.py::TestParseAgentsV1::test_mandatory_roles_always_present PASSED [ 18%]
tests/test_config_schema.py::TestParseAgentsV1::test_no_dev_roles PASSED [ 18%]
tests/test_config_schema.py::TestParseAgentsV1::test_get_agents_uses_v1_path PASSED [ 18%]
tests/test_config_schema.py::TestParseAgentsV1::test_v1_test_command_missing_field_is_omitted PASSED [ 18%]
tests/test_config_schema.py::TestParseAgentsV2::test_full_software_dev_install PASSED [ 18%]
tests/test_config_schema.py::TestParseAgentsV2::test_simple_agent_entry PASSED [ 18%]
tests/test_config_schema.py::TestParseAgentsV2::test_dev_agent_with_quoted_stack_and_test_command PASSED [ 18%]
tests/test_config_schema.py::TestParseAgentsV2::test_multiple_dev_agents_do_not_leak_fields PASSED [ 18%]
tests/test_config_schema.py::TestParseAgentsV2::test_alias_defaults_to_id_when_same PASSED [ 18%]
tests/test_config_schema.py::TestParseAgentsV2::test_design_preset_only_two_agents PASSED [ 18%]
tests/test_config_schema.py::TestParseAgentsV2::test_empty_agents_section PASSED [ 18%]
tests/test_config_schema.py::TestParseAgentsV2::test_setup_block_with_multiple_fields PASSED [ 18%]
tests/test_config_schema.py::TestParseAgentsV2::test_setup_block_closes_on_next_top_level_entry PASSED [ 18%]
tests/test_config_schema.py::TestGetAgents::test_v1_path PASSED          [ 18%]
tests/test_config_schema.py::TestGetAgents::test_v2_path PASSED          [ 18%]
tests/test_config_schema.py::TestGetAgents::test_missing_schema_defaults_to_v1 PASSED [ 18%]
tests/test_config_schema.py::TestGetAgents::test_v2_reads_same_canonical_shape_as_v1 PASSED [ 18%]
tests/test_config_schema.py::TestWizardRoundTrip::test_minimal_design_preset_round_trip PASSED [ 18%]
tests/test_config_schema.py::TestWizardRoundTrip::test_full_software_dev_round_trip PASSED [ 18%]
tests/test_config_schema.py::TestComposeKnownRoles::test_list_known_identities_reads_real_registry PASSED [ 18%]
tests/test_config_schema.py::TestComposeKnownRoles::test_get_entry_file_for_shipped_role PASSED [ 18%]
tests/test_config_schema.py::TestComposeKnownRoles::test_dev_variants_resolve_to_dev PASSED [ 19%]
tests/test_config_schema.py::TestComposeKnownRoles::test_no_longer_hardcodes_known_roles_set PASSED [ 19%]
tests/test_config_schema.py::TestGetField::test_get_existing_field PASSED [ 19%]
tests/test_config_schema.py::TestGetField::test_get_context_threshold PASSED [ 19%]
tests/test_config_schema.py::TestGetField::test_get_missing_field_exits PASSED [ 19%]
tests/test_config_schema.py::TestGetAlias::test_alias_found PASSED       [ 19%]
tests/test_config_schema.py::TestGetAlias::test_alias_fallback_to_role_name PASSED [ 19%]
tests/test_config_schema.py::TestSetField::test_set_updates_value PASSED [ 19%]
tests/test_cq_cache.py::TestComputeHash::test_hashes_spec_and_files PASSED [ 19%]
tests/test_cq_cache.py::TestComputeHash::test_different_content_different_hash PASSED [ 19%]
tests/test_cq_cache.py::TestComputeHash::test_missing_file_returns_none PASSED [ 19%]
tests/test_cq_cache.py::TestComputeHash::test_missing_spec_returns_none PASSED [ 19%]
tests/test_cq_cache.py::TestComputeHash::test_spec_change_changes_hash PASSED [ 19%]
tests/test_cq_cache.py::TestCachePath::test_uses_spec_stem PASSED        [ 19%]
tests/test_cq_cache.py::TestCheckCache::test_no_cache_file_returns_false PASSED [ 19%]
tests/test_cq_cache.py::TestCheckCache::test_matching_cache_returns_true PASSED [ 19%]
tests/test_cq_cache.py::TestCheckCache::test_stale_cache_returns_false PASSED [ 19%]
tests/test_cq_cache.py::TestWriteCache::test_creates_cache_dir_and_file PASSED [ 19%]
tests/test_cq_cache.py::TestWriteCache::test_does_not_write_on_missing_file PASSED [ 19%]
tests/test_cq_cache.py::TestRunTestCacheIntegration::test_cache_hit_returns_none PASSED [ 19%]
tests/test_cq_cache.py::TestRunTestCacheIntegration::test_force_bypasses_cache PASSED [ 19%]
tests/test_cq_cache.py::TestRunTestCacheIntegration::test_env_var_force_bypasses_cache PASSED [ 19%]
tests/test_cycle.py::TestTimestamp::test_timestamp_format PASSED         [ 19%]
tests/test_cycle.py::TestTimestamp::test_timestamp_short_format PASSED   [ 19%]
tests/test_cycle.py::TestStepMarker::test_step_marker_format PASSED      [ 19%]
tests/test_cycle.py::TestStatusBar::test_writes_state_file PASSED        [ 19%]
tests/test_cycle.py::TestStatusBar::test_empty_description PASSED        [ 19%]
tests/test_cycle.py::TestStatusBar::test_missing_role_dir_does_not_raise_9901 PASSED [ 19%]
tests/test_cycle.py::TestStatusBar::test_disk_failure_does_not_raise_9901 PASSED [ 19%]
tests/test_cycle.py::TestStatusBar::test_mkdir_failure_does_not_raise_9901 PASSED [ 19%]
tests/test_cycle.py::TestStatusBar::test_replace_failure_does_not_raise_9901 PASSED [ 19%]
tests/test_cycle.py::TestStatusBar::test_consolidation_cycle_pre_delegates_9901 PASSED [ 19%]
tests/test_cycle.py::TestStatusBar::test_consolidation_cycle_post_delegates_9901 PASSED [ 19%]
tests/test_cycle.py::TestStatusBarSelf::test_uses_squidsquad_role_env PASSED [ 19%]
tests/test_cycle.py::TestStatusBarSelf::test_routes_to_role_specific_dir PASSED [ 19%]
tests/test_cycle.py::TestStatusBarSelf::test_missing_env_exits_nonzero PASSED [ 19%]
tests/test_cycle.py::TestStatusBarSelf::test_empty_env_exits_nonzero PASSED [ 19%]
tests/test_cycle.py::TestStatusBarSelf::test_whitespace_env_exits_nonzero PASSED [ 19%]
tests/test_cycle.py::TestCounters::test_get_counter PASSED               [ 19%]
tests/test_cycle.py::TestCounters::test_get_counter_missing_file PASSED  [ 19%]
tests/test_cycle.py::TestCounters::test_set_counter PASSED               [ 19%]
tests/test_cycle.py::TestCounters::test_set_counter_upserts_when_field_absent PASSED [ 19%]
tests/test_cycle.py::TestCounters::test_inc_counter_upserts_when_field_absent PASSED [ 20%]
tests/test_cycle.py::TestCounters::test_inc_counter PASSED               [ 20%]
tests/test_cycle.py::TestCounters::test_inc_counter_single_output_line PASSED [ 20%]
tests/test_cycle.py::TestCounters::test_reset_counter PASSED             [ 20%]
tests/test_cycle.py::TestLogIteration::test_creates_log_file PASSED      [ 20%]
tests/test_cycle.py::TestLogIteration::test_new_param_names PASSED       [ 20%]
tests/test_cycle.py::TestCleanupIterations::test_keeps_recent_files PASSED [ 20%]
tests/test_cycle.py::TestCleanupIterations::test_no_removal_under_limit PASSED [ 20%]
tests/test_cycle.py::TestCleanupIterations::test_missing_dir_returns_zero PASSED [ 20%]
tests/test_cycle.py::TestLogIterationUsageMessage::test_error_message_matches_docstring PASSED [ 20%]
tests/test_cycle_post.py::TestValidateOutput::test_valid_minimal PASSED  [ 20%]
tests/test_cycle_post.py::TestValidateOutput::test_missing_required_fields PASSED [ 20%]
tests/test_cycle_post.py::TestValidateOutput::test_invalid_cycle_type PASSED [ 20%]
tests/test_cycle_post.py::TestValidateOutput::test_not_a_dict PASSED     [ 20%]
tests/test_cycle_post.py::TestValidateOutput::test_invalid_transition_structure PASSED [ 20%]
tests/test_cycle_post.py::TestValidateOutput::test_valid_with_transitions PASSED [ 20%]
tests/test_cycle_post.py::TestValidateOutputModeAgnostic::test_legacy_mode_gated_constants_removed PASSED [ 20%]
tests/test_cycle_post.py::TestValidateOutputModeAgnostic::test_polling_quiet_cycle_validates PASSED [ 20%]
tests/test_cycle_post.py::TestValidateOutputModeAgnostic::test_event_quiet_cycle_validates PASSED [ 20%]
tests/test_cycle_post.py::TestValidateOutputModeAgnostic::test_active_cycle_with_task_validates PASSED [ 20%]
tests/test_cycle_post.py::TestValidateOutputModeAgnostic::test_missing_cycle_number_still_fails PASSED [ 20%]
tests/test_cycle_post.py::TestValidateOutputModeAgnostic::test_task_never_required PASSED [ 20%]
tests/test_cycle_post.py::TestValidateOutputModeAgnostic::test_role_argument_does_not_change_required_fields PASSED [ 20%]
tests/test_cycle_post.py::TestAdvanceEventCursorRemoved::test_function_attribute_is_absent PASSED [ 20%]
tests/test_cycle_post.py::TestAdvanceEventCursorRemoved::test_source_contains_no_reference PASSED [ 20%]
tests/test_cycle_post.py::TestMissingOutput::test_missing_output_file PASSED [ 20%]
tests/test_cycle_post.py::TestMissingOutput::test_invalid_json PASSED    [ 20%]
tests/test_cycle_post.py::TestMissingOutput::test_schema_validation_fails PASSED [ 20%]
tests/test_cycle_post.py::TestStatusTransitions::test_calls_tracker_transition PASSED [ 20%]
tests/test_cycle_post.py::TestStatusTransitions::test_skips_invalid_transition PASSED [ 20%]
tests/test_cycle_post.py::TestIterationLog::test_creates_active_log PASSED [ 20%]
tests/test_cycle_post.py::TestIterationLog::test_creates_quiet_log PASSED [ 20%]
tests/test_cycle_post.py::TestRestartSentinelRemoved::test_function_attribute_is_absent PASSED [ 20%]
tests/test_cycle_post.py::TestRestartSentinelRemoved::test_source_contains_no_reference PASSED [ 20%]
tests/test_cycle_post.py::TestStatusBar::test_idle_after_cycle PASSED    [ 20%]
tests/test_cycle_post.py::TestStatusBar::test_atomic_write PASSED        [ 20%]
tests/test_cycle_post.py::TestCommitPushUsesWorkingBranch::test_skill_branch_workflow_uses_working_branch PASSED [ 20%]
tests/test_cycle_post.py::TestCommitPushUsesWorkingBranch::test_qa_uses_working_branch PASSED [ 20%]
tests/test_cycle_post.py::TestStopAfterCycleCheck::test_exits_on_context_pressure PASSED [ 20%]
tests/test_cycle_post.py::TestStopAfterCycleCheck::test_no_exit_below_threshold PASSED [ 20%]
tests/test_cycle_post.py::TestStopAfterCycleCheck::test_exits_on_harness_intent_stopping PASSED [ 20%]
tests/test_cycle_post.py::TestStopAfterCycleCheck::test_exits_on_harness_intent_restarting PASSED [ 20%]
tests/test_cycle_post.py::TestStopAfterCycleCheck::test_continues_on_harness_unreachable PASSED [ 21%]
tests/test_cycle_post.py::TestStopAfterCycleCheck::test_no_context_pressure_data PASSED [ 21%]
tests/test_cycle_post.py::TestContextPressureRestartRouting::test_context_pressure_exceeded_posts_restart PASSED [ 21%]
tests/test_cycle_post.py::TestContextPressureRestartRouting::test_context_pressure_post_failure_still_returns_true PASSED [ 21%]
tests/test_cycle_post.py::TestContextPressureRestartRouting::test_no_double_restart_when_intent_already_restarting PASSED [ 21%]
tests/test_cycle_post.py::TestContextPressureRestartRouting::test_context_pressure_not_exceeded_no_post PASSED [ 21%]
tests/test_cycle_post.py::TestPostHarnessRestart::test_post_returns_false_when_port_unavailable PASSED [ 21%]
tests/test_cycle_post.py::TestPostHarnessRestart::test_post_returns_true_on_success PASSED [ 21%]
tests/test_cycle_post.py::TestPostHarnessRestart::test_post_returns_false_on_network_error PASSED [ 21%]
tests/test_cycle_post.py::TestSelfRestartFragmentMentionsQuit::test_self_restart_md_mentions_quit_after_42 PASSED [ 21%]
tests/test_cycle_post.py::TestSelfRestartFragmentMentionsQuit::test_self_restart_md_mentions_force_kill_safety_net PASSED [ 21%]
tests/test_cycle_post.py::TestPortDiscovery::test_reads_port_from_harness_port_file PASSED [ 21%]
tests/test_cycle_post.py::TestPortDiscovery::test_falls_back_to_default_port PASSED [ 21%]
tests/test_cycle_post.py::TestPortDiscovery::test_handles_invalid_port_file PASSED [ 21%]
tests/test_cycle_post.py::TestSanitizeCommitMsg::test_fixed_hash_escaped PASSED [ 21%]
tests/test_cycle_post.py::TestSanitizeCommitMsg::test_fixes_hash_escaped PASSED [ 21%]
tests/test_cycle_post.py::TestSanitizeCommitMsg::test_closes_hash_escaped PASSED [ 21%]
tests/test_cycle_post.py::TestSanitizeCommitMsg::test_resolves_hash_escaped PASSED [ 21%]
tests/test_cycle_post.py::TestSanitizeCommitMsg::test_non_keyword_untouched PASSED [ 21%]
tests/test_cycle_post.py::TestSanitizeCommitMsg::test_multiple_refs_all_escaped PASSED [ 21%]
tests/test_cycle_post.py::TestSanitizeCommitMsg::test_empty_string PASSED [ 21%]
tests/test_cycle_post.py::TestSanitizeCommitMsg::test_no_issue_ref PASSED [ 21%]
tests/test_cycle_post.py::TestSanitizeCommitMsg::test_closes_in_pr_body_escaped PASSED [ 21%]
tests/test_cycle_post.py::TestDisposablePatterns::test_gen_script_matches PASSED [ 21%]
tests/test_cycle_post.py::TestDisposablePatterns::test_scratch_matches PASSED [ 21%]
tests/test_cycle_post.py::TestDisposablePatterns::test_normal_file_does_not_match PASSED [ 21%]
tests/test_cycle_post.py::TestDisposablePatterns::test_test_file_does_not_match PASSED [ 21%]
tests/test_cycle_post.py::TestVersionBumpChangelogSkip::test_skips_changelog_when_dm_present PASSED [ 21%]
tests/test_cycle_post.py::TestVersionBumpHappyPath::test_no_op_when_no_version_bump PASSED [ 21%]
tests/test_cycle_post.py::TestVersionBumpHappyPath::test_calls_config_set_version PASSED [ 21%]
tests/test_cycle_post.py::TestVersionBumpHappyPath::test_updates_skill_md_version PASSED [ 21%]
tests/test_cycle_post.py::TestVersionBumpHappyPath::test_staged_diff_guard_skips_empty_commit PASSED [ 21%]
tests/test_cycle_post.py::TestVersionBumpHappyPath::test_commit_tag_push_sequence PASSED [ 21%]
tests/test_cycle_post.py::TestVersionBumpHappyPath::test_skips_tag_when_already_exists PASSED [ 21%]
tests/test_cycle_post.py::TestVersionBumpHappyPath::test_resets_shipped_since_bump_counter PASSED [ 21%]
tests/test_cycle_post.py::TestVersionBumpHappyPath::test_stages_only_bump_files PASSED [ 21%]
tests/test_cycle_post.py::TestVersionBumpPushFailure::test_push_failure_skips_counter_reset PASSED [ 21%]
tests/test_cycle_post.py::TestVersionBumpPushFailure::test_push_tags_failure_skips_counter_reset PASSED [ 21%]
tests/test_cycle_post.py::TestVersionBumpPushFailure::test_commit_failure_skips_everything_downstream PASSED [ 21%]
tests/test_cycle_post.py::TestVersionBumpPushFailure::test_tag_list_failure_aborts_bump PASSED [ 21%]
tests/test_cycle_post.py::TestVersionBumpPushFailure::test_tag_create_failure_skips_push_and_counter PASSED [ 21%]
tests/test_cycle_post.py::TestOrphanedTagRecovery::test_recovers_when_local_has_tag_remote_does_not PASSED [ 21%]
tests/test_cycle_post.py::TestOrphanedTagRecovery::test_no_recovery_when_local_tag_missing PASSED [ 22%]
tests/test_cycle_post.py::TestOrphanedTagRecovery::test_no_recovery_when_remote_already_has_tag PASSED [ 22%]
tests/test_cycle_post.py::TestOrphanedTagRecovery::test_recovery_push_failure_skips_counter_reset PASSED [ 22%]
tests/test_cycle_post.py::TestOrphanedTagRecovery::test_ls_remote_failure_aborts_recovery_safely PASSED [ 22%]
tests/test_cycle_post.py::TestOrphanedTagRecovery::test_tag_l_failure_aborts_recovery_safely PASSED [ 22%]
tests/test_cycle_post.py::TestBranchPushFallback::test_pushes_branch_when_commit_code_fails PASSED [ 22%]
tests/test_cycle_post.py::TestBranchPushFallback::test_creates_pr_on_feature_branch PASSED [ 22%]
tests/test_cycle_post.py::TestVerifyRemoteBranch::test_resolves_role_placeholder PASSED [ 22%]
tests/test_cycle_post.py::TestVerifyRemoteBranch::test_no_wildcard_in_branch_name PASSED [ 22%]
tests/test_cycle_post.py::TestVerifyRemoteBranch::test_returns_none_on_network_failure PASSED [ 22%]
tests/test_cycle_post.py::TestDoTrackerComments::test_posts_valid_comments PASSED [ 22%]
tests/test_cycle_post.py::TestDoTrackerComments::test_empty_comments_list PASSED [ 22%]
tests/test_cycle_post.py::TestDoTrackerComments::test_missing_tracker_comments_key PASSED [ 22%]
tests/test_cycle_post.py::TestDoTrackerComments::test_skips_comment_without_number PASSED [ 22%]
tests/test_cycle_post.py::TestDoTrackerComments::test_skips_comment_without_message PASSED [ 22%]
tests/test_cycle_post.py::TestDoTrackerComments::test_continues_on_failure PASSED [ 22%]
tests/test_cycle_post.py::TestDoTrackerComments::test_role_suffix PASSED [ 22%]
tests/test_cycle_post.py::TestDoWorkingStateUpdate::test_writes_update_content PASSED [ 22%]
tests/test_cycle_post.py::TestDoWorkingStateUpdate::test_none_update_is_noop PASSED [ 22%]
tests/test_cycle_post.py::TestDoWorkingStateUpdate::test_missing_key_is_noop PASSED [ 22%]
tests/test_cycle_post.py::TestDoWorkingStateUpdate::test_empty_string_is_noop PASSED [ 22%]
tests/test_cycle_post.py::TestDoWorkingStateUpdate::test_overwrites_existing_file PASSED [ 22%]
tests/test_cycle_post.py::TestDoWorkingStateUpdate::test_creates_parent_directories PASSED [ 22%]
tests/test_cycle_post.py::TestStateCommitAfterCodeCommit::test_state_commit_runs_after_code_commit PASSED [ 22%]
tests/test_cycle_post.py::TestStateCommitAfterCodeCommit::test_state_commit_fallback_on_failure PASSED [ 22%]
tests/test_cycle_post.py::TestStateCommitAfterCodeCommit::test_worktree_state_commit_runs_at_end PASSED [ 22%]
tests/test_cycle_post.py::TestStateCommitAfterCodeCommit::test_worktree_state_commit_with_default_path PASSED [ 22%]
tests/test_cycle_post.py::TestTaskModeLog::test_task_mode_writes_task_log PASSED [ 22%]
tests/test_cycle_post.py::TestTaskModeLog::test_task_mode_atomic_write PASSED [ 22%]
tests/test_cycle_post.py::TestTaskModeLog::test_non_task_mode_unchanged PASSED [ 22%]
tests/test_cycle_post.py::TestTaskModeLog::test_filename_and_content_timestamp_match PASSED [ 22%]
tests/test_cycle_post.py::TestTaskModeLog::test_rejects_path_traversal_in_task_id PASSED [ 22%]
tests/test_cycle_post.py::TestTaskModeLog::test_retention_prunes_old_task_logs PASSED [ 22%]
tests/test_cycle_post.py::TestTaskModeLog::test_retention_keeps_other_tasks PASSED [ 22%]
tests/test_cycle_post.py::TestCommitPushDmArmPreCheckout::test_dm_arm_checks_out_working_branch_when_on_other_branch PASSED [ 22%]
tests/test_cycle_post.py::TestCommitPushDmArmPreCheckout::test_dm_arm_skips_checkout_when_already_on_working_branch PASSED [ 22%]
tests/test_cycle_post.py::TestWarnIfRoleFilesUncommitted::test_stranded_role_owned_file_emits_warning PASSED [ 22%]
tests/test_cycle_post.py::TestWarnIfRoleFilesUncommitted::test_clean_working_tree_is_silent PASSED [ 22%]
tests/test_cycle_post.py::TestWarnIfRoleFilesUncommitted::test_non_role_owned_modifications_are_silent PASSED [ 22%]
tests/test_cycle_pre.py::TestReadWorkingState::test_empty_file PASSED    [ 22%]
tests/test_cycle_pre.py::TestReadWorkingState::test_active_task PASSED   [ 22%]
tests/test_cycle_pre.py::TestReadWorkingState::test_no_task PASSED       [ 22%]
tests/test_cycle_pre.py::TestReadWorkingState::test_missing_file PASSED  [ 23%]
tests/test_cycle_pre.py::TestReadWorkingState::test_pm_planning_phase_suppression PASSED [ 23%]
tests/test_cycle_pre.py::TestReadWorkingState::test_cursor_line_no_longer_parsed PASSED [ 23%]
tests/test_cycle_pre.py::TestGetCycleNumber::test_no_iterations PASSED   [ 23%]
tests/test_cycle_pre.py::TestGetCycleNumber::test_increments_from_last PASSED [ 23%]
tests/test_cycle_pre.py::TestGetCycleNumber::test_handles_gaps PASSED    [ 23%]
tests/test_cycle_pre.py::TestContextPressure::test_reads_pressure_file PASSED [ 23%]
tests/test_cycle_pre.py::TestContextPressure::test_exceeded_threshold PASSED [ 23%]
tests/test_cycle_pre.py::TestContextPressure::test_missing_pressure_file PASSED [ 23%]
tests/test_cycle_pre.py::TestContextPressure::test_default_threshold_on_missing_config PASSED [ 23%]
tests/test_cycle_pre.py::TestDoPull::test_ok PASSED                      [ 23%]
tests/test_cycle_pre.py::TestDoPull::test_error PASSED                   [ 23%]
tests/test_cycle_pre.py::TestDoPull::test_stash_conflict PASSED          [ 23%]
tests/test_cycle_pre.py::TestDoPull::test_already_up_to_date_returns_ok PASSED [ 23%]
tests/test_cycle_pre.py::TestDoPull::test_nonzero_with_pulled_in_stdout_returns_ok PASSED [ 23%]
tests/test_cycle_pre.py::TestDoPull::test_genuine_error PASSED           [ 23%]
tests/test_cycle_pre.py::TestRunTimeout9904::test_default_timeout_constant_is_bounded PASSED [ 23%]
tests/test_cycle_pre.py::TestRunTimeout9904::test_run_forwards_timeout_to_subprocess_run PASSED [ 23%]
tests/test_cycle_pre.py::TestRunTimeout9904::test_run_default_timeout_passed_when_unspecified PASSED [ 23%]
tests/test_cycle_pre.py::TestRunTimeout9904::test_run_returns_124_on_timeout PASSED [ 23%]
tests/test_cycle_pre.py::TestRunTimeout9904::test_run_script_forwards_timeout PASSED [ 23%]
tests/test_cycle_pre.py::TestRunTimeout9904::test_run_script_default_timeout_when_unspecified PASSED [ 23%]
tests/test_cycle_pre.py::TestRunTimeout9904::test_real_timeout_with_sleep_subprocess PASSED [ 23%]
tests/test_cycle_pre.py::TestReadConfigFlags::test_reads_all_flags PASSED [ 23%]
tests/test_cycle_pre.py::TestReadConfigFlags::test_accepts_true_and_1_as_truthy PASSED [ 23%]
tests/test_cycle_pre.py::TestBuildSkillInput::test_builds_with_empty_queue PASSED [ 23%]
tests/test_cycle_pre.py::TestBuildSkillInput::test_builds_with_queue_items PASSED [ 23%]
tests/test_cycle_pre.py::TestNoTemplateChanged::test_skill_input_has_no_template_changed PASSED [ 23%]
tests/test_cycle_pre.py::TestNoTemplateChanged::test_no_check_template_changed_function PASSED [ 23%]
tests/test_cycle_pre.py::TestBuildQaInputE2eGuard::test_none_placeholder_skips_e2e PASSED [ 23%]
tests/test_cycle_pre.py::TestBuildQaInputE2eGuard::test_empty_e2e_skips PASSED [ 23%]
tests/test_cycle_pre.py::TestEnrichWithComments::test_adds_latest_comment PASSED [ 23%]
tests/test_cycle_pre.py::TestEnrichWithComments::test_handles_no_comment PASSED [ 23%]
tests/test_cycle_pre.py::TestEnrichWithComments::test_handles_empty_list PASSED [ 23%]
tests/test_cycle_pre.py::TestBuildPmInputNewFields::test_approved_items_present PASSED [ 23%]
tests/test_cycle_pre.py::TestBuildPmInputNewFields::test_approved_items_empty PASSED [ 23%]
tests/test_cycle_pre.py::TestBuildPmInputNewFields::test_human_blocked_items PASSED [ 23%]
tests/test_cycle_pre.py::TestBuildPmInputNewFields::test_human_blocked_deduplicates PASSED [ 23%]
tests/test_cycle_pre.py::TestBuildPmInputNewFields::test_recently_commented_present PASSED [ 23%]
tests/test_cycle_pre.py::TestBuildPmInputNewFields::test_recently_commented_filters_old PASSED [ 23%]
tests/test_cycle_pre.py::TestBuildPmInputNewFields::test_all_new_fields_enriched_with_comments PASSED [ 23%]
tests/test_cycle_pre.py::TestBuildPmInputNewFields::test_agent_health_parsed_on_nonzero_exit PASSED [ 23%]
tests/test_cycle_pre.py::TestQAHealthParsing::test_qa_agent_health_parsed_on_nonzero_exit PASSED [ 24%]
tests/test_cycle_pre.py::TestBootResults::test_boot_results_present PASSED [ 24%]
tests/test_cycle_pre.py::TestBootResults::test_boot_results_empty_when_no_agents PASSED [ 24%]
tests/test_cycle_pre.py::TestBootResults::test_auto_boot_agents_field_absent PASSED [ 24%]
tests/test_cycle_pre.py::TestBootResults::test_tc26_nonzero_exit_empty_stdout PASSED [ 24%]
tests/test_cycle_pre.py::TestBootResults::test_tc26_nonzero_exit_malformed_stdout PASSED [ 24%]
tests/test_cycle_pre.py::TestE2eCmdShlexSplit::test_shlex_import_exists PASSED [ 24%]
tests/test_cycle_pre.py::TestE2eCmdShlexSplit::test_e2e_cmd_uses_shlex_split PASSED [ 24%]
tests/test_cycle_pre.py::TestE2eCmdShlexSplit::test_e2e_cmd_opts_out_of_default_timeout_9904 PASSED [ 24%]
tests/test_cycle_pre.py::TestGetVerifiableRoles::test_includes_config_dev_agents PASSED [ 24%]
tests/test_cycle_pre.py::TestGetVerifiableRoles::test_always_includes_mandatory_roles PASSED [ 24%]
tests/test_cycle_pre.py::TestGetVerifiableRoles::test_fallback_when_config_empty PASSED [ 24%]
tests/test_cycle_pre.py::TestGetVerifiableRoles::test_deduplicates PASSED [ 24%]
tests/test_cycle_pre.py::TestGetVerifiableRoles::test_returns_sorted PASSED [ 24%]
tests/test_cycle_pre.py::TestQAInputMultiRole::test_qa_queries_all_roles PASSED [ 24%]
tests/test_cycle_pre.py::TestQAInputMultiRole::test_qa_items_have_source_role PASSED [ 24%]
tests/test_cycle_pre.py::TestQAInputMultiRole::test_qa_branch_uses_correct_role_prefix PASSED [ 24%]
tests/test_cycle_pre.py::TestPMInputMultiRole::test_pm_queries_all_roles PASSED [ 24%]
tests/test_cycle_pre.py::TestPMInputMultiRole::test_pm_items_have_source_role PASSED [ 24%]
tests/test_cycle_pre.py::TestEnforceBranch::test_calls_task_begin_for_active_task PASSED [ 24%]
tests/test_cycle_pre.py::TestEnforceBranch::test_extracts_number_from_verbose_task_field[#9965-9965] PASSED [ 24%]
tests/test_cycle_pre.py::TestEnforceBranch::test_extracts_number_from_verbose_task_field[9965-9965] PASSED [ 24%]
tests/test_cycle_pre.py::TestEnforceBranch::test_extracts_number_from_verbose_task_field[#9965 \u2014 6274.2 AC2.8 catch-up (PM option-3 path) [PAUSED]-9965] PASSED [ 24%]
tests/test_cycle_pre.py::TestEnforceBranch::test_extracts_number_from_verbose_task_field[#10072 \u2014 verbose description with em-dash-10072] PASSED [ 24%]
tests/test_cycle_pre.py::TestEnforceBranch::test_extracts_number_from_verbose_task_field[9965 \u2014 bare-number verbose form-9965] PASSED [ 24%]
tests/test_cycle_pre.py::TestEnforceBranch::test_extracts_number_from_verbose_task_field[# 9965-9965] PASSED [ 24%]
tests/test_cycle_pre.py::TestEnforceBranch::test_extracts_number_from_verbose_task_field[  #9965-9965] PASSED [ 24%]
tests/test_cycle_pre.py::TestEnforceBranch::test_extracts_number_from_verbose_task_field[#\t9965-9965] PASSED [ 24%]
tests/test_cycle_pre.py::TestEnforceBranch::test_extracts_number_from_verbose_task_field[#9965 - ASCII dash separator-9965] PASSED [ 24%]
tests/test_cycle_pre.py::TestEnforceBranch::test_extracts_number_from_verbose_task_field[##4942-4942] PASSED [ 24%]
tests/test_cycle_pre.py::TestEnforceBranch::test_extracts_number_from_verbose_task_field[###9965 \u2014 triple-hash typo-9965] PASSED [ 24%]
tests/test_cycle_pre.py::TestEnforceBranch::test_skips_task_begin_for_non_numeric_task[no-number-here] PASSED [ 24%]
tests/test_cycle_pre.py::TestEnforceBranch::test_skips_task_begin_for_non_numeric_task[#] PASSED [ 24%]
tests/test_cycle_pre.py::TestEnforceBranch::test_skips_task_begin_for_non_numeric_task[#abc] PASSED [ 24%]
tests/test_cycle_pre.py::TestEnforceBranch::test_skips_task_begin_for_non_numeric_task[9965-fix] PASSED [ 24%]
tests/test_cycle_pre.py::TestEnforceBranch::test_skips_task_begin_for_non_numeric_task[9965abc] PASSED [ 24%]
tests/test_cycle_pre.py::TestEnforceBranch::test_switches_to_working_branch_when_no_task PASSED [ 24%]
tests/test_cycle_pre.py::TestEnforceBranch::test_stays_on_working_branch_when_already_there PASSED [ 24%]
tests/test_cycle_pre.py::TestBranchGuardrail::test_returns_correction_when_on_wrong_branch PASSED [ 24%]
tests/test_cycle_pre.py::TestBranchGuardrail::test_returns_none_when_on_correct_branch PASSED [ 24%]
tests/test_cycle_pre.py::TestBranchGuardrail::test_uses_configured_working_branch PASSED [ 24%]
tests/test_cycle_pre.py::TestConfigVersionValidation::test_fixes_regressed_version PASSED [ 24%]
tests/test_cycle_pre.py::TestConfigVersionValidation::test_no_fix_when_version_current PASSED [ 25%]
tests/test_cycle_pre.py::TestConfigVersionValidation::test_no_downgrade_when_config_newer PASSED [ 25%]
tests/test_cycle_pre.py::TestConfigVersionValidation::test_no_crash_on_missing_tags PASSED [ 25%]
tests/test_cycle_pre.py::TestConfigVersionValidation::test_no_crash_on_empty_config_version PASSED [ 25%]
tests/test_cycle_pre.py::TestConfigGetInt::test_valid_integer PASSED     [ 25%]
tests/test_cycle_pre.py::TestConfigGetInt::test_empty_returns_default PASSED [ 25%]
tests/test_cycle_pre.py::TestConfigGetInt::test_none_like_returns_default PASSED [ 25%]
tests/test_cycle_pre.py::TestConfigGetInt::test_non_numeric_returns_default PASSED [ 25%]
tests/test_cycle_pre.py::TestConfigGetInt::test_float_string_returns_default PASSED [ 25%]
tests/test_cycle_pre.py::TestConfigGetInt::test_whitespace_only_returns_default PASSED [ 25%]
tests/test_cycle_pre.py::TestConfigGetInt::test_zero_is_valid PASSED     [ 25%]
tests/test_cycle_pre.py::TestConfigGetInt::test_negative_is_valid PASSED [ 25%]
tests/test_cycle_pre.py::TestFilterEventsForRole::test_config_driven_filter PASSED [ 25%]
tests/test_cycle_pre.py::TestFilterEventsForRole::test_hardcoded_fallback_when_config_absent PASSED [ 25%]
tests/test_cycle_pre.py::TestFilterEventsForRole::test_no_filter_passthrough_for_unknown_role PASSED [ 25%]
tests/test_cycle_pre.py::TestFilterEventsForRole::test_config_returns_none_falls_to_hardcoded PASSED [ 25%]
tests/test_cycle_pre.py::TestFilterEventsForRole::test_empty_events_returns_empty PASSED [ 25%]
tests/test_cycle_pre.py::TestFilterEventsForRole::test_config_exception_falls_to_hardcoded PASSED [ 25%]
tests/test_cycle_pre.py::TestRunMechanicalReactions::test_empty_events_returns_empty PASSED [ 25%]
tests/test_cycle_pre.py::TestRunMechanicalReactions::test_self_emitted_events_skipped PASSED [ 25%]
tests/test_cycle_pre.py::TestRunMechanicalReactions::test_pr_merged_pm_produces_merge_detected PASSED [ 25%]
tests/test_cycle_pre.py::TestRunMechanicalReactions::test_pr_merged_non_pm_produces_reactive_pull PASSED [ 25%]
tests/test_cycle_pre.py::TestRunMechanicalReactions::test_pr_merged_failed_no_reaction PASSED [ 25%]
tests/test_cycle_pre.py::TestRunMechanicalReactions::test_verification_failed_dev_produces_rework PASSED [ 25%]
tests/test_cycle_pre.py::TestRunMechanicalReactions::test_verification_failed_non_dev_no_reaction PASSED [ 25%]
tests/test_cycle_pre.py::TestParseCliArgs::test_role_only PASSED         [ 25%]
tests/test_cycle_pre.py::TestParseCliArgs::test_empty_argv PASSED        [ 25%]
tests/test_cycle_pre.py::TestParseCliArgs::test_extra_args_ignored PASSED [ 25%]
tests/test_cycle_pre.py::TestDiscoverHarnessPort::test_default_port_when_no_file PASSED [ 25%]
tests/test_cycle_pre.py::TestDiscoverHarnessPort::test_reads_squid_dir_port_file PASSED [ 25%]
tests/test_cycle_pre.py::TestDiscoverHarnessPort::test_invalid_port_file_falls_back_to_default PASSED [ 25%]
tests/test_cycle_pre.py::TestDiscoverHarnessPort::test_parent_walk_finds_port_file PASSED [ 25%]
tests/test_cycle_pre.py::TestQueryHarnessStatus::test_returns_reachable_on_200 PASSED [ 25%]
tests/test_cycle_pre.py::TestQueryHarnessStatus::test_returns_unreachable_on_urlerror PASSED [ 25%]
tests/test_cycle_pre.py::TestQueryHarnessStatus::test_returns_unreachable_on_timeout PASSED [ 25%]
tests/test_cycle_pre.py::TestQueryHarnessStatus::test_returns_unreachable_on_httperror PASSED [ 25%]
tests/test_cycle_pre.py::TestQueryHarnessStatus::test_returns_unreachable_on_oserror PASSED [ 25%]
tests/test_cycle_pre.py::TestQueryHarnessStatus::test_non_2xx_response_is_unreachable PASSED [ 25%]
tests/test_cycle_pre.py::TestQueryHarnessStatus::test_uses_short_timeout PASSED [ 25%]
tests/test_d2_link_stage_references.py::test_subskill_instructions_body_is_filtered_from_v2_output PASSED [ 25%]
tests/test_d2_link_stage_references.py::test_subskill_filter_applies_only_to_instructions_slot PASSED [ 25%]
tests/test_d2_link_stage_references.py::test_collect_sources_for_validation_drops_sub_skill_instructions PASSED [ 25%]
tests/test_d2_link_stage_references.py::test_live_v2_inlined_markers_are_intentional_only[dm] PASSED [ 26%]
tests/test_d2_link_stage_references.py::test_live_v2_inlined_markers_are_intentional_only[pm] PASSED [ 26%]
tests/test_d2_link_stage_references.py::test_live_v2_inlined_markers_are_intentional_only[verifier] PASSED [ 26%]
tests/test_d2_link_stage_references.py::test_live_v2_inlined_markers_are_intentional_only[worker] PASSED [ 26%]
tests/test_d2_link_stage_references.py::test_live_v2_emits_sub_skill_references[dm] PASSED [ 26%]
tests/test_d2_link_stage_references.py::test_live_v2_emits_sub_skill_references[pm] PASSED [ 26%]
tests/test_d2_link_stage_references.py::test_live_v2_emits_sub_skill_references[verifier] PASSED [ 26%]
tests/test_d2_link_stage_references.py::test_live_v2_emits_sub_skill_references[worker] PASSED [ 26%]
tests/test_d2_link_stage_references.py::test_live_v2_boot_block_inlined_per_path_a PASSED [ 26%]
tests/test_deterministic_qa_framework.py::TestTestPlanTemplate::test_deterministic_category_defined PASSED [ 26%]
tests/test_deterministic_qa_framework.py::TestTestPlanTemplate::test_human_required_category_defined PASSED [ 26%]
tests/test_deterministic_qa_framework.py::TestTestPlanTemplate::test_human_required_resource_defined PASSED [ 26%]
tests/test_deterministic_qa_framework.py::TestTestPlanTemplate::test_assertion_field_in_tc_format PASSED [ 26%]
tests/test_deterministic_qa_framework.py::TestTestPlanTemplate::test_no_unlabeled_tcs_rule PASSED [ 26%]
tests/test_deterministic_qa_framework.py::TestTestPlanTemplate::test_deterministic_categories_listed PASSED [ 26%]
tests/test_deterministic_qa_framework.py::TestTestPlanTemplate::test_human_verification_scoped_to_llm_reasoning PASSED [ 26%]
tests/test_deterministic_qa_framework.py::TestVerificationSubSkill::test_deferred_not_valid PASSED [ 26%]
tests/test_deterministic_qa_framework.py::TestVerificationSubSkill::test_only_pass_fail_human_required PASSED [ 26%]
tests/test_deterministic_qa_framework.py::TestVerificationSubSkill::test_human_required_gate_prevents_shipping PASSED [ 26%]
tests/test_deterministic_qa_framework.py::TestVerificationSubSkill::test_human_required_label_instruction PASSED [ 26%]
tests/test_deterministic_qa_framework.py::TestDeployedQAClaude::test_deferred_rejection_deployed PASSED [ 26%]
tests/test_deterministic_qa_framework.py::TestDeployedQAClaude::test_human_required_gate_deployed PASSED [ 26%]
tests/test_deterministic_qa_framework.py::TestDeployedQAClaude::test_human_required_deployed PASSED [ 26%]
tests/test_diagnostics.py::TestLogEntry::test_creates_log_file PASSED    [ 26%]
tests/test_diagnostics.py::TestLogEntry::test_appends_to_existing PASSED [ 26%]
tests/test_diagnostics.py::TestLogEntry::test_json_context PASSED        [ 26%]
tests/test_diagnostics.py::TestLogEntry::test_non_json_context PASSED    [ 26%]
tests/test_diagnostics.py::TestReadEntries::test_reads_last_n PASSED     [ 26%]
tests/test_diagnostics.py::TestReadEntries::test_missing_file_returns_empty PASSED [ 26%]
tests/test_diagnostics.py::TestReadEntries::test_malformed_lines_skipped PASSED [ 26%]
tests/test_diagnostics.py::TestRotate::test_rotates_when_over_500 PASSED [ 26%]
tests/test_diagnostics.py::TestRotate::test_no_rotation_under_500 PASSED [ 26%]
tests/test_diagnostics.py::TestRotate::test_missing_file_no_error PASSED [ 26%]
tests/test_diagnostics.py::TestRotate::test_log_entry_rotates_before_write PASSED [ 26%]
tests/test_diagnostics.py::TestConcurrentLogEntry10523::test_no_writes_lost_under_thread_concurrency PASSED [ 26%]
tests/test_diagnostics.py::TestConcurrentLogEntry10523::test_rotate_under_concurrency_keeps_consistent_tail PASSED [ 26%]
tests/test_diagnostics.py::TestSanitizeConfig::test_redacts_repo_field PASSED [ 26%]
tests/test_diagnostics.py::TestSanitizeConfig::test_preserves_non_sensitive PASSED [ 26%]
tests/test_diagnostics.py::TestSanitizeConfig::test_redacts_plain_text_without_markdown_bold PASSED [ 26%]
tests/test_diagnostics.py::TestSanitizeConfig::test_redacts_token_without_bold PASSED [ 26%]
tests/test_diagnostics.py::TestSanitizeConfig::test_redacts_url_field PASSED [ 26%]
tests/test_diagnostics.py::TestSanitizeConfig::test_redacts_webhook_field PASSED [ 26%]
tests/test_diagnostics.py::TestSanitizeConfig::test_redacts_password_field PASSED [ 27%]
tests/test_diagnostics.py::TestIsPublicRepo::test_public_repo PASSED     [ 27%]
tests/test_diagnostics.py::TestIsPublicRepo::test_private_repo PASSED    [ 27%]
tests/test_diagnostics.py::TestIsPublicRepo::test_missing_field_defaults_private PASSED [ 27%]
tests/test_diagnostics.py::TestIsPublicRepo::test_gh_command_fails PASSED [ 27%]
tests/test_diagnostics.py::TestIsPublicRepo::test_invalid_json_response PASSED [ 27%]
tests/test_diagnostics.py::TestGenerateReport::test_report_contains_version PASSED [ 27%]
tests/test_diagnostics.py::TestGenerateReport::test_report_with_diagnostics_entries PASSED [ 27%]
tests/test_diagnostics.py::TestGenerateReport::test_report_no_log_file PASSED [ 27%]
tests/test_diagnostics.py::TestGenerateReport::test_report_version_unknown_on_error PASSED [ 27%]
tests/test_diagnostics.py::TestGenerateReport::test_report_skips_malformed_log_lines PASSED [ 27%]
tests/test_diagnostics.py::TestRedactEntry::test_redacts_sensitive_context_key PASSED [ 27%]
tests/test_diagnostics.py::TestRedactEntry::test_redacts_nested_dict PASSED [ 27%]
tests/test_diagnostics.py::TestRedactEntry::test_recurses_through_lists PASSED [ 27%]
tests/test_diagnostics.py::TestRedactEntry::test_non_matching_top_level_keys_pass_through PASSED [ 27%]
tests/test_diagnostics.py::TestRedactEntry::test_does_not_mutate_input PASSED [ 27%]
tests/test_diagnostics.py::TestRedactEntry::test_redacts_non_json_raw_fallback PASSED [ 27%]
tests/test_diagnostics.py::TestRedactEntry::test_generate_report_redacts_non_json_context_end_to_end PASSED [ 27%]
tests/test_diagnostics.py::TestRedactEntry::test_generate_report_redacts_diagnostic_context PASSED [ 27%]
tests/test_diagnostics.py::TestLastFlagValidation::test_non_integer_last_exits_with_error PASSED [ 27%]
tests/test_dm_verify_before_block.py::TestDmVerifyBeforeBlock::test_prohibitions_has_verify_requirement PASSED [ 27%]
tests/test_dm_verify_before_block.py::TestDmVerifyBeforeBlock::test_soul_has_verify_boundary PASSED [ 27%]
tests/test_dm_verify_before_block.py::TestDmVerifyBeforeBlock::test_deployed_claude_md_has_verify_instruction PASSED [ 27%]
tests/test_event_bus.py::TestEmit::test_emits_event_to_harness PASSED    [ 27%]
tests/test_event_bus.py::TestEmit::test_silent_noop_when_port_file_missing PASSED [ 27%]
tests/test_event_bus.py::TestEmit::test_silent_noop_when_harness_down PASSED [ 27%]
tests/test_event_bus.py::TestEmit::test_timeout_respected PASSED         [ 27%]
tests/test_event_bus.py::TestEmit::test_payload_defaults_to_empty_dict PASSED [ 27%]
tests/test_event_bus.py::TestEmit::test_cycle_number_optional PASSED     [ 27%]
tests/test_event_bus.py::TestDiscoverPort::test_reads_direct_port_file PASSED [ 27%]
tests/test_event_bus.py::TestDiscoverPort::test_returns_none_when_no_port_file PASSED [ 27%]
tests/test_event_bus.py::TestDiscoverPort::test_handles_invalid_port_file PASSED [ 27%]
tests/test_event_bus.py::TestDiscoverPort::test_runtime_squidsquad_dir_env_change_honored_10516 PASSED [ 27%]
tests/test_event_bus.py::TestGenerateId::test_produces_16_char_hex PASSED [ 27%]
tests/test_event_bus.py::TestGenerateId::test_same_inputs_produce_distinct_ids PASSED [ 27%]
tests/test_event_bus.py::TestGenerateId::test_different_inputs_different_ids PASSED [ 27%]
tests/test_event_bus.py::TestEmitEventIdWidth9415::test_harness_emit_event_produces_16_char_hex PASSED [ 27%]
tests/test_event_bus.py::TestAckCursor::test_emits_ack_cursor_with_payload PASSED [ 27%]
tests/test_event_bus.py::TestAckCursor::test_noop_on_empty_event_id PASSED [ 27%]
tests/test_event_bus.py::TestAckCursor::test_noop_on_empty_role PASSED   [ 27%]
tests/test_event_bus.py::TestAckCursor::test_silent_on_transport_failure PASSED [ 27%]
tests/test_event_bus.py::TestAckStop::test_emits_ack_stop_with_payload PASSED [ 28%]
tests/test_event_bus.py::TestAckStop::test_noop_on_empty_event_id PASSED [ 28%]
tests/test_event_bus.py::TestAckStop::test_noop_on_empty_result PASSED   [ 28%]
tests/test_event_bus.py::TestAckStop::test_noop_when_role_env_unset PASSED [ 28%]
tests/test_event_bus.py::TestAckStop::test_explicit_role_param_overrides_env_9902 PASSED [ 28%]
tests/test_event_bus.py::TestAckStop::test_emits_when_env_unset_but_role_passed_9902 PASSED [ 28%]
tests/test_event_bus.py::TestNoUnusedImports::test_event_bus_no_unused_sys PASSED [ 28%]
tests/test_event_bus.py::TestNoUnusedImports::test_event_bus_reader_no_unused_sys PASSED [ 28%]
tests/test_event_bus_reader.py::TestDiscoverPort::test_reads_from_harness_port_file PASSED [ 28%]
tests/test_event_bus_reader.py::TestDiscoverPort::test_returns_none_when_no_file PASSED [ 28%]
tests/test_event_bus_reader.py::TestDiscoverPort::test_handles_invalid_port_file PASSED [ 28%]
tests/test_event_bus_reader.py::TestQuery::test_returns_empty_when_no_port PASSED [ 28%]
tests/test_event_bus_reader.py::TestQuery::test_returns_events_on_success PASSED [ 28%]
tests/test_event_bus_reader.py::TestQuery::test_returns_empty_on_timeout PASSED [ 28%]
tests/test_event_bus_reader.py::TestQuery::test_returns_empty_on_connection_refused PASSED [ 28%]
tests/test_event_bus_reader.py::TestQuery::test_passes_since_param PASSED [ 28%]
tests/test_event_bus_reader.py::TestQuery::test_skips_since_when_none PASSED [ 28%]
tests/test_event_bus_reader.py::TestQuery::test_skips_since_when_value_is_none_string PASSED [ 28%]
tests/test_event_bus_reader.py::TestQueryEvictionHandling::test_evicted_response_returns_empty_list PASSED [ 28%]
tests/test_event_bus_reader.py::TestQueryEvictionHandling::test_evicted_response_emits_stderr_breadcrumb PASSED [ 28%]
tests/test_event_bus_reader.py::TestQueryEvictionHandling::test_non_evicted_response_returns_events PASSED [ 28%]
tests/test_event_bus_reader.py::TestQueryEvictionHandling::test_evicted_false_explicit_returns_events PASSED [ 28%]
tests/test_event_bus_reader.py::TestEventStreamGetSince::test_returns_events_after_id PASSED [ 28%]
tests/test_event_bus_reader.py::TestEventStreamGetSince::test_returns_all_when_since_is_none PASSED [ 28%]
tests/test_event_bus_reader.py::TestEventStreamGetSince::test_returns_all_when_id_not_found PASSED [ 28%]
tests/test_event_bus_reader.py::TestEventStreamGetSince::test_respects_limit PASSED [ 28%]
tests/test_event_bus_reader.py::TestEventStreamGetSince::test_empty_after_last_event PASSED [ 28%]
tests/test_event_catalog.py::TestTierClassification::test_emitted_events_are_emitted_tier PASSED [ 28%]
tests/test_event_catalog.py::TestTierClassification::test_recognized_events_are_recognized_tier PASSED [ 28%]
tests/test_event_catalog.py::TestTierClassification::test_unknown_event_is_unknown_tier PASSED [ 28%]
tests/test_event_catalog.py::TestTierClassification::test_is_valid_for_emitted PASSED [ 28%]
tests/test_event_catalog.py::TestTierClassification::test_is_valid_for_recognized PASSED [ 28%]
tests/test_event_catalog.py::TestTierClassification::test_is_valid_for_unknown PASSED [ 28%]
tests/test_event_catalog.py::TestCatalogCompleteness::test_emitted_tier_contains_core_events PASSED [ 28%]
tests/test_event_catalog.py::TestCatalogCompleteness::test_recognized_tier_contains_core_events PASSED [ 28%]
tests/test_event_catalog.py::TestCatalogCompleteness::test_emitted_tier_is_non_empty PASSED [ 28%]
tests/test_event_catalog.py::TestCatalogCompleteness::test_recognized_tier_is_non_empty PASSED [ 28%]
tests/test_event_catalog.py::TestCatalogCompleteness::test_all_event_types_is_union PASSED [ 28%]
tests/test_event_catalog.py::TestCatalogCompleteness::test_no_overlap_between_tiers PASSED [ 28%]
tests/test_event_catalog.py::TestDescriptions::test_emitted_event_has_description PASSED [ 28%]
tests/test_event_catalog.py::TestDescriptions::test_recognized_event_has_description PASSED [ 28%]
tests/test_event_catalog.py::TestDescriptions::test_unknown_event_returns_none PASSED [ 28%]
tests/test_event_catalog.py::TestDescriptions::test_all_emitted_have_descriptions PASSED [ 29%]
tests/test_event_catalog.py::TestDescriptions::test_all_recognized_have_descriptions PASSED [ 29%]
tests/test_event_catalog.py::TestListByTier::test_list_emitted_only PASSED [ 29%]
tests/test_event_catalog.py::TestListByTier::test_list_recognized_only PASSED [ 29%]
tests/test_event_catalog.py::TestListByTier::test_list_all PASSED        [ 29%]
tests/test_event_catalog.py::TestAckEventTypes9873A::test_ac5_ack_cursor_in_emitted PASSED [ 29%]
tests/test_event_catalog.py::TestAckEventTypes9873A::test_ac6_ack_stop_in_emitted PASSED [ 29%]
tests/test_event_catalog.py::TestAckEventTypes9873A::test_ac6_old_ack_entry_removed PASSED [ 29%]
tests/test_event_catalog.py::TestAckEventTypes9873A::test_both_classified_as_emitted PASSED [ 29%]
tests/test_event_config.py::TestGetEventReactions::test_parses_valid_section PASSED [ 29%]
tests/test_event_config.py::TestGetEventReactions::test_missing_section_returns_empty PASSED [ 29%]
tests/test_event_config.py::TestGetEventReactions::test_empty_section_returns_empty PASSED [ 29%]
tests/test_event_config.py::TestGetEventReactions::test_malformed_lines_skipped PASSED [ 29%]
tests/test_event_config.py::TestGetEventReactions::test_empty_emits_list PASSED [ 29%]
tests/test_event_config.py::TestGetEventFiltersForRole::test_returns_set_for_configured_role PASSED [ 29%]
tests/test_event_config.py::TestGetEventFiltersForRole::test_returns_none_for_missing_section PASSED [ 29%]
tests/test_event_config.py::TestGetEventFiltersForRole::test_returns_none_for_missing_role PASSED [ 29%]
tests/test_event_config.py::TestGetEventFiltersForRole::test_returns_none_for_empty_reacts_to PASSED [ 29%]
tests/test_event_config.py::TestGracefulDegradation::test_absent_section_returns_empty PASSED [ 29%]
tests/test_event_config.py::TestGracefulDegradation::test_none_text_reads_from_disk PASSED [ 29%]
tests/test_event_config.py::TestGracefulDegradation::test_garbage_section_returns_partial PASSED [ 29%]
tests/test_event_derivation.py::TestDeriveEventContract::test_valid_json_response PASSED [ 29%]
tests/test_event_derivation.py::TestDeriveEventContract::test_filters_hallucinated_events PASSED [ 29%]
tests/test_event_derivation.py::TestDeriveEventContract::test_malformed_json_returns_none PASSED [ 29%]
tests/test_event_derivation.py::TestDeriveEventContract::test_empty_response_returns_none PASSED [ 29%]
tests/test_event_derivation.py::TestDeriveEventContract::test_nonzero_exit_returns_none PASSED [ 29%]
tests/test_event_derivation.py::TestDeriveEventContract::test_strips_markdown_fences PASSED [ 29%]
tests/test_event_derivation.py::TestDeriveEventContract::test_non_dict_response_returns_none PASSED [ 29%]
tests/test_event_derivation.py::TestDeriveEventContract::test_non_list_fields_returns_none PASSED [ 29%]
tests/test_event_derivation.py::TestDeriveEventContract::test_timeout_returns_none PASSED [ 29%]
tests/test_event_derivation.py::TestDeriveEventContract::test_claude_not_found_returns_none PASSED [ 29%]
tests/test_event_derivation.py::TestDeriveEventContract::test_recognized_events_accepted PASSED [ 29%]
tests/test_event_derivation.py::TestDeriveEventContract::test_idempotency_sorted_output PASSED [ 29%]
tests/test_event_mode_fragments.py::TestFragmentsExist::test_fragment_file_exists[common-events/event-mode-contract.md] PASSED [ 29%]
tests/test_event_mode_fragments.py::TestFragmentsExist::test_fragment_file_exists[common-events/cursor-management.md] PASSED [ 29%]
tests/test_event_mode_fragments.py::TestFragmentsExist::test_fragment_file_exists[common-events/forge-read-pattern.md] PASSED [ 29%]
tests/test_event_mode_fragments.py::TestFragmentsExist::test_fragment_file_exists[common-events/idle-cooldown-loop.md] PASSED [ 29%]
tests/test_event_mode_fragments.py::TestFragmentsExist::test_fragment_file_exists[common-events/comment-handling.md] PASSED [ 29%]
tests/test_event_mode_fragments.py::TestFragmentsExist::test_fragment_file_exists[common-events/event-driven-workflow.md] PASSED [ 29%]
tests/test_event_mode_fragments.py::TestFragmentsExist::test_fragment_file_exists[roles/dm/events/pr-merge-wait.md] PASSED [ 29%]
tests/test_event_mode_fragments.py::TestAc5NoModeConditional::test_common_events_fragment_has_no_forbidden_token[event-driven:-common-events/event-mode-contract.md] PASSED [ 29%]
tests/test_event_mode_fragments.py::TestAc5NoModeConditional::test_common_events_fragment_has_no_forbidden_token[event-driven:-common-events/cursor-management.md] PASSED [ 29%]
tests/test_event_mode_fragments.py::TestAc5NoModeConditional::test_common_events_fragment_has_no_forbidden_token[event-driven:-common-events/forge-read-pattern.md] PASSED [ 30%]
tests/test_event_mode_fragments.py::TestAc5NoModeConditional::test_common_events_fragment_has_no_forbidden_token[event-driven:-common-events/idle-cooldown-loop.md] PASSED [ 30%]
tests/test_event_mode_fragments.py::TestAc5NoModeConditional::test_common_events_fragment_has_no_forbidden_token[event-driven:-common-events/comment-handling.md] PASSED [ 30%]
tests/test_event_mode_fragments.py::TestAc5NoModeConditional::test_common_events_fragment_has_no_forbidden_token[event-driven:-common-events/event-driven-workflow.md] PASSED [ 30%]
tests/test_event_mode_fragments.py::TestAc5NoModeConditional::test_common_events_fragment_has_no_forbidden_token[if /loop-common-events/event-mode-contract.md] PASSED [ 30%]
tests/test_event_mode_fragments.py::TestAc5NoModeConditional::test_common_events_fragment_has_no_forbidden_token[if /loop-common-events/cursor-management.md] PASSED [ 30%]
tests/test_event_mode_fragments.py::TestAc5NoModeConditional::test_common_events_fragment_has_no_forbidden_token[if /loop-common-events/forge-read-pattern.md] PASSED [ 30%]
tests/test_event_mode_fragments.py::TestAc5NoModeConditional::test_common_events_fragment_has_no_forbidden_token[if /loop-common-events/idle-cooldown-loop.md] PASSED [ 30%]
tests/test_event_mode_fragments.py::TestAc5NoModeConditional::test_common_events_fragment_has_no_forbidden_token[if /loop-common-events/comment-handling.md] PASSED [ 30%]
tests/test_event_mode_fragments.py::TestAc5NoModeConditional::test_common_events_fragment_has_no_forbidden_token[if /loop-common-events/event-driven-workflow.md] PASSED [ 30%]
tests/test_event_mode_fragments.py::TestAc5NoModeConditional::test_common_events_fragment_has_no_forbidden_token[cycle_pre-common-events/event-mode-contract.md] PASSED [ 30%]
tests/test_event_mode_fragments.py::TestAc5NoModeConditional::test_common_events_fragment_has_no_forbidden_token[cycle_pre-common-events/cursor-management.md] PASSED [ 30%]
tests/test_event_mode_fragments.py::TestAc5NoModeConditional::test_common_events_fragment_has_no_forbidden_token[cycle_pre-common-events/forge-read-pattern.md] PASSED [ 30%]
tests/test_event_mode_fragments.py::TestAc5NoModeConditional::test_common_events_fragment_has_no_forbidden_token[cycle_pre-common-events/idle-cooldown-loop.md] PASSED [ 30%]
tests/test_event_mode_fragments.py::TestAc5NoModeConditional::test_common_events_fragment_has_no_forbidden_token[cycle_pre-common-events/comment-handling.md] PASSED [ 30%]
tests/test_event_mode_fragments.py::TestAc5NoModeConditional::test_common_events_fragment_has_no_forbidden_token[cycle_pre-common-events/event-driven-workflow.md] PASSED [ 30%]
tests/test_event_mode_fragments.py::TestAc5NoModeConditional::test_common_events_fragment_has_no_forbidden_token[cycle_post-common-events/event-mode-contract.md] PASSED [ 30%]
tests/test_event_mode_fragments.py::TestAc5NoModeConditional::test_common_events_fragment_has_no_forbidden_token[cycle_post-common-events/cursor-management.md] PASSED [ 30%]
tests/test_event_mode_fragments.py::TestAc5NoModeConditional::test_common_events_fragment_has_no_forbidden_token[cycle_post-common-events/forge-read-pattern.md] PASSED [ 30%]
tests/test_event_mode_fragments.py::TestAc5NoModeConditional::test_common_events_fragment_has_no_forbidden_token[cycle_post-common-events/idle-cooldown-loop.md] PASSED [ 30%]
tests/test_event_mode_fragments.py::TestAc5NoModeConditional::test_common_events_fragment_has_no_forbidden_token[cycle_post-common-events/comment-handling.md] PASSED [ 30%]
tests/test_event_mode_fragments.py::TestAc5NoModeConditional::test_common_events_fragment_has_no_forbidden_token[cycle_post-common-events/event-driven-workflow.md] PASSED [ 30%]
tests/test_event_mode_fragments.py::TestAc5NoModeConditional::test_common_events_fragment_has_no_forbidden_token[30-minute-common-events/event-mode-contract.md] PASSED [ 30%]
tests/test_event_mode_fragments.py::TestAc5NoModeConditional::test_common_events_fragment_has_no_forbidden_token[30-minute-common-events/cursor-management.md] PASSED [ 30%]
tests/test_event_mode_fragments.py::TestAc5NoModeConditional::test_common_events_fragment_has_no_forbidden_token[30-minute-common-events/forge-read-pattern.md] PASSED [ 30%]
tests/test_event_mode_fragments.py::TestAc5NoModeConditional::test_common_events_fragment_has_no_forbidden_token[30-minute-common-events/idle-cooldown-loop.md] PASSED [ 30%]
tests/test_event_mode_fragments.py::TestAc5NoModeConditional::test_common_events_fragment_has_no_forbidden_token[30-minute-common-events/comment-handling.md] PASSED [ 30%]
tests/test_event_mode_fragments.py::TestAc5NoModeConditional::test_common_events_fragment_has_no_forbidden_token[30-minute-common-events/event-driven-workflow.md] PASSED [ 30%]
tests/test_event_mode_fragments.py::TestAc5NoModeConditional::test_common_events_fragment_has_no_forbidden_token[/loop-common-events/event-mode-contract.md] PASSED [ 30%]
tests/test_event_mode_fragments.py::TestAc5NoModeConditional::test_common_events_fragment_has_no_forbidden_token[/loop-common-events/cursor-management.md] PASSED [ 30%]
tests/test_event_mode_fragments.py::TestAc5NoModeConditional::test_common_events_fragment_has_no_forbidden_token[/loop-common-events/forge-read-pattern.md] PASSED [ 30%]
tests/test_event_mode_fragments.py::TestAc5NoModeConditional::test_common_events_fragment_has_no_forbidden_token[/loop-common-events/idle-cooldown-loop.md] PASSED [ 30%]
tests/test_event_mode_fragments.py::TestAc5NoModeConditional::test_common_events_fragment_has_no_forbidden_token[/loop-common-events/comment-handling.md] PASSED [ 30%]
tests/test_event_mode_fragments.py::TestAc5NoModeConditional::test_common_events_fragment_has_no_forbidden_token[/loop-common-events/event-driven-workflow.md] PASSED [ 30%]
tests/test_event_mode_fragments.py::TestAc6NoStandaloneBootFragment::test_no_l1_boot_fragment_anywhere PASSED [ 30%]
tests/test_event_mode_fragments.py::TestAc6NoStandaloneBootFragment::test_event_mode_contract_contains_boot_sequence_header PASSED [ 30%]
tests/test_event_mode_fragments.py::TestAc7TopicCoverage::test_topic_has_header[boot sequence-common-events/event-mode-contract.md] PASSED [ 30%]
tests/test_event_mode_fragments.py::TestAc7TopicCoverage::test_topic_has_header[how you listen|event poll-common-events/event-mode-contract.md] PASSED [ 30%]
tests/test_event_mode_fragments.py::TestAc7TopicCoverage::test_topic_has_header[case b\\b-common-events/event-mode-contract.md] PASSED [ 30%]
tests/test_event_mode_fragments.py::TestAc7TopicCoverage::test_topic_has_header[case c\\b-common-events/event-mode-contract.md] PASSED [ 30%]
tests/test_event_mode_fragments.py::TestAc7TopicCoverage::test_topic_has_header[case d\\b-common-events/event-mode-contract.md] PASSED [ 30%]
tests/test_event_mode_fragments.py::TestAc7TopicCoverage::test_topic_has_header[case e\\b-common-events/event-mode-contract.md] PASSED [ 30%]
tests/test_event_mode_fragments.py::TestAc7TopicCoverage::test_topic_has_header[POST.*ack-cursor|how to advance-common-events/cursor-management.md] PASSED [ 31%]
tests/test_event_mode_fragments.py::TestAc7TopicCoverage::test_topic_has_header[where the cursor lives-common-events/cursor-management.md] PASSED [ 31%]
tests/test_event_mode_fragments.py::TestAc7TopicCoverage::test_topic_has_header[gap scenarios-common-events/cursor-management.md] PASSED [ 31%]
tests/test_event_mode_fragments.py::TestAc7TopicCoverage::test_topic_has_header[forge-read pattern|forge-read-common-events/forge-read-pattern.md] PASSED [ 31%]
tests/test_event_mode_fragments.py::TestAc7TopicCoverage::test_topic_has_header[idle.*improvement.scan.*cool.?down|cool.?down loop-common-events/idle-cooldown-loop.md] PASSED [ 31%]
tests/test_event_mode_fragments.py::TestAc7TopicCoverage::test_topic_has_header[working-state schema-common-events/idle-cooldown-loop.md] PASSED [ 31%]
tests/test_event_mode_fragments.py::TestAc7TopicCoverage::test_topic_has_header[comment handling|the rule-common-events/comment-handling.md] PASSED [ 31%]
tests/test_event_mode_fragments.py::TestAc7TopicCoverage::test_topic_has_header[dm exception|end.?of.?task re.?read-common-events/comment-handling.md] PASSED [ 31%]
tests/test_event_mode_fragments.py::TestAc7TopicCoverage::test_topic_has_header[transition.?on.?handoff-common-events/comment-handling.md] PASSED [ 31%]
tests/test_event_mode_fragments.py::TestAc7TopicCoverage::test_topic_has_header[task is the wait|no sub-loop|end.?of.?task re.?read-roles/dm/events/pr-merge-wait.md] PASSED [ 31%]
tests/test_event_mode_fragments.py::TestAc6M62ManifestWiring::test_boot_bootstrap_authored_in_shared_base PASSED [ 31%]
tests/test_event_mode_fragments.py::TestAc6M62ManifestWiring::test_bootstrap_references_common_events_fragment[event-mode-contract] PASSED [ 31%]
tests/test_event_mode_fragments.py::TestAc6M62ManifestWiring::test_bootstrap_references_common_events_fragment[cursor-management] PASSED [ 31%]
tests/test_event_mode_fragments.py::TestAc6M62ManifestWiring::test_bootstrap_references_common_events_fragment[forge-read-pattern] PASSED [ 31%]
tests/test_event_mode_fragments.py::TestAc6M62ManifestWiring::test_bootstrap_references_common_events_fragment[idle-cooldown-loop] PASSED [ 31%]
tests/test_event_mode_fragments.py::TestAc6M62ManifestWiring::test_bootstrap_references_common_events_fragment[comment-handling] PASSED [ 31%]
tests/test_event_mode_fragments.py::TestAc6M62ManifestWiring::test_bootstrap_references_pr_merge_wait PASSED [ 31%]
tests/test_event_mode_fragments.py::TestWikilinkResolution::test_all_wikilinks_resolve PASSED [ 31%]
tests/test_event_poll.py::TestNudgeEmission::test_event_poll_emits_nudge_not_json PASSED [ 31%]
tests/test_event_poll.py::TestNudgeEmission::test_event_poll_one_nudge_per_batch_regardless_of_count PASSED [ 31%]
tests/test_event_poll.py::TestNudgeEmission::test_event_poll_empty_response_yields_no_nudge PASSED [ 31%]
tests/test_event_poll.py::TestNudgeEmission::test_nudge_is_flushed PASSED [ 31%]
tests/test_event_poll.py::TestEventPollDoesNotTouchCursor::test_no_cursor_write_helpers_remain PASSED [ 31%]
tests/test_event_poll.py::TestEventPollDoesNotTouchCursor::test_poll_does_not_write_working_state PASSED [ 31%]
tests/test_event_poll.py::TestEventPollDoesNotTouchCursor::test_poll_makes_no_post_requests PASSED [ 31%]
tests/test_event_poll.py::TestHighWaterMark::test_next_since_is_newest_event_id PASSED [ 31%]
tests/test_event_poll.py::TestHighWaterMark::test_next_since_unchanged_when_no_events PASSED [ 31%]
tests/test_event_poll.py::TestHighWaterMark::test_newest_id_skips_idless_trailing_events PASSED [ 31%]
tests/test_event_poll.py::TestHighWaterMark::test_newest_id_empty_when_no_anchorable_id PASSED [ 31%]
tests/test_event_poll.py::TestHighWaterMark::test_newest_id_rejects_empty_and_none_ids PASSED [ 31%]
tests/test_event_poll.py::TestHighWaterMark::test_wait_loop_advances_since_across_iterations PASSED [ 31%]
tests/test_event_poll.py::TestEviction::test_eviction_empty_batch_still_nudges PASSED [ 31%]
tests/test_event_poll.py::TestEviction::test_eviction_with_survivors_anchors_on_newest PASSED [ 31%]
tests/test_event_poll.py::TestEviction::test_eviction_empty_no_anchor_is_fatal PASSED [ 31%]
tests/test_event_poll.py::TestRetryAndBackoff::test_event_poll_backoff_doubles_until_cap PASSED [ 31%]
tests/test_event_poll.py::TestRetryAndBackoff::test_event_poll_backoff_resets_on_success PASSED [ 31%]
tests/test_event_poll.py::TestRetryAndBackoff::test_event_poll_retries_on_5xx PASSED [ 31%]
tests/test_event_poll.py::TestRetryAndBackoff::test_event_poll_retries_on_timeout PASSED [ 31%]
tests/test_event_poll.py::TestRetryAndBackoff::test_event_poll_does_not_retry_on_4xx PASSED [ 31%]
tests/test_event_poll.py::TestRetryAndBackoff::test_wait_ceiling_returns_none_after_max_failures PASSED [ 31%]
tests/test_event_poll.py::TestTimeoutHandling::test_event_poll_wait_flag_translates_to_http_timeout PASSED [ 31%]
tests/test_event_poll.py::TestTimeoutHandling::test_event_poll_default_http_timeout_is_two_seconds PASSED [ 31%]
tests/test_event_poll.py::TestSinceSeeding::test_since_arg_seeds_first_poll PASSED [ 32%]
tests/test_event_poll.py::TestSinceSeeding::test_no_since_param_when_unset PASSED [ 32%]
tests/test_event_poll.py::TestUrlBuilding::test_build_url_default_mode_includes_role_filter PASSED [ 32%]
tests/test_event_poll.py::TestUrlBuilding::test_build_url_target_mode_uses_for_endpoint PASSED [ 32%]
tests/test_event_poll.py::TestUrlBuilding::test_build_url_omits_since_when_empty PASSED [ 32%]
tests/test_event_poll.py::TestHarnessUnreachable::test_poll_returns_none_when_discover_port_returns_none PASSED [ 32%]
tests/test_event_poll.py::TestDiscoverPort::test_reads_repo_port_file_when_present PASSED [ 32%]
tests/test_event_poll.py::TestDiscoverPort::test_defaults_to_7373_when_file_absent PASSED [ 32%]
tests/test_event_poll.py::TestDiscoverPort::test_walks_parent_dirs_for_inherited_file PASSED [ 32%]
tests/test_event_poll.py::TestDiscoverPort::test_garbage_content_defaults_to_7373 PASSED [ 32%]
tests/test_event_poll.py::TestDiscoverPort::test_always_returns_int_never_none PASSED [ 32%]
tests/test_event_poll.py::TestMalformedHarnessPayload::test_non_dict_event_skipped_but_batch_still_nudges PASSED [ 32%]
tests/test_event_poll.py::TestMalformedHarnessPayload::test_events_field_not_a_list_is_fatal PASSED [ 32%]
tests/test_event_poll.py::TestMalformedHarnessPayload::test_payload_not_dict_is_fatal PASSED [ 32%]
tests/test_event_poll.py::TestMidBodyConnectionDrop::test_incomplete_read_is_retryable PASSED [ 32%]
tests/test_event_poll.py::TestWaitValidation::test_main_rejects_zero_wait PASSED [ 32%]
tests/test_event_poll.py::TestWaitValidation::test_main_rejects_negative_wait PASSED [ 32%]
tests/test_event_poll.py::TestSingleShotExitCodes::test_single_shot_exit_zero_when_events PASSED [ 32%]
tests/test_event_poll.py::TestSingleShotExitCodes::test_single_shot_exit_one_when_empty PASSED [ 32%]
tests/test_event_poll.py::TestSingleShotExitCodes::test_single_shot_exit_two_on_fatal PASSED [ 32%]
tests/test_event_validator.py::TestHallucinatedEvents::test_valid_events_pass PASSED [ 32%]
tests/test_event_validator.py::TestHallucinatedEvents::test_unknown_emit_is_error PASSED [ 32%]
tests/test_event_validator.py::TestHallucinatedEvents::test_unknown_react_is_error PASSED [ 32%]
tests/test_event_validator.py::TestHallucinatedEvents::test_recognized_events_pass PASSED [ 32%]
tests/test_event_validator.py::TestHallucinatedEvents::test_no_raw_event_names_in_output PASSED [ 32%]
tests/test_event_validator.py::TestMissingConsumers::test_reacting_to_emitted_event_passes PASSED [ 32%]
tests/test_event_validator.py::TestMissingConsumers::test_reacting_to_recognized_event_passes PASSED [ 32%]
tests/test_event_validator.py::TestMissingConsumers::test_reacting_to_infrastructure_event_passes PASSED [ 32%]
tests/test_event_validator.py::TestOrphanedEmits::test_consumed_emit_passes PASSED [ 32%]
tests/test_event_validator.py::TestOrphanedEmits::test_unconsumed_emit_is_warning PASSED [ 32%]
tests/test_event_validator.py::TestReactionCycles::test_no_cycle_passes PASSED [ 32%]
tests/test_event_validator.py::TestReactionCycles::test_infrastructure_event_cycle_is_warning PASSED [ 32%]
tests/test_event_validator.py::TestReactionCycles::test_non_infrastructure_cycle_is_error PASSED [ 32%]
tests/test_event_validator.py::TestReactionCycles::test_single_role_no_cycle PASSED [ 32%]
tests/test_event_validator.py::TestValidateIntegration::test_empty_reactions_passes PASSED [ 32%]
tests/test_event_validator.py::TestValidateIntegration::test_valid_config_passes PASSED [ 32%]
tests/test_event_validator.py::TestValidateIntegration::test_hallucinated_config_has_errors PASSED [ 32%]
tests/test_eviction_signal.py::TestGetSinceWithEvictionMarker::test_cursor_at_head_returns_empty_no_marker PASSED [ 32%]
tests/test_eviction_signal.py::TestGetSinceWithEvictionMarker::test_cursor_evicted_returns_marker_with_oldest_id PASSED [ 32%]
tests/test_eviction_signal.py::TestGetSinceWithEvictionMarker::test_cursor_in_deque_returns_no_marker PASSED [ 32%]
tests/test_eviction_signal.py::TestGetSinceWithEvictionMarker::test_cursor_in_deque_returns_oldest_first_when_truncated PASSED [ 32%]
tests/test_eviction_signal.py::TestGetSinceWithEvictionMarker::test_empty_deque_with_evicted_cursor_has_none_oldest_id PASSED [ 32%]
tests/test_eviction_signal.py::TestGetSinceWithEvictionMarker::test_evicted_events_returned_oldest_first PASSED [ 33%]
tests/test_eviction_signal.py::TestGetSinceWithEvictionMarker::test_legacy_get_since_wrapper_drops_marker PASSED [ 33%]
tests/test_eviction_signal.py::TestGetSinceWithEvictionMarker::test_no_cursor_returns_no_marker PASSED [ 33%]
tests/test_eviction_signal.py::TestGetSinceWithEvictionMarker::test_total_emitted_count_increments_on_append PASSED [ 33%]
tests/test_eviction_signal.py::TestEventPollEvictionWarning::test_eviction_diagnostic_matches_locked_format PASSED [ 33%]
tests/test_eviction_signal.py::TestEventPollEvictionWarning::test_eviction_empty_no_anchor_is_fatal PASSED [ 33%]
tests/test_eviction_signal.py::TestEventPollEvictionWarning::test_eviction_hwm_advances_to_oldest_id_when_filter_drops_all PASSED [ 33%]
tests/test_eviction_signal.py::TestEventPollEvictionWarning::test_eviction_with_survivors_hwm_anchors_on_newest PASSED [ 33%]
tests/test_eviction_signal.py::TestEventPollEvictionWarning::test_no_diagnostic_when_evicted_explicitly_false PASSED [ 33%]
tests/test_eviction_signal.py::TestEventPollEvictionWarning::test_no_diagnostic_when_payload_lacks_evicted_flag PASSED [ 33%]
tests/test_feat328_coverage.py::TestTC47EmptySetupRequirements::test_role_has_empty_setup_requirements[pm] PASSED [ 33%]
tests/test_feat328_coverage.py::TestTC47EmptySetupRequirements::test_role_has_empty_setup_requirements[dm] PASSED [ 33%]
tests/test_feat328_coverage.py::TestTC47EmptySetupRequirements::test_role_has_empty_setup_requirements[verifier] PASSED [ 33%]
tests/test_feat328_coverage.py::TestTC47EmptySetupRequirements::test_dev_has_variant_and_stack PASSED [ 33%]
tests/test_feat328_coverage.py::TestTC49To52IntervalValidation::test_tc49_accepts_integer_10 PASSED [ 33%]
tests/test_feat328_coverage.py::TestTC49To52IntervalValidation::test_accepts_integer_1 PASSED [ 33%]
tests/test_feat328_coverage.py::TestTC49To52IntervalValidation::test_accepts_integer_high PASSED [ 33%]
tests/test_feat328_coverage.py::TestTC49To52IntervalValidation::test_accepts_native_int PASSED [ 33%]
tests/test_feat328_coverage.py::TestTC49To52IntervalValidation::test_tc50_rejects_zero PASSED [ 33%]
tests/test_feat328_coverage.py::TestTC49To52IntervalValidation::test_tc51_rejects_negative PASSED [ 33%]
tests/test_feat328_coverage.py::TestTC49To52IntervalValidation::test_tc52_rejects_non_numeric PASSED [ 33%]
tests/test_feat328_coverage.py::TestTC49To52IntervalValidation::test_rejects_float PASSED [ 33%]
tests/test_feat328_coverage.py::TestTC49To52IntervalValidation::test_rejects_comma_float PASSED [ 33%]
tests/test_feat328_coverage.py::TestTC49To52IntervalValidation::test_empty_string_uses_default PASSED [ 33%]
tests/test_feat328_coverage.py::TestTC49To52IntervalValidation::test_none_uses_default PASSED [ 33%]
tests/test_feat328_coverage.py::TestTC49To52IntervalValidation::test_whitespace_only_uses_default PASSED [ 33%]
tests/test_feat328_coverage.py::TestTC49To52IntervalValidation::test_custom_default_respected PASSED [ 33%]
tests/test_feat328_coverage.py::TestTC49To52IntervalValidation::test_whitespace_around_integer_ok PASSED [ 33%]
tests/test_feat328_coverage.py::TestTC70To77PipelineResolution::test_tc70_software_dev_all_roles PASSED [ 33%]
tests/test_feat328_coverage.py::TestTC70To77PipelineResolution::test_tc75_design_preset PASSED [ 33%]
tests/test_feat328_coverage.py::TestTC70To77PipelineResolution::test_every_shipped_role_is_reachable_from_some_preset PASSED [ 33%]
tests/test_feat328_coverage.py::TestTC63NewLabelsInTracker::test_phase_e_labels_in_status_map[pending-human-approval] PASSED [ 33%]
tests/test_feat328_coverage.py::TestTC63NewLabelsInTracker::test_phase_e_labels_in_status_map[pending-human-review] PASSED [ 33%]
tests/test_feat328_coverage.py::TestTC63NewLabelsInTracker::test_phase_e_labels_in_status_map[pending-human-setup] PASSED [ 33%]
tests/test_feat328_coverage.py::TestTC66LegalTransitions::test_new_edge_is_legal[status:pending-human-approval-status:planning] PASSED [ 33%]
tests/test_feat328_coverage.py::TestTC66LegalTransitions::test_new_edge_is_legal[status:pending-human-approval-status:approved] PASSED [ 33%]
tests/test_feat328_coverage.py::TestTC66LegalTransitions::test_new_edge_is_legal[status:in-progress-status:pending-human-review] PASSED [ 33%]
tests/test_feat328_coverage.py::TestTC66LegalTransitions::test_new_edge_is_legal[status:pending-human-review-status:in-progress] PASSED [ 33%]
tests/test_feat328_coverage.py::TestTC66LegalTransitions::test_new_edge_is_legal[status:pending-human-review-status:pending-ship] PASSED [ 33%]
tests/test_feat328_coverage.py::TestTC66LegalTransitions::test_new_edge_is_legal[status:in-progress-status:pending-human-setup] PASSED [ 33%]
tests/test_feat328_coverage.py::TestTC66LegalTransitions::test_new_edge_is_legal[status:pending-human-setup-status:in-progress] PASSED [ 33%]
tests/test_feat328_coverage.py::TestTC115ComposeEveryRole::test_compose_resolves_every_shipped_role PASSED [ 33%]
tests/test_feat328_coverage.py::TestSmokeManifestValidation::test_st1_role_manifests_load_cleanly PASSED [ 34%]
tests/test_feat328_coverage.py::TestSmokeManifestValidation::test_st2_tool_manifests_load_cleanly PASSED [ 34%]
tests/test_feat328_coverage.py::TestSmokeManifestValidation::test_st3_preset_manifests_load_cleanly PASSED [ 34%]
tests/test_feat328_coverage.py::TestTC78CycleDetectionObsolete::test_manifest_module_documents_cycle_detection_decision PASSED [ 34%]
tests/test_feat328_coverage.py::TestTC78CycleDetectionObsolete::test_shipped_registry_validates_cleanly PASSED [ 34%]
tests/test_feat_10348_verifier.py::test_tc_01_system_exit_returns_default PASSED [ 34%]
tests/test_feat_10348_verifier.py::test_tc_02_live_no_exit_1_on_missing_interval PASSED [ 34%]
tests/test_feat_10348_verifier.py::test_tc_03_value_error_still_returns_default PASSED [ 34%]
tests/test_feat_10348_verifier.py::test_tc_04_keyboard_interrupt_propagates PASSED [ 34%]
tests/test_feat_10348_verifier.py::test_tc_05_dead_imports_dropped PASSED [ 34%]
tests/test_feat_10348_verifier.py::test_tc_06_worker_regression_suite_passes PASSED [ 34%]
tests/test_feat_10681_compose_checksum.py::TestLastComposeChecksumDefault::test_initial_checksum_is_none PASSED [ 34%]
tests/test_feat_10681_compose_checksum.py::TestLastComposeChecksumPersistence::test_load_explicit_null_yields_none PASSED [ 34%]
tests/test_feat_10681_compose_checksum.py::TestLastComposeChecksumPersistence::test_load_missing_field_yields_none PASSED [ 34%]
tests/test_feat_10681_compose_checksum.py::TestLastComposeChecksumPersistence::test_save_emits_field_in_state_file PASSED [ 34%]
tests/test_feat_10681_compose_checksum.py::TestLastComposeChecksumPersistence::test_save_emits_null_when_unset PASSED [ 34%]
tests/test_feat_10681_compose_checksum.py::TestLastComposeChecksumPersistence::test_save_overwrites_previous_checksum PASSED [ 34%]
tests/test_feat_10681_compose_checksum.py::TestLastComposeChecksumPersistence::test_save_then_load_round_trip PASSED [ 34%]
tests/test_feat_10681_compose_checksum.py::TestLastComposeChecksumAtomicWrite::test_save_uses_tmp_then_rename PASSED [ 34%]
tests/test_feat_10681_compose_checksum.py::TestLastComposeChecksumAtomicWrite::test_simulated_crash_mid_write_preserves_prior_state PASSED [ 34%]
tests/test_feat_10681_compose_checksum.py::TestLastComposeChecksumLocking::test_get_uses_self_lock PASSED [ 34%]
tests/test_feat_10681_compose_checksum.py::TestLastComposeChecksumLocking::test_set_uses_self_lock PASSED [ 34%]
tests/test_feat_1074_auto_merge.py::TestPrMergeSquashStrategy::test_merge_squash_default PASSED [ 34%]
tests/test_feat_1074_auto_merge.py::TestPrMergeSquashStrategy::test_merge_rebase_strategy PASSED [ 34%]
tests/test_feat_1074_auto_merge.py::TestPrMergeAlreadyMerged::test_already_merged_returns_success PASSED [ 34%]
tests/test_feat_1074_auto_merge.py::TestPrMergeClosedPr::test_closed_pr_returns_failure PASSED [ 34%]
tests/test_feat_1074_auto_merge.py::TestPrMergConflict::test_merge_conflict_detected PASSED [ 34%]
tests/test_feat_1074_auto_merge.py::TestPrMergeIssueExtraction::test_extracts_issue_from_squidsquad_branch PASSED [ 34%]
tests/test_feat_1075_vault_candidates.py::TestTaskIntakeTemplate::test_vault_candidates_section_in_template PASSED [ 34%]
tests/test_feat_1075_vault_candidates.py::TestTaskIntakeTemplate::test_vault_candidates_after_recommendation PASSED [ 34%]
tests/test_feat_1075_vault_candidates.py::TestTaskIntakeTemplate::test_research_agent_instructed_to_find_candidates PASSED [ 34%]
tests/test_feat_1075_vault_candidates.py::TestTaskIntakeTemplate::test_candidate_format_has_type PASSED [ 34%]
tests/test_feat_1075_vault_candidates.py::TestTaskIntakeTemplate::test_candidate_cap PASSED [ 34%]
tests/test_feat_1075_vault_candidates.py::TestResearchPromptTemplate::test_vault_candidates_section_in_prompt PASSED [ 34%]
tests/test_feat_1075_vault_candidates.py::TestResearchPromptTemplate::test_prompt_instructs_vault_discovery PASSED [ 34%]
tests/test_feat_1075_vault_candidates.py::TestResearchPromptTemplate::test_prompt_has_candidate_cap PASSED [ 34%]
tests/test_feat_1210_is_quiet.py::TestIsQuietNoIterations::test_no_iterations_dir_is_quiet PASSED [ 34%]
tests/test_feat_1210_is_quiet.py::TestIsQuietNoIterations::test_no_iterations_dir_prints_quiet PASSED [ 34%]
tests/test_feat_1210_is_quiet.py::TestIsQuietWithIterations::test_active_cycle_is_non_quiet PASSED [ 34%]
tests/test_feat_1210_is_quiet.py::TestIsQuietWithIterations::test_quiet_cycle_is_quiet PASSED [ 34%]
tests/test_feat_1210_is_quiet.py::TestIsQuietWithIterations::test_old_log_outside_window_is_quiet PASSED [ 34%]
tests/test_feat_1210_is_quiet.py::TestIsQuietWithIterations::test_most_recent_file_wins PASSED [ 34%]
tests/test_feat_1210_is_quiet.py::TestIsQuietWithIterations::test_default_interval_when_config_missing PASSED [ 35%]
tests/test_feat_1228_pipeline_sentinel.py::TestPipelineSentinelExists::test_file_exists PASSED [ 35%]
tests/test_feat_1228_pipeline_sentinel.py::TestPrConflictDetection::test_conflict_detection_section PASSED [ 35%]
tests/test_feat_1228_pipeline_sentinel.py::TestPrConflictDetection::test_conflict_transitions_back PASSED [ 35%]
tests/test_feat_1228_pipeline_sentinel.py::TestStallDetection::test_stall_detection_section PASSED [ 35%]
tests/test_feat_1228_pipeline_sentinel.py::TestStallDetection::test_stall_nudge_limits PASSED [ 35%]
tests/test_feat_1228_pipeline_sentinel.py::TestPrStatusSync::test_pr_status_sync_section PASSED [ 35%]
tests/test_feat_1228_pipeline_sentinel.py::TestPrStatusSync::test_merged_pr_updates_status PASSED [ 35%]
tests/test_feat_1228_pipeline_sentinel.py::TestPrStatusSync::test_closed_pr_updates_status PASSED [ 35%]
tests/test_feat_1228_pipeline_sentinel.py::TestStuckStateDetection::test_orphaned_pr_check PASSED [ 35%]
tests/test_feat_1228_pipeline_sentinel.py::TestStuckStateDetection::test_shipped_without_merge_check PASSED [ 35%]
tests/test_feat_1228_pipeline_sentinel.py::TestStuckStateDetection::test_approved_no_pickup_check PASSED [ 35%]
tests/test_feat_1228_pipeline_sentinel.py::TestStuckStateDetection::test_dead_agent_check PASSED [ 35%]
tests/test_feat_1228_pipeline_sentinel.py::TestStuckStateDetection::test_tier_system PASSED [ 35%]
tests/test_feat_1229_triage_json.py::TestTriageJsonMalformed::test_malformed_issue_list_returns_empty PASSED [ 35%]
tests/test_feat_1229_triage_json.py::TestTriageJsonMalformed::test_empty_string_returns_empty PASSED [ 35%]
tests/test_feat_1229_triage_json.py::TestTriageJsonMalformed::test_malformed_issue_detail_skips_item PASSED [ 35%]
tests/test_feat_1229_triage_json.py::TestTriageJsonMalformed::test_valid_json_processes_normally PASSED [ 35%]
tests/test_feat_1229_triage_json.py::TestTriageJsonMalformed::test_gh_cli_raises_runtime_error PASSED [ 35%]
tests/test_feat_1229_triage_json.py::TestTriageJsonMalformed::test_html_response_doesnt_crash PASSED [ 35%]
tests/test_feat_1229_triage_json.py::TestTriageJsonMalformed::test_partial_json_doesnt_crash PASSED [ 35%]
tests/test_feat_1229_triage_json.py::TestParseCommentRole::test_simple_role PASSED [ 35%]
tests/test_feat_1229_triage_json.py::TestParseCommentRole::test_role_with_alias PASSED [ 35%]
tests/test_feat_1229_triage_json.py::TestParseCommentRole::test_lead_suffix_stripped PASSED [ 35%]
tests/test_feat_1229_triage_json.py::TestParseCommentRole::test_no_role_prefix PASSED [ 35%]
tests/test_feat_1328_blocked_skip.py::TestPMVerificationBlockedCheck::test_pm_does_not_verify_directly PASSED [ 35%]
tests/test_feat_1328_blocked_skip.py::TestPMVerificationBlockedCheck::test_pm_has_no_verification_steps PASSED [ 35%]
tests/test_feat_1328_blocked_skip.py::TestShipCounterOwnership::test_qa_owns_ship_counter PASSED [ 35%]
tests/test_feat_1328_blocked_skip.py::TestShipCounterOwnership::test_pm_does_not_own_ship_counter PASSED [ 35%]
tests/test_feat_1328_blocked_skip.py::TestQAVerificationBlockedCheck::test_step4_has_blocked_check PASSED [ 35%]
tests/test_feat_1328_blocked_skip.py::TestQAVerificationBlockedCheck::test_step5_has_blocked_check PASSED [ 35%]
tests/test_feat_1328_blocked_skip.py::TestQAVerificationBlockedCheck::test_no_status_transition_for_blocked PASSED [ 35%]
tests/test_feat_1363_label_sync.py::TestPrLabelSyncExists::test_pr_status_sync_section_present PASSED [ 35%]
tests/test_feat_1363_label_sync.py::TestPrLabelSyncExists::test_section_under_sentinel PASSED [ 35%]
tests/test_feat_1363_label_sync.py::TestMergedPrSync::test_merged_pr_triggers_pending_ship PASSED [ 35%]
tests/test_feat_1363_label_sync.py::TestMergedPrSync::test_merged_pr_adds_comment PASSED [ 35%]
tests/test_feat_1363_label_sync.py::TestClosedPrSync::test_closed_pr_triggers_in_progress PASSED [ 35%]
tests/test_feat_1363_label_sync.py::TestClosedPrSync::test_closed_pr_adds_comment PASSED [ 35%]
tests/test_feat_1363_label_sync.py::TestSyncDataSource::test_reuses_conflict_check_query PASSED [ 35%]
tests/test_feat_1397_draft_pr.py::TestPrCreateDraftFlag::test_gh_cli_uses_draft_flag PASSED [ 35%]
tests/test_feat_1397_draft_pr.py::TestPrCreateDraftFlag::test_gh_cli_passes_title_and_body PASSED [ 35%]
tests/test_feat_1397_draft_pr.py::TestPrCreateDraftFlag::test_returns_pr_url_on_success PASSED [ 35%]
tests/test_feat_1397_draft_pr.py::TestPrCreateDraftFlag::test_returns_none_on_failure PASSED [ 36%]
tests/test_feat_1397_draft_pr.py::TestPrCreateForgeAdapter::test_forge_adapter_draft_flag PASSED [ 36%]
tests/test_feat_1397_draft_pr.py::TestPrCreateDocstring::test_docstring_mentions_draft PASSED [ 36%]
tests/test_feat_1496_shared_fs_fallback.py::TestSharedFsFallback::test_missing_local_config_exits_not_fallback PASSED [ 36%]
tests/test_feat_1496_shared_fs_fallback.py::TestSharedFsFallback::test_parses_absolute_paths_from_local_config PASSED [ 36%]
tests/test_feat_1496_shared_fs_fallback.py::TestSharedFsFallback::test_empty_local_config_exits PASSED [ 36%]
tests/test_feat_1496_shared_fs_fallback.py::TestSharedFsFallback::test_relative_paths_resolve_against_repo_root PASSED [ 36%]
tests/test_feat_1496_shared_fs_fallback.py::TestSharedFsFallback::test_missing_local_config_exits_even_with_clones PASSED [ 36%]
tests/test_feat_1496_shared_fs_fallback.py::TestSharedFsFallback::test_no_config_exits PASSED [ 36%]
tests/test_feat_1496_shared_fs_fallback.py::TestSharedFsFallback::test_get_clone_path_raises_when_role_not_in_config PASSED [ 36%]
tests/test_feat_1500_create_pr_draft.py::TestForgejoCreatePrDraft::test_draft_true_in_payload PASSED [ 36%]
tests/test_feat_1500_create_pr_draft.py::TestForgejoCreatePrDraft::test_draft_false_in_payload PASSED [ 36%]
tests/test_feat_1500_create_pr_draft.py::TestForgejoCreatePrDraft::test_draft_default_is_true PASSED [ 36%]
tests/test_feat_1500_create_pr_draft.py::TestForgejoCreatePrDraft::test_base_branch_in_payload PASSED [ 36%]
tests/test_feat_1500_create_pr_draft.py::TestForgejoCreatePrDraft::test_api_failure_returns_none PASSED [ 36%]
tests/test_feat_1500_create_pr_draft.py::TestGitHubCreatePrDraft::test_draft_true_includes_flag PASSED [ 36%]
tests/test_feat_1500_create_pr_draft.py::TestGitHubCreatePrDraft::test_draft_false_excludes_flag PASSED [ 36%]
tests/test_feat_1517_clone_url.py::TestCreateRepoCloneUrl::test_clone_url_from_api_response PASSED [ 36%]
tests/test_feat_1517_clone_url.py::TestCreateRepoCloneUrl::test_clone_url_fallback_when_repo_exists PASSED [ 36%]
tests/test_feat_1517_clone_url.py::TestCreateRepoCloneUrl::test_clone_url_constructed_when_lookup_fails PASSED [ 36%]
tests/test_feat_1517_clone_url.py::TestCreateRepoCloneUrl::test_clone_url_empty_on_unrelated_error PASSED [ 36%]
tests/test_feat_1517_clone_url.py::TestCreateRepoCloneUrl::test_clone_url_empty_string_treated_correctly PASSED [ 36%]
tests/test_feat_2495_upgrade_rewrite.py::test_tc_01_skill_md_rewritten PASSED [ 36%]
tests/test_feat_2495_upgrade_rewrite.py::test_tc_02_skill_file_rewritten PASSED [ 36%]
tests/test_feat_2495_upgrade_rewrite.py::test_tc_03_skill_md_and_skill_file_agree PASSED [ 36%]
tests/test_feat_2495_upgrade_rewrite.py::test_tc_04_compose_deploy_all_is_primary PASSED [ 36%]
tests/test_feat_2495_upgrade_rewrite.py::test_tc_05_soul_md_preservation_documented PASSED [ 36%]
tests/test_feat_2495_upgrade_rewrite.py::test_tc_06_config_v1_v2_patching PASSED [ 36%]
tests/test_feat_2495_upgrade_rewrite.py::test_tc_07_no_install_spec_fallback PASSED [ 36%]
tests/test_feat_2495_upgrade_rewrite.py::test_tc_08_ensure_labels_included PASSED [ 36%]
tests/test_feat_2495_upgrade_rewrite.py::test_tc_09_clone_isolation_documented PASSED [ 36%]
tests/test_feat_2495_upgrade_rewrite.py::test_tc_10_tracker_schema_check_removed PASSED [ 36%]
tests/test_feat_2495_upgrade_rewrite.py::test_tc_11_no_claude_dir_in_commit PASSED [ 36%]
tests/test_feat_3296_task_boundary.py::TestTaskBegin::test_checks_out_existing_local_branch PASSED [ 36%]
tests/test_feat_3296_task_boundary.py::TestTaskBegin::test_checks_out_from_remote PASSED [ 36%]
tests/test_feat_3296_task_boundary.py::TestTaskBegin::test_missing_branch_exits_nonzero PASSED [ 36%]
tests/test_feat_3296_task_boundary.py::TestTaskBegin::test_derives_correct_branch_name PASSED [ 36%]
tests/test_feat_3296_task_boundary.py::TestTaskEnd::test_returns_to_working_branch PASSED [ 36%]
tests/test_feat_3296_task_boundary.py::TestTaskEnd::test_warns_on_uncommitted_changes PASSED [ 36%]
tests/test_feat_3296_task_boundary.py::TestTaskBoundaryTemplates::test_qa_verification_uses_task_begin PASSED [ 36%]
tests/test_feat_3296_task_boundary.py::TestTaskBoundaryTemplates::test_skill_triage_uses_task_begin PASSED [ 36%]
tests/test_feat_3296_task_boundary.py::TestTaskBoundaryTemplates::test_skill_implement_uses_task_begin PASSED [ 37%]
tests/test_feat_3296_task_boundary.py::TestTaskBoundaryTemplates::test_dm_delivery_uses_task_begin PASSED [ 37%]
tests/test_feat_3296_task_boundary.py::TestCyclePreCleanup::test_no_qa_first_item_branch_hack PASSED [ 37%]
tests/test_feat_3296_task_boundary.py::TestCyclePreCleanup::test_no_setup_skill_branch_call PASSED [ 37%]
tests/test_feat_3494_version_bump.py::TestVersionBumpStaging::test_stages_explicit_files PASSED [ 37%]
tests/test_feat_3494_version_bump.py::TestVersionBumpStaging::test_no_skill_md_omits_it PASSED [ 37%]
tests/test_feat_3494_version_bump.py::TestVersionBumpNoStagedChanges::test_skips_commit_tag_push_when_no_staged_changes PASSED [ 37%]
tests/test_feat_3494_version_bump.py::TestVersionBumpNoStagedChanges::test_proceeds_when_staged_changes_exist PASSED [ 37%]
tests/test_feat_3499_pm_orphans.py::TestOrphanedFilesRemoved::test_git_commit_removed PASSED [ 37%]
tests/test_feat_3499_pm_orphans.py::TestOrphanedFilesRemoved::test_iteration_log_removed PASSED [ 37%]
tests/test_feat_3499_pm_orphans.py::TestPMIncludesYml::test_no_git_commit_include PASSED [ 37%]
tests/test_feat_3499_pm_orphans.py::TestPMIncludesYml::test_no_iteration_log_include PASSED [ 37%]
tests/test_feat_3499_pm_orphans.py::TestPMIncludesYml::test_has_cycle_runner PASSED [ 37%]
tests/test_feat_3644_openai_json_warn.py::TestOpenAIAdapterJSONWarning::test_warns_on_json_decode_error PASSED [ 37%]
tests/test_feat_3644_openai_json_warn.py::TestOpenAIAdapterJSONWarning::test_includes_function_name_in_warning PASSED [ 37%]
tests/test_feat_3644_openai_json_warn.py::TestOpenAIAdapterJSONWarning::test_includes_raw_args_in_warning PASSED [ 37%]
tests/test_feat_3644_openai_json_warn.py::TestOpenAIAdapterJSONWarning::test_still_falls_back_to_empty_dict PASSED [ 37%]
tests/test_feat_3645_auto_merge.py::TestQAVerificationAutoMerge::test_checks_auto_merge_config PASSED [ 37%]
tests/test_feat_3645_auto_merge.py::TestQAVerificationAutoMerge::test_checks_human_required_label PASSED [ 37%]
tests/test_feat_3645_auto_merge.py::TestQAVerificationAutoMerge::test_auto_merge_on_merges_directly PASSED [ 37%]
tests/test_feat_3645_auto_merge.py::TestQAVerificationAutoMerge::test_auto_merge_off_routes_to_review PASSED [ 37%]
tests/test_feat_3645_auto_merge.py::TestQAVerificationAutoMerge::test_per_ticket_override PASSED [ 37%]
tests/test_feat_3645_auto_merge.py::TestPMDelegatesToVerifier::test_pm_does_not_carry_auto_merge_gate PASSED [ 37%]
tests/test_feat_3645_auto_merge.py::TestPMDelegatesToVerifier::test_pm_does_not_check_human_required_label PASSED [ 37%]
tests/test_feat_3645_auto_merge.py::TestPMDelegatesToVerifier::test_pm_delegates_to_verifier PASSED [ 37%]
tests/test_feat_3645_auto_merge.py::TestTrackerLabelTaxonomy::test_special_labels_includes_review_human_required PASSED [ 37%]
tests/test_feat_3663_pr_conflict_check.py::TestPRConflictCheck::test_checks_mergeable_status PASSED [ 37%]
tests/test_feat_3663_pr_conflict_check.py::TestPRConflictCheck::test_merges_conflicting_prs PASSED [ 37%]
tests/test_feat_3663_pr_conflict_check.py::TestPRConflictCheck::test_push_after_merge PASSED [ 37%]
tests/test_feat_3663_pr_conflict_check.py::TestPRConflictCheck::test_abort_on_conflict PASSED [ 37%]
tests/test_feat_3663_pr_conflict_check.py::TestPRConflictCheck::test_only_own_branches PASSED [ 37%]
tests/test_feat_3663_pr_conflict_check.py::TestPRConflictCheck::test_gated_on_pr_flow PASSED [ 37%]
tests/test_feat_605_issue_url.py::TestExpandIssueRefs::test_single_reference PASSED [ 37%]
tests/test_feat_605_issue_url.py::TestExpandIssueRefs::test_multiple_references PASSED [ 37%]
tests/test_feat_605_issue_url.py::TestExpandIssueRefs::test_no_false_positive_hex PASSED [ 37%]
tests/test_feat_605_issue_url.py::TestExpandIssueRefs::test_no_expansion_without_repo PASSED [ 37%]
tests/test_feat_605_issue_url.py::TestExpandIssueRefs::test_already_expanded_not_doubled PASSED [ 37%]
tests/test_feat_605_issue_url.py::TestExpandIssueRefs::test_word_boundary_respected PASSED [ 37%]
tests/test_feat_605_issue_url.py::TestExpandIssueRefs::test_repo_url_normalization PASSED [ 37%]
tests/test_feat_605_issue_url.py::TestGetRepoUrl::test_returns_url_from_config PASSED [ 37%]
tests/test_feat_605_issue_url.py::TestGetRepoUrl::test_returns_none_on_empty PASSED [ 37%]
tests/test_feat_605_issue_url.py::TestGetRepoUrl::test_preserves_existing_https PASSED [ 37%]
tests/test_feat_6126_harness_merge.py::TestParseIssueFromBranch::test_standard_branch PASSED [ 38%]
tests/test_feat_6126_harness_merge.py::TestParseIssueFromBranch::test_task_branch PASSED [ 38%]
tests/test_feat_6126_harness_merge.py::TestParseIssueFromBranch::test_no_number PASSED [ 38%]
tests/test_feat_6126_harness_merge.py::TestParseIssueFromBranch::test_empty_string PASSED [ 38%]
tests/test_feat_6126_harness_merge.py::TestParseIssueFromBranch::test_non_digit_suffix PASSED [ 38%]
tests/test_feat_6126_harness_merge.py::TestParseIssueFromBranch::test_single_segment_number PASSED [ 38%]
tests/test_feat_6126_harness_merge.py::TestEmitEvent::test_emits_to_stream PASSED [ 38%]
tests/test_feat_6126_harness_merge.py::TestGetPrFiles::test_returns_file_list PASSED [ 38%]
tests/test_feat_6126_harness_merge.py::TestGetPrFiles::test_returns_none_on_failure PASSED [ 38%]
tests/test_feat_6126_harness_merge.py::TestGetPrFiles::test_returns_none_on_invalid_json PASSED [ 38%]
tests/test_feat_6126_harness_merge.py::TestGetPrBranch::test_returns_branch_name PASSED [ 38%]
tests/test_feat_6126_harness_merge.py::TestGetPrBranch::test_returns_empty_on_failure PASSED [ 38%]
tests/test_feat_6126_harness_merge.py::TestMechanicalReactionsPrMerged::test_pm_gets_pr_merge_detected_on_success PASSED [ 38%]
tests/test_feat_6126_harness_merge.py::TestMechanicalReactionsPrMerged::test_pm_no_pr_merge_detected_on_failure PASSED [ 38%]
tests/test_feat_6126_harness_merge.py::TestMechanicalReactionsPrMerged::test_skill_gets_reactive_pull_on_success PASSED [ 38%]
tests/test_feat_6126_harness_merge.py::TestMechanicalReactionsPrMerged::test_skill_no_reactive_pull_on_failure PASSED [ 38%]
tests/test_feat_6126_harness_merge.py::TestMechanicalReactionsPrMerged::test_self_emitted_events_skipped PASSED [ 38%]
tests/test_feat_6126_harness_merge.py::TestMechanicalReactionsPrMerged::test_pm_no_reactive_pull PASSED [ 38%]
tests/test_feat_6126_harness_merge.py::TestRoleEventTypes::test_pm_has_pr_merged PASSED [ 38%]
tests/test_feat_6126_harness_merge.py::TestRoleEventTypes::test_pm_has_compose_completed PASSED [ 38%]
tests/test_feat_6126_harness_merge.py::TestRoleEventTypes::test_qa_has_pr_merged PASSED [ 38%]
tests/test_feat_6126_harness_merge.py::TestRoleEventTypes::test_skill_has_pr_merged PASSED [ 38%]
tests/test_feat_6126_harness_merge.py::TestRoleEventTypes::test_dm_has_pr_merged PASSED [ 38%]
tests/test_feat_6126_harness_merge.py::TestRoleEventTypes::test_all_roles_have_compose_completed PASSED [ 38%]
tests/test_feat_6126_harness_merge.py::TestEventCatalogNewEvents::test_pr_merged_in_emitted PASSED [ 38%]
tests/test_feat_6126_harness_merge.py::TestEventCatalogNewEvents::test_compose_completed_in_emitted PASSED [ 38%]
tests/test_feat_6126_harness_merge.py::TestEventCatalogNewEvents::test_request_merge_in_recognized PASSED [ 38%]
tests/test_feat_6126_harness_merge.py::TestEventCatalogNewEvents::test_pr_merged_payload_fields PASSED [ 38%]
tests/test_feat_6126_harness_merge.py::TestEventCatalogNewEvents::test_compose_completed_payload_fields PASSED [ 38%]
tests/test_feat_6126_harness_merge.py::TestTemplateUpdates::test_qa_verification_no_git_ops_pr_merge PASSED [ 38%]
tests/test_feat_6126_harness_merge.py::TestTemplateUpdates::test_qa_verification_has_post_merge PASSED [ 38%]
tests/test_feat_6126_harness_merge.py::TestTemplateUpdates::test_dm_delivery_no_git_ops_pr_merge PASSED [ 38%]
tests/test_feat_6126_harness_merge.py::TestTemplateUpdates::test_dm_delivery_has_post_merge PASSED [ 38%]
tests/test_feat_6126_harness_merge.py::TestTemplateUpdates::test_dm_delivery_has_stacked_pr_base_check PASSED [ 38%]
tests/test_feat_6126_harness_merge.py::TestTemplateUpdates::test_dm_delivery_routes_back_on_stacked_pr PASSED [ 38%]
tests/test_feat_6126_harness_merge.py::TestTemplateUpdates::test_dm_delivery_compares_base_against_working_branch PASSED [ 38%]
tests/test_feat_6126_harness_merge.py::TestTemplateUpdates::test_dm_delivery_base_check_has_distinct_pass_branch PASSED [ 38%]
tests/test_feat_6126_harness_merge.py::TestTemplateUpdates::test_dm_delivery_handles_empty_pr_base_defensively PASSED [ 38%]
tests/test_feat_6126_harness_merge.py::TestTemplateUpdates::test_pm_post_merge_recompose_deleted PASSED [ 38%]
tests/test_feat_6126_harness_merge.py::TestTemplateUpdates::test_pm_includes_no_post_merge_recompose PASSED [ 38%]
tests/test_feat_6126_harness_merge.py::TestTemplateUpdates::test_pm_instructions_no_post_merge_recompose PASSED [ 38%]
tests/test_feat_6126_harness_merge.py::TestGitOpsNoEmit::test_no_emit_pr_merge_in_pr_merge_function PASSED [ 38%]
tests/test_feat_9588_lazy_load_bootstrap.py::test_tc_01_no_mode_specific_markers_inlined[<!-- sub-skill: ralph-loop-overview -->-skill] PASSED [ 39%]
tests/test_feat_9588_lazy_load_bootstrap.py::test_tc_01_no_mode_specific_markers_inlined[<!-- sub-skill: ralph-loop-overview -->-pm] PASSED [ 39%]
tests/test_feat_9588_lazy_load_bootstrap.py::test_tc_01_no_mode_specific_markers_inlined[<!-- sub-skill: ralph-loop-overview -->-qa] PASSED [ 39%]
tests/test_feat_9588_lazy_load_bootstrap.py::test_tc_01_no_mode_specific_markers_inlined[<!-- sub-skill: ralph-loop-overview -->-dm] PASSED [ 39%]
tests/test_feat_9588_lazy_load_bootstrap.py::test_tc_01_no_mode_specific_markers_inlined[<!-- sub-skill: event-driven-workflow -->-skill] PASSED [ 39%]
tests/test_feat_9588_lazy_load_bootstrap.py::test_tc_01_no_mode_specific_markers_inlined[<!-- sub-skill: event-driven-workflow -->-pm] PASSED [ 39%]
tests/test_feat_9588_lazy_load_bootstrap.py::test_tc_01_no_mode_specific_markers_inlined[<!-- sub-skill: event-driven-workflow -->-qa] PASSED [ 39%]
tests/test_feat_9588_lazy_load_bootstrap.py::test_tc_01_no_mode_specific_markers_inlined[<!-- sub-skill: event-driven-workflow -->-dm] PASSED [ 39%]
tests/test_feat_9588_lazy_load_bootstrap.py::test_tc_01_no_mode_specific_markers_inlined[<!-- sub-skill: event-mode-contract -->-skill] PASSED [ 39%]
tests/test_feat_9588_lazy_load_bootstrap.py::test_tc_01_no_mode_specific_markers_inlined[<!-- sub-skill: event-mode-contract -->-pm] PASSED [ 39%]
tests/test_feat_9588_lazy_load_bootstrap.py::test_tc_01_no_mode_specific_markers_inlined[<!-- sub-skill: event-mode-contract -->-qa] PASSED [ 39%]
tests/test_feat_9588_lazy_load_bootstrap.py::test_tc_01_no_mode_specific_markers_inlined[<!-- sub-skill: event-mode-contract -->-dm] PASSED [ 39%]
tests/test_feat_9588_lazy_load_bootstrap.py::test_tc_01_no_mode_specific_markers_inlined[<!-- sub-skill: cursor-management -->-skill] PASSED [ 39%]
tests/test_feat_9588_lazy_load_bootstrap.py::test_tc_01_no_mode_specific_markers_inlined[<!-- sub-skill: cursor-management -->-pm] PASSED [ 39%]
tests/test_feat_9588_lazy_load_bootstrap.py::test_tc_01_no_mode_specific_markers_inlined[<!-- sub-skill: cursor-management -->-qa] PASSED [ 39%]
tests/test_feat_9588_lazy_load_bootstrap.py::test_tc_01_no_mode_specific_markers_inlined[<!-- sub-skill: cursor-management -->-dm] PASSED [ 39%]
tests/test_feat_9588_lazy_load_bootstrap.py::test_tc_01_no_mode_specific_markers_inlined[<!-- sub-skill: forge-read-pattern -->-skill] PASSED [ 39%]
tests/test_feat_9588_lazy_load_bootstrap.py::test_tc_01_no_mode_specific_markers_inlined[<!-- sub-skill: forge-read-pattern -->-pm] PASSED [ 39%]
tests/test_feat_9588_lazy_load_bootstrap.py::test_tc_01_no_mode_specific_markers_inlined[<!-- sub-skill: forge-read-pattern -->-qa] PASSED [ 39%]
tests/test_feat_9588_lazy_load_bootstrap.py::test_tc_01_no_mode_specific_markers_inlined[<!-- sub-skill: forge-read-pattern -->-dm] PASSED [ 39%]
tests/test_feat_9588_lazy_load_bootstrap.py::test_tc_01_no_mode_specific_markers_inlined[<!-- sub-skill: idle-cooldown-loop -->-skill] PASSED [ 39%]
tests/test_feat_9588_lazy_load_bootstrap.py::test_tc_01_no_mode_specific_markers_inlined[<!-- sub-skill: idle-cooldown-loop -->-pm] PASSED [ 39%]
tests/test_feat_9588_lazy_load_bootstrap.py::test_tc_01_no_mode_specific_markers_inlined[<!-- sub-skill: idle-cooldown-loop -->-qa] PASSED [ 39%]
tests/test_feat_9588_lazy_load_bootstrap.py::test_tc_01_no_mode_specific_markers_inlined[<!-- sub-skill: idle-cooldown-loop -->-dm] PASSED [ 39%]
tests/test_feat_9588_lazy_load_bootstrap.py::test_tc_01_no_mode_specific_markers_inlined[<!-- sub-skill: comment-handling -->-skill] PASSED [ 39%]
tests/test_feat_9588_lazy_load_bootstrap.py::test_tc_01_no_mode_specific_markers_inlined[<!-- sub-skill: comment-handling -->-pm] PASSED [ 39%]
tests/test_feat_9588_lazy_load_bootstrap.py::test_tc_01_no_mode_specific_markers_inlined[<!-- sub-skill: comment-handling -->-qa] PASSED [ 39%]
tests/test_feat_9588_lazy_load_bootstrap.py::test_tc_01_no_mode_specific_markers_inlined[<!-- sub-skill: comment-handling -->-dm] PASSED [ 39%]
tests/test_feat_9588_lazy_load_bootstrap.py::test_tc_01_no_mode_specific_markers_inlined[<!-- sub-skill: pr-merge-wait -->-skill] PASSED [ 39%]
tests/test_feat_9588_lazy_load_bootstrap.py::test_tc_01_no_mode_specific_markers_inlined[<!-- sub-skill: pr-merge-wait -->-pm] PASSED [ 39%]
tests/test_feat_9588_lazy_load_bootstrap.py::test_tc_01_no_mode_specific_markers_inlined[<!-- sub-skill: pr-merge-wait -->-qa] PASSED [ 39%]
tests/test_feat_9588_lazy_load_bootstrap.py::test_tc_01_no_mode_specific_markers_inlined[<!-- sub-skill: pr-merge-wait -->-dm] PASSED [ 39%]
tests/test_feat_9588_lazy_load_bootstrap.py::test_tc_02_bootstrap_present[skill] PASSED [ 39%]
tests/test_feat_9588_lazy_load_bootstrap.py::test_tc_02_bootstrap_present[pm] PASSED [ 39%]
tests/test_feat_9588_lazy_load_bootstrap.py::test_tc_02_bootstrap_present[qa] PASSED [ 39%]
tests/test_feat_9588_lazy_load_bootstrap.py::test_tc_02_bootstrap_present[dm] PASSED [ 39%]
tests/test_feat_9588_lazy_load_bootstrap.py::test_tc_03_polling_fragment_substituted_per_role[skill-worker] PASSED [ 39%]
tests/test_feat_9588_lazy_load_bootstrap.py::test_tc_03_polling_fragment_substituted_per_role[pm-pm] PASSED [ 39%]
tests/test_feat_9588_lazy_load_bootstrap.py::test_tc_03_polling_fragment_substituted_per_role[qa-verifier] PASSED [ 39%]
tests/test_feat_9588_lazy_load_bootstrap.py::test_tc_03_polling_fragment_substituted_per_role[dm-dm] PASSED [ 39%]
tests/test_feat_9588_lazy_load_bootstrap.py::test_tc_04_event_fragments_referenced_in_bootstrap[skill] PASSED [ 39%]
tests/test_feat_9588_lazy_load_bootstrap.py::test_tc_04_event_fragments_referenced_in_bootstrap[pm] PASSED [ 39%]
tests/test_feat_9588_lazy_load_bootstrap.py::test_tc_04_event_fragments_referenced_in_bootstrap[qa] PASSED [ 40%]
tests/test_feat_9588_lazy_load_bootstrap.py::test_tc_04_event_fragments_referenced_in_bootstrap[dm] PASSED [ 40%]
tests/test_feat_9588_lazy_load_bootstrap.py::test_tc_04_dm_pr_merge_wait_present_only_in_dm PASSED [ 40%]
tests/test_feat_9588_lazy_load_bootstrap.py::test_tc_05_bootstrap_uses_127_0_0_1_and_no_dev_null PASSED [ 40%]
tests/test_feat_9588_lazy_load_bootstrap.py::test_tc_06_event_mode_contract_degraded_branch_removed PASSED [ 40%]
tests/test_feat_9588_lazy_load_bootstrap.py::test_tc_07_bootstrap_mode_is_sticky[skill] PASSED [ 40%]
tests/test_feat_9588_lazy_load_bootstrap.py::test_tc_07_bootstrap_mode_is_sticky[pm] PASSED [ 40%]
tests/test_feat_9588_lazy_load_bootstrap.py::test_tc_07_bootstrap_mode_is_sticky[qa] PASSED [ 40%]
tests/test_feat_9588_lazy_load_bootstrap.py::test_tc_07_bootstrap_mode_is_sticky[dm] PASSED [ 40%]
tests/test_feat_9588_lazy_load_bootstrap.py::test_tc_08_loop_invocation_in_bootstrap_with_substituted_interval[skill] PASSED [ 40%]
tests/test_feat_9588_lazy_load_bootstrap.py::test_tc_08_loop_invocation_in_bootstrap_with_substituted_interval[pm] PASSED [ 40%]
tests/test_feat_9588_lazy_load_bootstrap.py::test_tc_08_loop_invocation_in_bootstrap_with_substituted_interval[qa] PASSED [ 40%]
tests/test_feat_9588_lazy_load_bootstrap.py::test_tc_08_loop_invocation_in_bootstrap_with_substituted_interval[dm] PASSED [ 40%]
tests/test_feat_9588_lazy_load_bootstrap.py::test_tc_08_polling_fragment_source_has_no_loop[skill-worker] PASSED [ 40%]
tests/test_feat_9588_lazy_load_bootstrap.py::test_tc_08_polling_fragment_source_has_no_loop[pm-pm] PASSED [ 40%]
tests/test_feat_9588_lazy_load_bootstrap.py::test_tc_08_polling_fragment_source_has_no_loop[qa-verifier] PASSED [ 40%]
tests/test_feat_9588_lazy_load_bootstrap.py::test_tc_08_polling_fragment_source_has_no_loop[dm-dm] PASSED [ 40%]
tests/test_feat_9588_lazy_load_bootstrap.py::test_tc_09_composed_size_within_locked_tolerance PASSED [ 40%]
tests/test_feat_9588_lazy_load_bootstrap.py::test_tc_10_regression_suite_green PASSED [ 40%]
tests/test_feat_9588_lazy_load_bootstrap.py::test_tc_11_changed_area_test_suites_green PASSED [ 40%]
tests/test_feat_9588_lazy_load_bootstrap.py::test_tc_12_bootstrap_teaches_runtime_substitution[skill] PASSED [ 40%]
tests/test_feat_9588_lazy_load_bootstrap.py::test_tc_12_bootstrap_teaches_runtime_substitution[pm] PASSED [ 40%]
tests/test_feat_9588_lazy_load_bootstrap.py::test_tc_12_bootstrap_teaches_runtime_substitution[qa] PASSED [ 40%]
tests/test_feat_9588_lazy_load_bootstrap.py::test_tc_12_bootstrap_teaches_runtime_substitution[dm] PASSED [ 40%]
tests/test_feat_9588_lazy_load_bootstrap.py::test_tc_13_manifest_no_runtime_read_entries[includes.yml-skill] PASSED [ 40%]
tests/test_feat_9588_lazy_load_bootstrap.py::test_tc_13_manifest_no_runtime_read_entries[includes.yml-pm] PASSED [ 40%]
tests/test_feat_9588_lazy_load_bootstrap.py::test_tc_13_manifest_no_runtime_read_entries[includes.yml-qa] PASSED [ 40%]
tests/test_feat_9588_lazy_load_bootstrap.py::test_tc_13_manifest_no_runtime_read_entries[includes.yml-dm] PASSED [ 40%]
tests/test_feat_9588_lazy_load_bootstrap.py::test_tc_13_manifest_no_runtime_read_entries[includes-events.yml-skill] SKIPPED [ 40%]
tests/test_feat_9588_lazy_load_bootstrap.py::test_tc_13_manifest_no_runtime_read_entries[includes-events.yml-pm] SKIPPED [ 40%]
tests/test_feat_9588_lazy_load_bootstrap.py::test_tc_13_manifest_no_runtime_read_entries[includes-events.yml-qa] SKIPPED [ 40%]
tests/test_feat_9588_lazy_load_bootstrap.py::test_tc_13_manifest_no_runtime_read_entries[includes-events.yml-dm] SKIPPED [ 40%]
tests/test_feat_9588_lazy_load_bootstrap.py::test_tc_14_compose_runtime_read_frozenset_present PASSED [ 40%]
tests/test_feat_9687_remote_branch_retry.py::TestVerifyRemoteBranchRetry::test_returns_true_when_branch_present_on_first_attempt PASSED [ 40%]
tests/test_feat_9687_remote_branch_retry.py::TestVerifyRemoteBranchRetry::test_retries_once_when_branch_missing_then_appears PASSED [ 40%]
tests/test_feat_9687_remote_branch_retry.py::TestVerifyRemoteBranchRetry::test_returns_false_when_branch_missing_on_both_attempts PASSED [ 40%]
tests/test_feat_9687_remote_branch_retry.py::TestVerifyRemoteBranchRetry::test_network_failure_on_first_attempt_returns_none PASSED [ 40%]
tests/test_feat_9687_remote_branch_retry.py::TestVerifyRemoteBranchRetry::test_network_failure_on_retry_returns_none PASSED [ 40%]
tests/test_feat_9687_remote_branch_retry.py::TestVerifyRemoteBranchRetry::test_default_sleep_is_time_sleep PASSED [ 40%]
tests/test_feat_9742_retry_ceiling.py::TestRetryCeiling::test_returns_none_after_max_consecutive_failures PASSED [ 40%]
tests/test_feat_9742_retry_ceiling.py::TestRetryCeiling::test_single_success_resets_counter PASSED [ 40%]
tests/test_feat_9742_retry_ceiling.py::TestRetryCeiling::test_default_unlimited_retries_preserved PASSED [ 40%]
tests/test_feat_9742_retry_ceiling.py::TestRetryCeiling::test_ceiling_value_constant PASSED [ 41%]
tests/test_feat_9742_retry_ceiling.py::TestRetryCeiling::test_ceiling_message_includes_failure_count PASSED [ 41%]
tests/test_feat_9742_retry_ceiling.py::TestRetryCeiling::test_non_retryable_error_returns_none_immediately PASSED [ 41%]
tests/test_feat_9742_retry_ceiling.py::TestMainWaitModePassesCeiling::test_wait_mode_passes_max_consecutive_failures PASSED [ 41%]
tests/test_feat_9742_retry_ceiling.py::TestMainWaitModePassesCeiling::test_single_shot_mode_does_not_pass_ceiling PASSED [ 41%]
tests/test_feat_9745_wake_mode_canonical.py::TestGetWakeMode::test_event_driven_when_harness_returns_200 PASSED [ 41%]
tests/test_feat_9745_wake_mode_canonical.py::TestGetWakeMode::test_polling_when_connection_refused PASSED [ 41%]
tests/test_feat_9745_wake_mode_canonical.py::TestGetWakeMode::test_polling_on_timeout PASSED [ 41%]
tests/test_feat_9745_wake_mode_canonical.py::TestGetWakeMode::test_polling_on_non_200 PASSED [ 41%]
tests/test_feat_9745_wake_mode_canonical.py::TestGetWakeMode::test_polling_on_oserror PASSED [ 41%]
tests/test_feat_9745_wake_mode_canonical.py::TestGetWakeMode::test_role_arg_is_ignored PASSED [ 41%]
tests/test_feat_9745_wake_mode_canonical.py::TestGetWakeMode::test_returns_literal_strings_only PASSED [ 41%]
tests/test_feat_9745_wake_mode_canonical.py::TestConfigIsIgnored::test_down_harness_polls_even_if_config_says_event PASSED [ 41%]
tests/test_feat_9745_wake_mode_canonical.py::TestConfigIsIgnored::test_up_harness_events_even_if_config_unset PASSED [ 41%]
tests/test_feat_9745_wake_mode_canonical.py::TestHarnessReachable::test_reachable_true_on_200 PASSED [ 41%]
tests/test_feat_9745_wake_mode_canonical.py::TestHarnessReachable::test_reachable_false_and_never_raises PASSED [ 41%]
tests/test_feat_9745_wake_mode_canonical.py::TestHarnessReachable::test_port_from_file PASSED [ 41%]
tests/test_feat_9745_wake_mode_canonical.py::TestHarnessReachable::test_port_default_when_file_missing PASSED [ 41%]
tests/test_feat_9745_wake_mode_canonical.py::TestHarnessReachable::test_port_default_when_file_garbage PASSED [ 41%]
tests/test_feat_9745_wake_mode_canonical.py::TestStatuslineDelegates::test_statusline_data_delegates PASSED [ 41%]
tests/test_feat_9772_ship_counter_self_heal.py::TestReconcileShipCounter::test_returns_none_when_no_regression PASSED [ 41%]
tests/test_feat_9772_ship_counter_self_heal.py::TestReconcileShipCounter::test_detects_and_restores_regression PASSED [ 41%]
tests/test_feat_9772_ship_counter_self_heal.py::TestReconcileShipCounter::test_dedupes_dm_and_qa_ships_of_same_issue PASSED [ 41%]
tests/test_feat_9772_ship_counter_self_heal.py::TestReconcileShipCounter::test_ignores_non_ship_commits PASSED [ 41%]
tests/test_feat_9772_ship_counter_self_heal.py::TestReconcileShipCounter::test_returns_none_when_no_tag PASSED [ 41%]
tests/test_feat_9772_ship_counter_self_heal.py::TestReconcileShipCounter::test_returns_none_when_git_log_fails PASSED [ 41%]
tests/test_feat_9772_ship_counter_self_heal.py::TestReconcileShipCounter::test_returns_none_when_config_unreadable PASSED [ 41%]
tests/test_feat_9772_ship_counter_self_heal.py::TestReconcileShipCounter::test_writes_correct_format_to_config PASSED [ 41%]
tests/test_feat_9772_ship_counter_self_heal.py::TestReconcileShipCounter::test_repair_emits_warning_to_stderr PASSED [ 41%]
tests/test_feat_9772_ship_counter_self_heal.py::TestRoleGating::test_helper_exists_and_is_callable PASSED [ 41%]
tests/test_feat_9772_ship_counter_self_heal.py::TestRoleGating::test_no_other_callsite_in_cycle_pre PASSED [ 41%]
tests/test_feat_9772_ship_counter_self_heal.py::TestRoleGating::test_callsite_is_role_dm_gated PASSED [ 41%]
tests/test_feat_9837_pending_ship_visibility.py::TestUniversalShipperStatuses::test_pending_ship_uses_state_all_in_gh_path PASSED [ 41%]
tests/test_feat_9837_pending_ship_visibility.py::TestUniversalShipperStatuses::test_pending_ship_drops_role_filter_in_gh_path PASSED [ 41%]
tests/test_feat_9837_pending_ship_visibility.py::TestUniversalShipperStatuses::test_shipped_uses_state_all_in_gh_path PASSED [ 41%]
tests/test_feat_9837_pending_ship_visibility.py::TestUniversalShipperStatuses::test_shipped_drops_role_filter_in_gh_path PASSED [ 41%]
tests/test_feat_9837_pending_ship_visibility.py::TestUniversalShipperStatuses::test_pending_ship_uses_state_all_in_adapter_path PASSED [ 41%]
tests/test_feat_9837_pending_ship_visibility.py::TestNonUniversalStatusesUnchanged::test_status_keeps_state_open_and_role_filter[approved] PASSED [ 41%]
tests/test_feat_9837_pending_ship_visibility.py::TestNonUniversalStatusesUnchanged::test_status_keeps_state_open_and_role_filter[in-progress] PASSED [ 41%]
tests/test_feat_9837_pending_ship_visibility.py::TestNonUniversalStatusesUnchanged::test_status_keeps_state_open_and_role_filter[pending-test] PASSED [ 41%]
tests/test_feat_9837_pending_ship_visibility.py::TestNonUniversalStatusesUnchanged::test_status_keeps_state_open_and_role_filter[planning] PASSED [ 41%]
tests/test_feat_9837_pending_ship_visibility.py::TestNonUniversalStatusesUnchanged::test_status_keeps_state_open_and_role_filter[planned] PASSED [ 41%]
tests/test_feat_9837_pending_ship_visibility.py::TestNonUniversalStatusesUnchanged::test_status_keeps_state_open_and_role_filter[open] PASSED [ 42%]
tests/test_feat_9837_pending_ship_visibility.py::TestNonUniversalStatusesUnchanged::test_status_keeps_state_open_and_role_filter[pending] PASSED [ 42%]
tests/test_feat_9837_pending_ship_visibility.py::TestNonUniversalStatusesUnchanged::test_no_status_filter_keeps_state_open_and_role_filter PASSED [ 42%]
tests/test_feat_9837_pending_ship_visibility.py::TestDmReproducer::test_dm_pending_ship_query_returns_role_skill_items PASSED [ 42%]
tests/test_forge_adapter.py::TestReadForgeConfig::test_defaults_to_github PASSED [ 42%]
tests/test_forge_adapter.py::TestReadForgeConfig::test_reads_forgejo_config PASSED [ 42%]
tests/test_forge_adapter.py::TestReadForgeConfig::test_missing_section_returns_defaults PASSED [ 42%]
tests/test_forge_adapter.py::TestGetAdapter::test_github_default PASSED  [ 42%]
tests/test_forge_adapter.py::TestGetAdapter::test_forgejo_provider PASSED [ 42%]
tests/test_forge_adapter.py::TestGetAdapter::test_forgejo_local_provider PASSED [ 42%]
tests/test_forge_adapter.py::TestGetAdapter::test_forgejo_remote_provider PASSED [ 42%]
tests/test_forge_adapter.py::TestGetAdapter::test_unknown_falls_back_to_github PASSED [ 42%]
tests/test_forge_adapter.py::TestGetAdapter::test_caches_adapter PASSED  [ 42%]
tests/test_forge_adapter.py::TestGetAdapter::test_reset_cache PASSED     [ 42%]
tests/test_forge_adapter.py::TestGitHubAdapter::test_list_issues PASSED  [ 42%]
tests/test_forge_adapter.py::TestGitHubAdapter::test_add_comment PASSED  [ 42%]
tests/test_forge_adapter.py::TestGitHubAdapter::test_check_connection PASSED [ 42%]
tests/test_forge_adapter.py::TestForgejoAdapter::test_repo_path PASSED   [ 42%]
tests/test_forge_adapter.py::TestForgejoAdapter::test_provider_is_forgejo PASSED [ 42%]
tests/test_forge_adapter.py::TestForgejoAdapterErrorHandling::test_http_401_returns_none PASSED [ 42%]
tests/test_forge_adapter.py::TestForgejoAdapterErrorHandling::test_http_404_returns_none PASSED [ 42%]
tests/test_forge_adapter.py::TestForgejoAdapterErrorHandling::test_http_500_returns_none PASSED [ 42%]
tests/test_forge_adapter.py::TestForgejoAdapterErrorHandling::test_connection_error_returns_none PASSED [ 42%]
tests/test_forge_adapter.py::TestForgejoAdapterErrorHandling::test_timeout_returns_none PASSED [ 42%]
tests/test_forge_adapter.py::TestForgejoAdapterErrorHandling::test_malformed_json_returns_none PASSED [ 42%]
tests/test_forge_adapter.py::TestForgejoAdapterErrorHandling::test_valid_response_parsed PASSED [ 42%]
tests/test_forge_adapter.py::TestForgejoAdapterErrorHandling::test_list_issues_empty_on_error PASSED [ 42%]
tests/test_forge_adapter.py::TestForgejoAdapterErrorHandling::test_http_204_returns_empty_dict PASSED [ 42%]
tests/test_forge_adapter.py::TestForgejoAdapterErrorHandling::test_empty_body_200_returns_empty_dict PASSED [ 42%]
tests/test_forge_adapter.py::TestBaseAdapter::test_edit_labels_calls_both PASSED [ 42%]
tests/test_forgejo_setup.py::TestCheckDocker::test_docker_not_found PASSED [ 42%]
tests/test_forgejo_setup.py::TestCheckDocker::test_docker_version_fails PASSED [ 42%]
tests/test_forgejo_setup.py::TestCheckDocker::test_docker_ready PASSED   [ 42%]
tests/test_forgejo_setup.py::TestCheckDocker::test_port_conflict PASSED  [ 42%]
tests/test_forgejo_setup.py::TestCheckDocker::test_our_container_running_skips_port_check PASSED [ 42%]
tests/test_forgejo_setup.py::TestStatus::test_forgejo_running PASSED     [ 42%]
tests/test_forgejo_setup.py::TestStatus::test_forgejo_not_running PASSED [ 42%]
tests/test_forgejo_setup.py::TestDefaultCompose::test_generates_valid_yaml PASSED [ 42%]
tests/test_forgejo_setup.py::TestComposeTemplateExists::test_template_exists PASSED [ 42%]
tests/test_forgejo_setup.py::TestDeploy::test_docker_check_fails PASSED  [ 42%]
tests/test_forgejo_setup.py::TestDeploy::test_template_exists_copies_it PASSED [ 42%]
tests/test_forgejo_setup.py::TestDeploy::test_template_missing_writes_default PASSED [ 42%]
tests/test_forgejo_setup.py::TestDeploy::test_compose_up_fails PASSED    [ 43%]
tests/test_forgejo_setup.py::TestDeploy::test_wait_timeout PASSED        [ 43%]
tests/test_forgejo_setup.py::TestDeploy::test_success_path PASSED        [ 43%]
tests/test_forgejo_setup.py::TestCreateRepo::test_success PASSED         [ 43%]
tests/test_forgejo_setup.py::TestCreateRepo::test_already_exists_with_query_success PASSED [ 43%]
tests/test_forgejo_setup.py::TestCreateRepo::test_already_exists_query_fails_uses_fallback_url PASSED [ 43%]
tests/test_forgejo_setup.py::TestCreateRepo::test_http_error_not_exists PASSED [ 43%]
tests/test_forgejo_setup.py::TestCreateRepo::test_general_exception PASSED [ 43%]
tests/test_forgejo_setup.py::TestTeardown::test_teardown_no_deployment PASSED [ 43%]
tests/test_forgejo_setup.py::TestTeardown::test_teardown_success PASSED  [ 43%]
tests/test_forgejo_setup.py::TestCreateTokenCredentialSafety::test_http_error_does_not_expose_credentials PASSED [ 43%]
tests/test_forgejo_setup.py::TestCreateTokenCredentialSafety::test_connection_error_does_not_expose_details PASSED [ 43%]
tests/test_git_ops.py::TestPull::test_clean_pull PASSED                  [ 43%]
tests/test_git_ops.py::TestPull::test_pull_stash_pop PASSED              [ 43%]
tests/test_git_ops.py::TestPull::test_pull_stash_pop_conflict PASSED     [ 43%]
tests/test_git_ops.py::TestPull::test_pull_stash_pop_conflict_drops_stash PASSED [ 43%]
tests/test_git_ops.py::TestAddAll::test_stages_all PASSED                [ 43%]
tests/test_git_ops.py::TestCommit::test_successful_commit PASSED         [ 43%]
tests/test_git_ops.py::TestCommit::test_nothing_to_commit PASSED         [ 43%]
tests/test_git_ops.py::TestCommit::test_commit_error PASSED              [ 43%]
tests/test_git_ops.py::TestPush::test_successful_push PASSED             [ 43%]
tests/test_git_ops.py::TestPush::test_push_failure PASSED                [ 43%]
tests/test_git_ops.py::TestPullEmitsRole::test_pull_emits_role PASSED    [ 43%]
tests/test_git_ops.py::TestPullEmitsRole::test_pull_without_role_backward_compat PASSED [ 43%]
tests/test_git_ops.py::TestPushEmitsRole::test_push_emits_role PASSED    [ 43%]
tests/test_git_ops.py::TestPushEmitsRole::test_push_without_role_backward_compat PASSED [ 43%]
tests/test_git_ops.py::TestCommitPush::test_full_workflow PASSED         [ 43%]
tests/test_git_ops.py::TestCommitPush::test_nothing_to_commit_skips_push PASSED [ 43%]
tests/test_git_ops.py::TestHasChanges::test_dirty_tree PASSED            [ 43%]
tests/test_git_ops.py::TestHasChanges::test_clean_tree PASSED            [ 43%]
tests/test_git_ops.py::TestLastHash::test_returns_hash PASSED            [ 43%]
tests/test_git_ops.py::TestBranching::test_branch_create PASSED          [ 43%]
tests/test_git_ops.py::TestBranching::test_branch_switch PASSED          [ 43%]
tests/test_git_ops.py::TestBranching::test_branch_create_failure PASSED  [ 43%]
tests/test_git_ops.py::TestBranching::test_branch_switch_failure PASSED  [ 43%]
tests/test_git_ops.py::TestPrCreate::test_successful_pr PASSED           [ 43%]
tests/test_git_ops.py::TestPrCreate::test_pr_failure PASSED              [ 43%]
tests/test_git_ops.py::TestPrMerge::test_successful_squash_merge PASSED  [ 43%]
tests/test_git_ops.py::TestPrMerge::test_merge_extracts_linked_issue_from_branch PASSED [ 43%]
tests/test_git_ops.py::TestPrMerge::test_already_merged PASSED           [ 43%]
tests/test_git_ops.py::TestPrMerge::test_closed_without_merge PASSED     [ 43%]
tests/test_git_ops.py::TestPrMerge::test_merge_conflict PASSED           [ 43%]
tests/test_git_ops.py::TestPrMerge::test_unexpected_failure PASSED       [ 44%]
tests/test_git_ops.py::TestPrMerge::test_custom_strategy PASSED          [ 44%]
tests/test_git_ops.py::TestPrMerge::test_state_check_fails_still_attempts_merge PASSED [ 44%]
tests/test_git_ops.py::TestPrMerge::test_forge_adapter_routing PASSED    [ 44%]
tests/test_git_ops.py::TestNoNonAsciiInPrintStatements::test_print_statements_are_ascii_safe PASSED [ 44%]
tests/test_git_ops.py::TestNoNonAsciiInPrintStatements::test_stdout_encoding_safety_net PASSED [ 44%]
tests/test_git_ops.py::TestGetAlias::test_fallback_to_role PASSED        [ 44%]
tests/test_git_ops.py::TestParseArgs::test_help_exits PASSED             [ 44%]
tests/test_git_ops.py::TestParseArgs::test_no_args_exits PASSED          [ 44%]
tests/test_git_ops.py::TestParseArgs::test_parses_command PASSED         [ 44%]
tests/test_git_ops.py::TestParseArgs::test_parses_command_with_args PASSED [ 44%]
tests/test_git_ops.py::TestIsStateFile::test_squidsquad_files PASSED     [ 44%]
tests/test_git_ops.py::TestIsStateFile::test_claude_files PASSED         [ 44%]
tests/test_git_ops.py::TestIsStateFile::test_code_files PASSED           [ 44%]
tests/test_git_ops.py::TestCommitCode::test_splits_code_from_state PASSED [ 44%]
tests/test_git_ops.py::TestCommitCode::test_reverts_config_md_before_commit PASSED [ 44%]
tests/test_git_ops.py::TestCommitCode::test_no_code_changes_returns_false PASSED [ 44%]
tests/test_git_ops.py::TestCommitCode::test_excludes_claude_state_files PASSED [ 44%]
tests/test_git_ops.py::TestCommitCode::test_no_changes_returns_false PASSED [ 44%]
tests/test_git_ops.py::TestCommitState::test_only_stages_squidsquad_files PASSED [ 44%]
tests/test_git_ops.py::TestCommitState::test_errors_if_not_on_main PASSED [ 44%]
tests/test_git_ops.py::TestCommitState::test_no_state_changes_returns_false PASSED [ 44%]
tests/test_git_ops.py::TestRoleOwnedPatterns::test_common_patterns_present_for_every_role PASSED [ 44%]
tests/test_git_ops.py::TestRoleOwnedPatterns::test_backlog_cache_not_in_allowlist PASSED [ 44%]
tests/test_git_ops.py::TestRoleOwnedPatterns::test_pm_extras PASSED      [ 44%]
tests/test_git_ops.py::TestRoleOwnedPatterns::test_dm_extras PASSED      [ 44%]
tests/test_git_ops.py::TestRoleOwnedPatterns::test_qa_has_no_extras_beyond_common PASSED [ 44%]
tests/test_git_ops.py::TestRoleOwnedPatterns::test_pm_does_not_pick_up_dm_extras PASSED [ 44%]
tests/test_git_ops.py::TestPathMatches::test_prefix_match PASSED         [ 44%]
tests/test_git_ops.py::TestPathMatches::test_exact_match PASSED          [ 44%]
tests/test_git_ops.py::TestPathMatches::test_no_match PASSED             [ 44%]
tests/test_git_ops.py::TestCommitRoleScoped::test_pm_stages_only_own_files_skips_foreign PASSED [ 44%]
tests/test_git_ops.py::TestCommitRoleScoped::test_skips_when_not_on_working_branch PASSED [ 44%]
tests/test_git_ops.py::TestCommitRoleScoped::test_dm_can_stage_readme_and_changelog PASSED [ 44%]
tests/test_git_ops.py::TestCommitRoleScoped::test_dm_stages_skill_md_and_config_md PASSED [ 44%]
tests/test_git_ops.py::TestCommitRoleScoped::test_qa_cannot_stage_config_md PASSED [ 44%]
tests/test_git_ops.py::TestCommitRoleScoped::test_returns_false_when_no_own_files PASSED [ 44%]
tests/test_git_ops.py::TestCommitRoleScoped::test_empty_status_returns_false PASSED [ 44%]
tests/test_git_ops.py::TestCommitRoleScoped::test_commit_failure_short_circuits_push PASSED [ 44%]
tests/test_git_ops.py::TestCommitRoleScoped::test_warning_truncates_long_foreign_list PASSED [ 44%]
tests/test_git_ops.py::TestBranchUtilities::test_branch_exists_local PASSED [ 44%]
tests/test_git_ops.py::TestBranchUtilities::test_branch_not_exists PASSED [ 44%]
tests/test_git_ops.py::TestBranchUtilities::test_branch_delete_success PASSED [ 45%]
tests/test_git_ops.py::TestBranchUtilities::test_current_branch PASSED   [ 45%]
tests/test_git_ops.py::TestGetWorkingBranch::test_reads_config_working_branch PASSED [ 45%]
tests/test_git_ops.py::TestGetWorkingBranch::test_falls_back_to_main_on_import_error PASSED [ 45%]
tests/test_git_ops.py::TestGetWorkingBranch::test_falls_back_to_main_on_empty_value PASSED [ 45%]
tests/test_git_ops.py::TestCommitCodePushFailure::test_returns_false_on_push_failure PASSED [ 45%]
tests/test_git_ops.py::TestCommitCodePushFailure::test_returns_true_on_push_success PASSED [ 45%]
tests/test_git_ops.py::TestCommitCodeUsesWorkingBranch::test_commit_code_switches_back_to_working_branch PASSED [ 45%]
tests/test_git_ops.py::TestCommitCodeUsesWorkingBranch::test_commit_code_error_path_uses_working_branch PASSED [ 45%]
tests/test_git_ops.py::TestCommitStateUsesWorkingBranch::test_commit_state_checks_working_branch PASSED [ 45%]
tests/test_git_ops.py::TestCommitStateUsesWorkingBranch::test_commit_state_succeeds_on_working_branch PASSED [ 45%]
tests/test_git_ops.py::TestSafeCheckout::test_stash_pop_on_failure_restores_original PASSED [ 45%]
tests/test_git_ops.py::TestSafeCheckout::test_stash_pop_on_success_applies_to_target PASSED [ 45%]
tests/test_git_ops.py::TestGitignoreVolatileFiles::test_gitignore_covers_volatile_files PASSED [ 45%]
tests/test_git_ops.py::TestGitignoreVolatileFiles::test_volatile_files_not_tracked PASSED [ 45%]
tests/test_git_ops.py::TestGitattributesMergeStrategies::test_gitattributes_exists PASSED [ 45%]
tests/test_git_ops.py::TestGitattributesMergeStrategies::test_union_merge_for_append_only PASSED [ 45%]
tests/test_git_ops.py::TestGitattributesMergeStrategies::test_ours_merge_for_overwrite_files PASSED [ 45%]
tests/test_git_ops.py::TestGitattributesMergeStrategies::test_vault_briefing_merge_ours PASSED [ 45%]
tests/test_git_ops.py::TestGitattributesMergeStrategies::test_vault_notes_merge_union PASSED [ 45%]
tests/test_git_ops.py::TestTaskBegin::test_checks_out_existing_local_branch PASSED [ 45%]
tests/test_git_ops.py::TestTaskBegin::test_creates_branch_when_missing PASSED [ 45%]
tests/test_git_ops.py::TestTaskBegin::test_checks_out_remote_branch PASSED [ 45%]
tests/test_git_ops.py::TestTaskBegin::test_fetches_before_remote_check PASSED [ 45%]
tests/test_git_ops.py::TestTaskBegin::test_uses_configured_branch_pattern PASSED [ 45%]
tests/test_git_ops.py::TestAutoResolveStateConflicts::test_no_unmerged_returns_empty PASSED [ 45%]
tests/test_git_ops.py::TestAutoResolveStateConflicts::test_state_file_resolved_with_theirs PASSED [ 45%]
tests/test_git_ops.py::TestAutoResolveStateConflicts::test_claude_state_file_resolved PASSED [ 45%]
tests/test_git_ops.py::TestAutoResolveStateConflicts::test_code_file_left_unresolved PASSED [ 45%]
tests/test_git_ops.py::TestAutoResolveStateConflicts::test_mixed_state_and_code PASSED [ 45%]
tests/test_git_ops.py::TestAutoResolveStateConflicts::test_deduplicates_multi_stage_entries PASSED [ 45%]
tests/test_git_ops.py::TestAutoResolveStateConflicts::test_checkout_failure_falls_to_unresolved PASSED [ 45%]
tests/test_git_ops.py::TestTaskBeginConflictHandling::test_auto_resolves_state_then_proceeds PASSED [ 45%]
tests/test_git_ops.py::TestTaskBeginConflictHandling::test_bails_when_code_conflict_present PASSED [ 45%]
tests/test_git_ops.py::TestGetBranchName::test_default_pattern PASSED    [ 45%]
tests/test_git_ops.py::TestGetBranchName::test_custom_pattern_with_role PASSED [ 45%]
tests/test_git_ops.py::TestGetBranchName::test_custom_pattern_number_only PASSED [ 45%]
tests/test_git_ops.py::TestGetBranchName::test_graceful_fallback_on_import_error PASSED [ 45%]
tests/test_git_ops.py::TestGetBranchName::test_graceful_fallback_on_system_exit PASSED [ 45%]
tests/test_git_ops.py::TestGhCredentialHelperAvailable::test_returns_true_when_gh_authenticated PASSED [ 45%]
tests/test_git_ops.py::TestGhCredentialHelperAvailable::test_returns_false_when_gh_unauthenticated PASSED [ 45%]
tests/test_git_ops.py::TestGhCredentialHelperAvailable::test_returns_false_when_gh_missing PASSED [ 46%]
tests/test_git_ops.py::TestGhCredentialHelperAvailable::test_returns_false_when_gh_hangs PASSED [ 46%]
tests/test_git_ops.py::TestGhCredentialHelperAvailable::test_caches_result PASSED [ 46%]
tests/test_git_ops.py::TestGitPush::test_prepends_credential_override_when_gh_available PASSED [ 46%]
tests/test_git_ops.py::TestGitPush::test_uses_plain_push_when_gh_unavailable PASSED [ 46%]
tests/test_git_ops.py::TestGitPush::test_passes_timeout_to_subprocess PASSED [ 46%]
tests/test_git_ops.py::TestGitPush::test_default_timeout_is_60 PASSED    [ 46%]
tests/test_git_ops.py::TestGitPush::test_timeout_returns_synthetic_failure PASSED [ 46%]
tests/test_git_ops.py::TestGitPush::test_empty_args_produces_bare_push PASSED [ 46%]
tests/test_git_ops.py::TestCheckRealConflict11511::test_clean_returns_true PASSED [ 46%]
tests/test_git_ops.py::TestCheckRealConflict11511::test_real_conflict_returns_false PASSED [ 46%]
tests/test_git_ops.py::TestCheckRealConflict11511::test_conflict_in_either_direction_is_conflict PASSED [ 46%]
tests/test_git_ops.py::TestCheckRealConflict11511::test_unresolvable_ref_returns_none PASSED [ 46%]
tests/test_git_ops.py::TestGuardStagedState11511::test_on_working_branch_is_noop PASSED [ 46%]
tests/test_git_ops.py::TestGuardStagedState11511::test_detached_head_is_noop PASSED [ 46%]
tests/test_git_ops.py::TestGuardStagedState11511::test_branch_lookup_is_fail_open PASSED [ 46%]
tests/test_git_ops.py::TestGuardStagedState11511::test_branch_lookup_failure_is_fail_open PASSED [ 46%]
tests/test_git_ops.py::TestGuardStagedState11511::test_feature_branch_unstages_state_files PASSED [ 46%]
tests/test_git_ops.py::TestGuardStagedState11511::test_feature_branch_code_only_is_noop PASSED [ 46%]
tests/test_git_ops.py::TestInstallHooks11511::test_missing_hook_returns_false PASSED [ 46%]
tests/test_git_ops.py::TestInstallHooks11511::test_sets_hookspath_when_unset PASSED [ 46%]
tests/test_git_ops.py::TestInstallHooks11511::test_idempotent_when_already_ours PASSED [ 46%]
tests/test_git_ops.py::TestInstallHooks11511::test_foreign_hookspath_not_clobbered PASSED [ 46%]
tests/test_git_ops.py::TestInstallHooks11511::test_returns_false_when_config_write_fails PASSED [ 46%]
tests/test_git_ops.py::TestInstallHooks11511::test_chmod_failure_returns_false_on_posix PASSED [ 46%]
tests/test_git_ops.py::TestInstallHooks11511::test_chmod_failure_benign_on_windows PASSED [ 46%]
tests/test_git_ops.py::TestHookShippedExecutable11511::test_hook_tracked_executable PASSED [ 46%]
tests/test_git_ops.py::TestEnsureHooksInstalled11511::test_installs_when_unset PASSED [ 46%]
tests/test_git_ops.py::TestEnsureHooksInstalled11511::test_noop_when_already_ours PASSED [ 46%]
tests/test_git_ops.py::TestEnsureHooksInstalled11511::test_silent_skip_on_foreign PASSED [ 46%]
tests/test_git_ops.py::TestEnsureHooksDispatch11511::test_install_hooks_cmd_skips_self_heal PASSED [ 46%]
tests/test_git_ops.py::TestEnsureHooksDispatch11511::test_guard_cmd_skips_self_heal PASSED [ 46%]
tests/test_git_ops.py::TestEnsureHooksDispatch11511::test_other_cmd_self_heals PASSED [ 46%]
tests/test_harness.py::TestAgentState::test_initial_state PASSED         [ 46%]
tests/test_harness.py::TestAgentState::test_to_dict PASSED               [ 46%]
tests/test_harness.py::TestHarnessState::test_all_agents_empty PASSED    [ 46%]
tests/test_harness.py::TestHarnessState::test_all_agents_returns_dicts PASSED [ 46%]
tests/test_harness.py::TestHarnessState::test_set_and_get_agent PASSED   [ 46%]
tests/test_harness.py::TestStatePersistence::test_load_missing_state_file PASSED [ 46%]
tests/test_harness.py::TestStatePersistence::test_save_and_load_state PASSED [ 46%]
tests/test_harness.py::TestStatePersistence::test_save_state_atomic_write PASSED [ 46%]
tests/test_harness.py::TestStatePersistence::test_save_state_holds_lock_during_write PASSED [ 46%]
tests/test_harness.py::TestIntentSetAt::test_ack_stop_confirmed_guarded_by_stopping_intent PASSED [ 47%]
tests/test_harness.py::TestIntentSetAt::test_initial_intent_set_at_is_none PASSED [ 47%]
tests/test_harness.py::TestIntentSetAt::test_load_state_distinguishes_explicit_null_from_absent_key PASSED [ 47%]
tests/test_harness.py::TestIntentSetAt::test_load_state_loads_present_intent_set_at_as_is PASSED [ 47%]
tests/test_harness.py::TestIntentSetAt::test_load_state_migrates_legacy_restarting_without_intent_set_at PASSED [ 47%]
tests/test_harness.py::TestIntentSetAt::test_load_state_migrates_legacy_stopping_without_intent_set_at PASSED [ 47%]
tests/test_harness.py::TestIntentSetAt::test_load_state_preserves_none_for_running_intent PASSED [ 47%]
tests/test_harness.py::TestIntentSetAt::test_load_state_round_trips_intent_set_at PASSED [ 47%]
tests/test_harness.py::TestIntentSetAt::test_restart_agent_endpoint_sets_intent_set_at PASSED [ 47%]
tests/test_harness.py::TestIntentSetAt::test_save_state_persists_intent_set_at PASSED [ 47%]
tests/test_harness.py::TestIntentSetAt::test_stop_agent_endpoint_sets_intent_set_at PASSED [ 47%]
tests/test_harness.py::TestIntentSetAt::test_to_dict_includes_intent_set_at PASSED [ 47%]
tests/test_harness.py::TestForceKillSafetyNet::test_dead_pid_does_not_force_kill PASSED [ 47%]
tests/test_harness.py::TestForceKillSafetyNet::test_force_kill_clears_intent_set_at PASSED [ 47%]
tests/test_harness.py::TestForceKillSafetyNet::test_force_kill_swallows_kill_exceptions PASSED [ 47%]
tests/test_harness.py::TestForceKillSafetyNet::test_no_intent_set_at_does_not_force_kill PASSED [ 47%]
tests/test_harness.py::TestForceKillSafetyNet::test_restarting_with_alive_pid_past_timeout_force_kills PASSED [ 47%]
tests/test_harness.py::TestForceKillSafetyNet::test_running_intent_never_force_kills PASSED [ 47%]
tests/test_harness.py::TestForceKillSafetyNet::test_stopping_with_alive_pid_past_timeout_force_kills PASSED [ 47%]
tests/test_harness.py::TestForceKillSafetyNet::test_stopping_within_timeout_does_not_force_kill PASSED [ 47%]
tests/test_harness.py::TestRestartLifecycle::test_new_pid_not_force_killed_even_past_timeout PASSED [ 47%]
tests/test_harness.py::TestRestartLifecycle::test_restarting_new_pid_resets_to_running PASSED [ 47%]
tests/test_harness.py::TestRestartLifecycle::test_restarting_same_pid_alive_does_not_reset_intent PASSED [ 47%]
tests/test_harness.py::TestRestartLifecycle::test_wedged_restarting_agent_force_killed_after_timeout PASSED [ 47%]
tests/test_harness.py::TestIntentSetAtRepeatRequestIsIdempotent::test_restart_agent_on_already_restarting_does_not_reset_timestamp PASSED [ 47%]
tests/test_harness.py::TestIntentSetAtRepeatRequestIsIdempotent::test_stop_agent_on_already_stopping_does_not_reset_timestamp PASSED [ 47%]
tests/test_harness.py::TestIntentSetAtRepeatRequestIsIdempotent::test_stop_agent_on_running_records_fresh_timestamp PASSED [ 47%]
tests/test_harness.py::TestIntentSetAtClearing::test_start_agent_clears_intent_set_at PASSED [ 47%]
tests/test_harness.py::TestIntentSetAtClearing::test_start_all_clears_intent_set_at PASSED [ 47%]
tests/test_harness.py::TestIntentSetAtClearing::test_update_health_clears_intent_set_at_on_manual_reboot PASSED [ 47%]
tests/test_harness.py::TestIntentSetAtClearing::test_update_health_clears_intent_set_at_on_restart_complete PASSED [ 47%]
tests/test_harness.py::TestIntentSetAtClearing::test_update_health_clears_intent_set_at_on_stop_fulfilled PASSED [ 47%]
tests/test_harness.py::TestStartAllPersistence::test_start_all_calls_save_state PASSED [ 47%]
tests/test_harness.py::TestStartAllPersistence::test_start_all_sets_intent_running PASSED [ 47%]
tests/test_harness.py::TestPortManagement::test_find_free_port_default_available PASSED [ 47%]
tests/test_harness.py::TestPortManagement::test_find_free_port_fallback PASSED [ 47%]
tests/test_harness.py::TestCLIPortDiscovery::test_read_port_invalid_content PASSED [ 47%]
tests/test_harness.py::TestCLIPortDiscovery::test_read_port_missing_file PASSED [ 47%]
tests/test_harness.py::TestCLIPortDiscovery::test_read_port_valid_file PASSED [ 47%]
tests/test_harness.py::TestConfigIntegration::test_harness_field_section PASSED [ 47%]
tests/test_harness.py::TestConfigIntegration::test_harness_fields_in_field_map PASSED [ 47%]
tests/test_harness.py::TestCodeVersionProbe::test_compute_code_version_clean_tree PASSED [ 47%]
tests/test_harness.py::TestCodeVersionProbe::test_compute_code_version_dirty_tree PASSED [ 48%]
tests/test_harness.py::TestCodeVersionProbe::test_compute_code_version_no_git PASSED [ 48%]
tests/test_harness.py::TestCodeVersionProbe::test_compute_code_version_success_shape PASSED [ 48%]
tests/test_harness.py::TestCodeVersionProbe::test_read_squidsquad_version_missing_config PASSED [ 48%]
tests/test_harness.py::TestStatusEndpointCodeVersion::test_root_endpoint_returns_slim_version PASSED [ 48%]
tests/test_harness.py::TestStatusEndpointCodeVersion::test_status_code_version_with_null_git PASSED [ 48%]
tests/test_harness.py::TestStatusEndpointCodeVersion::test_status_falls_back_when_state_code_version_none PASSED [ 48%]
tests/test_harness.py::TestStatusEndpointCodeVersion::test_status_includes_code_version PASSED [ 48%]
tests/test_harness.py::TestHarnessEndpoints::test_validate_role_accepts_configured PASSED [ 48%]
tests/test_harness.py::TestHarnessEndpoints::test_validate_role_rejects_unknown PASSED [ 48%]
tests/test_harness.py::TestCLIUsage::test_restart_requires_role PASSED   [ 48%]
tests/test_harness.py::TestCLIUsage::test_unknown_command PASSED         [ 48%]
tests/test_harness.py::TestCLIUsage::test_usage_on_no_args PASSED        [ 48%]
tests/test_harness.py::TestHarnessHealthPolling::test_update_health_detects_dead_agent PASSED [ 48%]
tests/test_harness.py::TestHarnessHealthPolling::test_update_health_detects_running_via_pid PASSED [ 48%]
tests/test_harness.py::TestEndpointsViaTestClient::test_agents_all_start_not_captured_by_role_param PASSED [ 48%]
tests/test_harness.py::TestEndpointsViaTestClient::test_events_lifecycle_omits_in_flight PASSED [ 48%]
tests/test_harness.py::TestEndpointsViaTestClient::test_get_agents PASSED [ 48%]
tests/test_harness.py::TestEndpointsViaTestClient::test_get_status PASSED [ 48%]
tests/test_harness.py::TestEndpointsViaTestClient::test_post_agent_restart PASSED [ 48%]
tests/test_harness.py::TestEndpointsViaTestClient::test_post_agent_restart_sets_intent PASSED [ 48%]
tests/test_harness.py::TestEndpointsViaTestClient::test_post_agent_start PASSED [ 48%]
tests/test_harness.py::TestEndpointsViaTestClient::test_post_agent_stop PASSED [ 48%]
tests/test_harness.py::TestEndpointsViaTestClient::test_post_agents_all_start PASSED [ 48%]
tests/test_harness.py::TestEndpointsViaTestClient::test_post_agents_all_stop_skips_stopping PASSED [ 48%]
tests/test_harness.py::TestEndpointsViaTestClient::test_post_events_assigns_id_when_missing PASSED [ 48%]
tests/test_harness.py::TestEndpointsViaTestClient::test_post_events_preserves_provided_id PASSED [ 48%]
tests/test_harness.py::TestEndpointsViaTestClient::test_post_events_unknown_role_response_contract PASSED [ 48%]
tests/test_harness.py::TestEndpointsViaTestClient::test_post_shutdown_returns_202 PASSED [ 48%]
tests/test_harness.py::TestEndpointsViaTestClient::test_restart_falls_back_to_queued_when_busy PASSED [ 48%]
tests/test_harness.py::TestEndpointsViaTestClient::test_restart_kill_failure_falls_back_to_queued PASSED [ 48%]
tests/test_harness.py::TestEndpointsViaTestClient::test_restart_kills_immediately_when_idle PASSED [ 48%]
tests/test_harness.py::TestEndpointsViaTestClient::test_restart_queued_when_idle_but_no_claude_pid PASSED [ 48%]
tests/test_harness.py::TestEndpointsViaTestClient::test_restart_queued_when_no_current_state_file PASSED [ 48%]
tests/test_harness.py::TestEndpointsViaTestClient::test_restart_still_sets_intent_on_immediate_path PASSED [ 48%]
tests/test_harness.py::TestEndpointsViaTestClient::test_unknown_role_returns_404 PASSED [ 48%]
tests/test_harness.py::TestIntentLifecycle::test_agent_state_has_intent PASSED [ 48%]
tests/test_harness.py::TestIntentLifecycle::test_all_intent_constants_defined PASSED [ 48%]
tests/test_harness.py::TestIntentLifecycle::test_auto_reboot_default_unchanged_when_flag_unset_10538 PASSED [ 48%]
tests/test_harness.py::TestIntentLifecycle::test_auto_reboot_on_unexpected_death PASSED [ 48%]
tests/test_harness.py::TestIntentLifecycle::test_intent_in_to_dict PASSED [ 48%]
tests/test_harness.py::TestIntentLifecycle::test_no_auto_reboot_when_flag_set_10538 PASSED [ 48%]
tests/test_harness.py::TestIntentLifecycle::test_no_reboot_when_intent_stopping PASSED [ 49%]
tests/test_harness.py::TestIntentLifecycle::test_reboot_on_restart_intent PASSED [ 49%]
tests/test_harness.py::TestIntentLifecycle::test_stopping_intent_transitions_to_stopped_on_death PASSED [ 49%]
tests/test_harness.py::TestManualRebootClearsStoppingIntent::test_alive_agent_with_stopped_intent_resets_to_running PASSED [ 49%]
tests/test_harness.py::TestManualRebootClearsStoppingIntent::test_alive_agent_with_stopping_intent_resets_to_running PASSED [ 49%]
tests/test_harness.py::TestManualRebootClearsStoppingIntent::test_same_pid_stopping_intent_not_cleared PASSED [ 49%]
tests/test_harness.py::TestEventLifecycleManager::test_load_ignores_legacy_dispatch_fields PASSED [ 49%]
tests/test_harness.py::TestEventLifecycleManager::test_load_is_idempotent PASSED [ 49%]
tests/test_harness.py::TestEventLifecycleManager::test_persist_and_load_round_trip PASSED [ 49%]
tests/test_harness.py::TestCursorState9873A::test_ac15_has_event_false_when_absent PASSED [ 49%]
tests/test_harness.py::TestCursorState9873A::test_ac15_has_event_true_when_present PASSED [ 49%]
tests/test_harness.py::TestCursorState9873A::test_ac17_regression_check_proceeds_when_prior_cursor_evicted PASSED [ 49%]
tests/test_harness.py::TestCursorState9873A::test_ac17_regression_check_skipped_when_no_prior_cursor PASSED [ 49%]
tests/test_harness.py::TestCursorState9873A::test_ac17_regression_rejected PASSED [ 49%]
tests/test_harness.py::TestCursorState9873A::test_ac18_old_ack_call_absent_from_ack_cursor_branch PASSED [ 49%]
tests/test_harness.py::TestCursorState9873A::test_ac19_has_event_called_inside_lock_9902 PASSED [ 49%]
tests/test_harness.py::TestCursorState9873A::test_ac19_lock_ordering_comment_present PASSED [ 49%]
tests/test_harness.py::TestCursorState9873A::test_ac1_cursors_dict_initialized_empty PASSED [ 49%]
tests/test_harness.py::TestCursorState9873A::test_ac1_load_missing_cursors_key_does_not_crash PASSED [ 49%]
tests/test_harness.py::TestCursorState9873A::test_ac2_cursors_persist_round_trip PASSED [ 49%]
tests/test_harness.py::TestCursorState9873A::test_ac7_valid_ack_advances_cursor PASSED [ 49%]
tests/test_harness.py::TestCursorState9873A::test_ac8_ac16_evicted_event_id_rejected PASSED [ 49%]
tests/test_harness.py::TestCursorState9873A::test_advance_cursor_noop_on_empty_args PASSED [ 49%]
tests/test_harness.py::TestCursorState9873A::test_find_positions_single_pass PASSED [ 49%]
tests/test_harness.py::TestCursorState9873A::test_get_cursor_returns_none_when_absent PASSED [ 49%]
tests/test_harness.py::TestCursorState9873A::test_target_evicted_during_regression_check_9902 PASSED [ 49%]
tests/test_harness.py::TestCursorEndpoint9873A::test_ac3_null_cursor_returns_200 PASSED [ 49%]
tests/test_harness.py::TestCursorEndpoint9873A::test_ac4_present_cursor_returns_value PASSED [ 49%]
tests/test_harness.py::TestCursorEndpoint9873A::test_unknown_role_returns_404 PASSED [ 49%]
tests/test_harness.py::TestAckEndpointPayloadGuard9902::test_ack_cursor_list_payload_returns_200_not_500 PASSED [ 49%]
tests/test_harness.py::TestAckEndpointPayloadGuard9902::test_ack_cursor_string_payload_returns_200_not_500 PASSED [ 49%]
tests/test_harness.py::TestAckEndpointPayloadGuard9902::test_ack_stop_null_payload_returns_200_not_500 PASSED [ 49%]
tests/test_harness.py::TestAckEndpointPayloadGuard9902::test_ack_stop_string_payload_returns_200_not_500 PASSED [ 49%]
tests/test_harness.py::TestTerminalPidInAgentState::test_terminal_pid_in_slots PASSED [ 49%]
tests/test_harness.py::TestTerminalPidInAgentState::test_terminal_pid_in_to_dict PASSED [ 49%]
tests/test_harness.py::TestTerminalPidInAgentState::test_terminal_pid_persisted_in_state PASSED [ 49%]
tests/test_harness.py::TestEventDrivenPhase4::test_config_event_driven_field PASSED [ 49%]
tests/test_harness.py::TestEventDrivenPhase4::test_config_scan_idle_timeout_field PASSED [ 49%]
tests/test_harness.py::TestEventDrivenPhase4::test_event_poll_legacy_mode_url PASSED [ 49%]
tests/test_harness.py::TestEventDrivenPhase4::test_event_poll_target_mode_url PASSED [ 49%]
tests/test_harness.py::TestEventDrivenPhase4::test_execute_comment_calls_tracker PASSED [ 49%]
tests/test_harness.py::TestEventDrivenPhase4::test_execute_comment_raises_on_incomplete PASSED [ 49%]
tests/test_harness.py::TestEventDrivenPhase4::test_execute_comment_rejects_null_bytes PASSED [ 50%]
tests/test_harness.py::TestEventDrivenPhase4::test_execute_comment_rejects_oversized_message PASSED [ 50%]
tests/test_harness.py::TestEventDrivenPhase4::test_execute_transition_calls_tracker PASSED [ 50%]
tests/test_harness.py::TestEventDrivenPhase4::test_execute_transition_raises_on_failure PASSED [ 50%]
tests/test_harness.py::TestGetEventsForRole::test_filters_by_target_alias PASSED [ 50%]
tests/test_harness.py::TestGetEventsForRole::test_since_cursor_filters_events PASSED [ 50%]
tests/test_harness.py::TestCompleteEventEndpoint::test_complete_returns_410_always PASSED [ 50%]
tests/test_harness.py::TestCompleteEventEndpoint::test_complete_returns_410_even_without_role PASSED [ 50%]
tests/test_harness.py::TestThinHarnessInvariants::test_handoff_dispatcher_instance_is_absent PASSED [ 50%]
tests/test_harness.py::TestThinHarnessInvariants::test_status_transition_does_not_call_subprocess PASSED [ 50%]
tests/test_harness.py::TestThinHarnessInvariants::test_tracker_handoff_dispatcher_class_is_absent PASSED [ 50%]
tests/test_harness.py::TestEmitEventRegression::test_emit_event_appends_to_stream_and_logs PASSED [ 50%]
tests/test_harness.py::TestEmitEventRegression::test_emit_event_runs_without_nameerror PASSED [ 50%]
tests/test_harness.py::TestEmitEventRegression::test_emit_event_source_uses_event_not_body PASSED [ 50%]
tests/test_harness.py::TestBootupCompleteFlag::test_bootup_complete_event_sets_flag PASSED [ 50%]
tests/test_harness.py::TestBootupCompleteFlag::test_default_bootup_complete_is_false PASSED [ 50%]
tests/test_harness.py::TestBootupCompleteFlag::test_events_for_role_flows_when_flag_true PASSED [ 50%]
tests/test_harness.py::TestBootupCompleteFlag::test_events_for_role_never_gated_when_flag_false PASSED [ 50%]
tests/test_harness.py::TestBootupCompleteFlag::test_no_agent_state_returns_normal_payload PASSED [ 50%]
tests/test_harness.py::TestBootupCompleteFlag::test_restart_clears_bootup_complete PASSED [ 50%]
tests/test_harness.py::TestBootupCompleteFlag::test_start_clears_bootup_complete PASSED [ 50%]
tests/test_harness.py::TestBootupCompleteFlag::test_to_dict_includes_bootup_complete PASSED [ 50%]
tests/test_harness.py::TestEventBusBootupComplete::test_emits_bootup_complete_event PASSED [ 50%]
tests/test_harness.py::TestEventBusBootupComplete::test_no_op_without_role PASSED [ 50%]
tests/test_harness.py::TestReviewFixes::test_external_detector_eviction_bounds_at_500 PASSED [ 50%]
tests/test_harness.py::TestReviewFixes::test_external_detector_mark_emitted_is_thread_safe PASSED [ 50%]
tests/test_harness.py::TestReviewFixes::test_load_state_defaults_bootup_complete_false_for_old_files PASSED [ 50%]
tests/test_harness.py::TestReviewFixes::test_load_state_restores_bootup_complete PASSED [ 50%]
tests/test_harness.py::TestReviewFixes::test_reboot_affected_agents_clears_bootup_complete PASSED [ 50%]
tests/test_harness.py::TestReviewFixes::test_save_state_persists_bootup_complete PASSED [ 50%]
tests/test_harness.py::TestHumanQueueEndpoint::test_dedups_across_both_pending_statuses PASSED [ 50%]
tests/test_harness.py::TestHumanQueueEndpoint::test_does_not_crash_on_gh_failure PASSED [ 50%]
tests/test_harness.py::TestHumanQueueEndpoint::test_does_not_crash_on_malformed_json PASSED [ 50%]
tests/test_harness.py::TestHumanQueueEndpoint::test_does_not_crash_on_unexpected_label_shape PASSED [ 50%]
tests/test_harness.py::TestHumanQueueEndpoint::test_empty_queue_returns_zero PASSED [ 50%]
tests/test_harness.py::TestHumanQueueEndpoint::test_returns_pending_human_review_items PASSED [ 50%]
tests/test_harness.py::TestHumanQueueEndpoint::test_sorts_by_priority_then_age PASSED [ 50%]
tests/test_harness.py::TestHumanQueueEndpoint::test_unknown_updated_at_sorts_last PASSED [ 50%]
tests/test_harness.py::TestHumanQueueEndpoint::test_uses_severity_when_priority_missing PASSED [ 50%]
tests/test_harness.py::TestCleanupLegacySentinels::test_all_four_role_directories_seeded PASSED [ 50%]
tests/test_harness.py::TestCleanupLegacySentinels::test_cleanup_runs_synchronously_before_start_poller PASSED [ 50%]
tests/test_harness.py::TestCleanupLegacySentinels::test_handles_multiple_roles PASSED [ 50%]
tests/test_harness.py::TestCleanupLegacySentinels::test_idempotent_second_pass_returns_zero PASSED [ 51%]
tests/test_harness.py::TestCleanupLegacySentinels::test_legacy_sentinel_names_locked PASSED [ 51%]
tests/test_harness.py::TestCleanupLegacySentinels::test_partial_removal_only_existing PASSED [ 51%]
tests/test_harness.py::TestCleanupLegacySentinels::test_removes_all_three_sentinels PASSED [ 51%]
tests/test_harness.py::TestCleanupLegacySentinels::test_tolerates_missing_files PASSED [ 51%]
tests/test_harness.py::TestCleanupLegacySentinels::test_tolerates_missing_role_directory PASSED [ 51%]
tests/test_harness.py::TestCleanupLegacySentinels::test_unlink_oserror_counted_not_raised PASSED [ 51%]
tests/test_harness.py::TestCloneResolutionRefusal::test_auto_reboot_loop_refuses_and_marks_error PASSED [ 51%]
tests/test_harness.py::TestCloneResolutionRefusal::test_restart_endpoint_refuses_before_mutating_intent PASSED [ 51%]
tests/test_harness.py::TestCloneResolutionRefusal::test_start_endpoint_refuses_and_marks_error PASSED [ 51%]
tests/test_harness_freshness_restart_e5.py::TestEscapeHatchFlag::test_module_level_flag_defaults_false PASSED [ 51%]
tests/test_harness_freshness_restart_e5.py::TestEscapeHatchFlag::test_argparse_registers_no_freshness_check PASSED [ 51%]
tests/test_harness_freshness_restart_e5.py::TestEscapeHatchFlag::test_argparse_reads_env_var PASSED [ 51%]
tests/test_harness_freshness_restart_e5.py::TestEscapeHatchFlag::test_argparse_or_env_drives_module_flag PASSED [ 51%]
tests/test_harness_freshness_restart_e5.py::TestEscapeHatchFlag::test_lifespan_skips_check_when_flag_set PASSED [ 51%]
tests/test_harness_freshness_restart_e5.py::TestEscapeHatchFlag::test_lifespan_logs_bypass PASSED [ 51%]
tests/test_harness_freshness_restart_e5.py::TestRestartStep1bOrdering::test_load_state_runs_before_freshness_check PASSED [ 51%]
tests/test_harness_freshness_restart_e5.py::TestRestartStep1bOrdering::test_freshness_check_runs_before_deferred_init_thread PASSED [ 51%]
tests/test_harness_freshness_restart_e5.py::TestRestartAbortContract::test_failed_status_sets_persistent_flag PASSED [ 51%]
tests/test_harness_freshness_restart_e5.py::TestEscapeHatchDoesNotBypassPersistedFailure::test_no_freshness_check_does_not_reset_failed_flag PASSED [ 51%]
tests/test_harness_freshness_restart_e5.py::TestPersistenceAcrossRestart::test_save_state_writes_failed_flag PASSED [ 51%]
tests/test_harness_freshness_restart_e5.py::TestPersistenceAcrossRestart::test_load_state_restores_failed_flag PASSED [ 51%]
tests/test_harness_freshness_restart_e5.py::TestPersistenceAcrossRestart::test_legacy_state_file_defaults_failed_flag_to_false PASSED [ 51%]
tests/test_harness_freshness_restart_e5.py::TestPersistenceAcrossRestart::test_lifespan_failed_branch_flushes_state PASSED [ 51%]
tests/test_harness_route_contract.py::test_every_harness_route_has_manifest_entry PASSED [ 51%]
tests/test_harness_route_contract.py::test_no_stale_manifest_entries PASSED [ 51%]
tests/test_harness_route_contract.py::test_each_route_has_at_least_one_python_caller[GET-/status-callers0] PASSED [ 51%]
tests/test_harness_route_contract.py::test_each_route_has_at_least_one_python_caller[GET-/agents/{role}-callers1] PASSED [ 51%]
tests/test_harness_route_contract.py::test_each_route_has_at_least_one_python_caller[POST-/agents/all/start-callers2] PASSED [ 51%]
tests/test_harness_route_contract.py::test_each_route_has_at_least_one_python_caller[POST-/agents/all/stop-callers3] PASSED [ 51%]
tests/test_harness_route_contract.py::test_each_route_has_at_least_one_python_caller[POST-/agents/{role}/start-callers4] PASSED [ 51%]
tests/test_harness_route_contract.py::test_each_route_has_at_least_one_python_caller[POST-/agents/{role}/stop-callers5] PASSED [ 51%]
tests/test_harness_route_contract.py::test_each_route_has_at_least_one_python_caller[POST-/agents/{role}/restart-callers6] PASSED [ 51%]
tests/test_harness_route_contract.py::test_each_route_has_at_least_one_python_caller[POST-/events-callers7] PASSED [ 51%]
tests/test_harness_route_contract.py::test_each_route_has_at_least_one_python_caller[GET-/events-callers8] PASSED [ 51%]
tests/test_harness_route_contract.py::test_each_route_has_at_least_one_python_caller[GET-/events/for/{role}-callers9] PASSED [ 51%]
tests/test_harness_route_contract.py::test_each_route_has_at_least_one_python_caller[POST-/shutdown-callers10] PASSED [ 51%]
tests/test_health_check.py::TestParseLocalConfig::test_parses_valid_entries PASSED [ 51%]
tests/test_health_check.py::TestParseLocalConfig::test_missing_file_exits PASSED [ 51%]
tests/test_health_check.py::TestParseLocalConfig::test_malformed_lines_skipped PASSED [ 51%]
tests/test_health_check.py::TestParseLocalConfigMandatory::test_valid_local_config_parses PASSED [ 51%]
tests/test_health_check.py::TestParseLocalConfigMandatory::test_missing_local_config_exits PASSED [ 51%]
tests/test_health_check.py::TestParseLocalConfigMandatory::test_empty_local_config_exits PASSED [ 52%]
tests/test_health_check.py::TestParseLocalConfigMandatory::test_no_global_clones_fallback PASSED [ 52%]
tests/test_health_check.py::TestReadInterval::test_reads_from_config PASSED [ 52%]
tests/test_health_check.py::TestReadInterval::test_missing_config_returns_default PASSED [ 52%]
tests/test_health_check.py::TestReadInterval::test_import_error_returns_default PASSED [ 52%]
tests/test_health_check.py::TestReadInterval::test_non_numeric_returns_default PASSED [ 52%]
tests/test_health_check.py::TestReadInterval::test_empty_string_returns_default PASSED [ 52%]
tests/test_health_check.py::TestReadInterval::test_system_exit_returns_default PASSED [ 52%]
tests/test_health_check.py::TestReadInterval::test_keyboard_interrupt_propagates PASSED [ 52%]
tests/test_health_check.py::TestParseCurrentState::test_valid_state PASSED [ 52%]
tests/test_health_check.py::TestParseCurrentState::test_empty_input PASSED [ 52%]
tests/test_health_check.py::TestParseCurrentState::test_none_input PASSED [ 52%]
tests/test_health_check.py::TestParseCurrentState::test_no_pipe PASSED   [ 52%]
tests/test_health_check.py::TestParseCurrentState::test_multiline_uses_first PASSED [ 52%]
tests/test_health_check.py::TestParseWorkingStateTask::test_active_task PASSED [ 52%]
tests/test_health_check.py::TestParseWorkingStateTask::test_no_task PASSED [ 52%]
tests/test_health_check.py::TestParseWorkingStateTask::test_empty_input PASSED [ 52%]
tests/test_health_check.py::TestParseWorkingStateTask::test_none_input PASSED [ 52%]
tests/test_health_check.py::TestReadClaudePidFile::test_read_claude_pid_exists PASSED [ 52%]
tests/test_health_check.py::TestReadClaudePidFile::test_read_claude_pid_missing PASSED [ 52%]
tests/test_health_check.py::TestReadClaudePidFile::test_read_claude_pid_invalid PASSED [ 52%]
tests/test_health_check.py::TestReadClaudePidFile::test_read_claude_pid_empty PASSED [ 52%]
tests/test_health_check.py::TestCheckAgentHealth::test_pid_alive_recent_state PASSED [ 52%]
tests/test_health_check.py::TestCheckAgentHealth::test_pid_alive_but_stale_state PASSED [ 52%]
tests/test_health_check.py::TestCheckAgentHealth::test_pid_alive_no_state_yet PASSED [ 52%]
tests/test_health_check.py::TestCheckAgentHealth::test_pid_dead PASSED   [ 52%]
tests/test_health_check.py::TestCheckAgentHealth::test_mtime_fallback_healthy PASSED [ 52%]
tests/test_health_check.py::TestCheckAgentHealth::test_mtime_fallback_stalled PASSED [ 52%]
tests/test_health_check.py::TestCheckAgentHealth::test_mtime_fallback_no_files PASSED [ 52%]
tests/test_health_check.py::TestCheckAgentHealth::test_missing_clone_path PASSED [ 52%]
tests/test_health_check.py::TestCheckAgentHealth::test_task_extracted_from_working_state PASSED [ 52%]
tests/test_health_check.py::TestCheckAgentHealth::test_injectable_now PASSED [ 52%]
tests/test_health_check.py::TestNoLegacyReads::test_no_dot_health_read PASSED [ 52%]
tests/test_health_check.py::TestNoLegacyReads::test_no_dot_stop_read PASSED [ 52%]
tests/test_health_check.py::TestNoLegacyReads::test_no_legacy_dot_pid_parser PASSED [ 52%]
tests/test_health_check.py::TestNoLegacyReads::test_docstring_mentions_offline_fallback PASSED [ 52%]
tests/test_installer_wiring.py::TestSkillMdSetupInstructions::test_setup_section_present PASSED [ 52%]
tests/test_installer_wiring.py::TestSkillMdSetupInstructions::test_setup_section_points_at_runbook PASSED [ 52%]
tests/test_installer_wiring.py::TestSkillMdSetupInstructions::test_setup_section_is_concise PASSED [ 52%]
tests/test_installer_wiring.py::TestSkillMdSetupInstructions::test_setup_section_no_legacy_inline_steps PASSED [ 52%]
tests/test_installer_wiring.py::TestSkillMdSetupInstructions::test_runbook_referenced_in_setup_exists PASSED [ 52%]
tests/test_installer_wiring.py::TestSkillMdSetupInstructions::test_dangling_step_4b_refs_fixed PASSED [ 52%]
tests/test_installer_wiring.py::TestCliIndexJs::test_cli_file_exists PASSED [ 53%]
tests/test_installer_wiring.py::TestCliIndexJs::test_fetches_file_manifest PASSED [ 53%]
tests/test_installer_wiring.py::TestCliIndexJs::test_manifest_driven_fetch_loop PASSED [ 53%]
tests/test_installer_wiring.py::TestCliIndexJs::test_fetchRawFile_has_path_validation_guard PASSED [ 53%]
tests/test_installer_wiring.py::TestCliIndexJs::test_writes_files_to_canonical_paths PASSED [ 53%]
tests/test_installer_wiring.py::TestCliIndexJs::test_commits_references_directory PASSED [ 53%]
tests/test_installer_wiring.py::TestCliIndexJs::test_slash_command_points_at_runbook_not_skill_md PASSED [ 53%]
tests/test_installer_wiring.py::TestCliIndexJs::test_slash_command_mentions_ephemeral_installer PASSED [ 53%]
tests/test_installer_wiring.py::TestCliIndexJs::test_slash_command_mentions_nothing_before_step_7 PASSED [ 53%]
tests/test_installer_wiring.py::TestCliIndexJs::test_cli_still_pre_checks_gh_python_claude PASSED [ 53%]
tests/test_installer_wiring.py::TestWizardRunbookExists::test_runbook_file_exists PASSED [ 53%]
tests/test_installer_wiring.py::TestWizardRunbookExists::test_runbook_is_non_trivial PASSED [ 53%]
tests/test_installer_wiring.py::TestInstallerFileManifest::test_manifest_exists PASSED [ 53%]
tests/test_installer_wiring.py::TestInstallerFileManifest::test_manifest_lists_critical_files PASSED [ 53%]
tests/test_installer_wiring.py::TestInstallerFileManifest::test_every_listed_file_exists_on_disk PASSED [ 53%]
tests/test_installer_wiring.py::TestInstallerFileManifest::test_no_duplicate_entries PASSED [ 53%]
tests/test_l1_your_cycle_indexing.py::test_your_cycle_h4s_are_indexed_contiguously_from_one PASSED [ 53%]
tests/test_l1_your_cycle_indexing.py::test_lifetime_diagram_section_labels_match_h4_titles PASSED [ 53%]
tests/test_l4_audit_gate_c3.py::test_happy_path_approve_returns_audit_result PASSED [ 53%]
tests/test_l4_audit_gate_c3.py::test_happy_path_writes_payload_json_as_input_file PASSED [ 53%]
tests/test_l4_audit_gate_c3.py::test_default_task_id_is_derived_from_role_and_op PASSED [ 53%]
tests/test_l4_audit_gate_c3.py::test_custom_task_id_honored PASSED       [ 53%]
tests/test_l4_audit_gate_c3.py::test_rejection_returns_reason_and_suggested_fields PASSED [ 53%]
tests/test_l4_audit_gate_c3.py::test_rejection_without_suggested_fields_is_legal PASSED [ 53%]
tests/test_l4_audit_gate_c3.py::test_decision_field_case_insensitive PASSED [ 53%]
tests/test_l4_audit_gate_c3.py::test_decision_field_invalid_value_raises PASSED [ 53%]
tests/test_l4_audit_gate_c3.py::test_decision_field_missing_raises PASSED [ 53%]
tests/test_l4_audit_gate_c3.py::test_router_timeout_raises_audit_timeout_error PASSED [ 53%]
tests/test_l4_audit_gate_c3.py::test_router_non_zero_exit_raises_router_error PASSED [ 53%]
tests/test_l4_audit_gate_c3.py::test_router_raises_exception_classified_as_router_error PASSED [ 53%]
tests/test_l4_audit_gate_c3.py::test_router_success_with_no_output_raises_output_missing PASSED [ 53%]
tests/test_l4_audit_gate_c3.py::test_audit_gate_error_subclasses_runtimeerror PASSED [ 53%]
tests/test_l4_audit_gate_c3.py::test_model_router_recognizes_l4_audit_task_type PASSED [ 53%]
tests/test_l4_audit_gate_c3.py::test_l4_audit_template_exists_at_canonical_path PASSED [ 53%]
tests/test_l4_audit_gate_c3.py::test_l4_audit_template_documents_reject_for_vault PASSED [ 53%]
tests/test_l4_audit_gate_c3.py::test_l4_audit_template_enumerates_all_five_op_types PASSED [ 53%]
tests/test_l4_compose_dryrun_c5.py::test_clean_l4_returns_passed_true PASSED [ 53%]
tests/test_l4_compose_dryrun_c5.py::test_clean_l4_runs_check_for_every_alias_of_role_class PASSED [ 53%]
tests/test_l4_compose_dryrun_c5.py::test_clean_l4_writes_staged_content_to_tempfile_under_repo_root PASSED [ 53%]
tests/test_l4_compose_dryrun_c5.py::test_validation_failure_returns_passed_false[R5-L4 op references non-existent step-id `ghost`] PASSED [ 53%]
tests/test_l4_compose_dryrun_c5.py::test_validation_failure_returns_passed_false[R1-L4 file contains `## Vault` H2] PASSED [ 53%]
tests/test_l4_compose_dryrun_c5.py::test_validation_failure_returns_passed_false[R6-whole-slot replace mixed with other ops] PASSED [ 53%]
tests/test_l4_compose_dryrun_c5.py::test_setup_error_classified_as_setup_rule_label PASSED [ 54%]
tests/test_l4_compose_dryrun_c5.py::test_unexpected_exception_classified_as_other PASSED [ 54%]
tests/test_l4_compose_dryrun_c5.py::test_one_alias_fails_another_passes_returns_failed PASSED [ 54%]
tests/test_l4_compose_dryrun_c5.py::test_multiple_alias_failures_all_recorded PASSED [ 54%]
tests/test_l4_compose_dryrun_c5.py::test_role_class_with_no_aliases_returns_setup_failure PASSED [ 54%]
tests/test_l4_compose_dryrun_c5.py::test_format_failure_for_human_passed_returns_empty_string PASSED [ 54%]
tests/test_l4_compose_dryrun_c5.py::test_format_failure_for_human_single_alias_matches_ac2_phrasing PASSED [ 54%]
tests/test_l4_compose_dryrun_c5.py::test_format_failure_for_human_multi_alias_enumerates_each PASSED [ 54%]
tests/test_l4_compose_dryrun_c5.py::test_dryrun_result_default_failures_is_independent_list PASSED [ 54%]
tests/test_l4_compose_dryrun_c5.py::test_dryrun_failure_has_all_three_fields PASSED [ 54%]
tests/test_l4_conflict_preempt_c8.py::TestReplaceOpShortCircuits::test_step_targeted_replace_skips_dispatch PASSED [ 54%]
tests/test_l4_conflict_preempt_c8.py::TestReplaceOpShortCircuits::test_whole_slot_replace_also_skips PASSED [ 54%]
tests/test_l4_conflict_preempt_c8.py::TestReplaceOpShortCircuits::test_skip_result_reason_explains_why PASSED [ 54%]
tests/test_l4_conflict_preempt_c8.py::TestReplaceOpShortCircuits::test_malformed_replace_does_not_short_circuit PASSED [ 54%]
tests/test_l4_conflict_preempt_c8.py::TestReplaceOpShortCircuits::test_step_targeted_replace_with_non_cycle_target_does_not_short_circuit PASSED [ 54%]
tests/test_l4_conflict_preempt_c8.py::TestCleanInsertPath::test_clean_decision_parses_and_advances_to_gate_1 PASSED [ 54%]
tests/test_l4_conflict_preempt_c8.py::TestCleanInsertPath::test_append_op_also_dispatches PASSED [ 54%]
tests/test_l4_conflict_preempt_c8.py::TestContradictionPath::test_contradiction_decision_surfaces_quotes PASSED [ 54%]
tests/test_l4_conflict_preempt_c8.py::TestContradictionPath::test_contradiction_with_reword_suggestion PASSED [ 54%]
tests/test_l4_conflict_preempt_c8.py::TestFormatContradictionForHuman::test_clean_result_renders_empty_string PASSED [ 54%]
tests/test_l4_conflict_preempt_c8.py::TestFormatContradictionForHuman::test_skip_result_renders_empty_string PASSED [ 54%]
tests/test_l4_conflict_preempt_c8.py::TestFormatContradictionForHuman::test_contradiction_renders_both_quotes PASSED [ 54%]
tests/test_l4_conflict_preempt_c8.py::TestFormatContradictionForHuman::test_quote_with_embedded_newline_renders_as_multi_line_blockquote PASSED [ 54%]
tests/test_l4_conflict_preempt_c8.py::TestFormatContradictionForHuman::test_missing_quotes_render_as_placeholder PASSED [ 54%]
tests/test_l4_conflict_preempt_c8.py::TestFormatContradictionForHuman::test_contradiction_with_reword_recommends_reword_first PASSED [ 54%]
tests/test_l4_conflict_preempt_c8.py::TestFailureModes::test_model_router_exception_raises_PreemptModelRouterError PASSED [ 54%]
tests/test_l4_conflict_preempt_c8.py::TestFailureModes::test_nonzero_exit_raises_PreemptModelRouterError PASSED [ 54%]
tests/test_l4_conflict_preempt_c8.py::TestFailureModes::test_exit_code_3_raises_PreemptTimeoutError PASSED [ 54%]
tests/test_l4_conflict_preempt_c8.py::TestFailureModes::test_missing_output_file_raises_PreemptOutputMissingError PASSED [ 54%]
tests/test_l4_conflict_preempt_c8.py::TestFailureModes::test_missing_decision_line_raises_PreemptParseError PASSED [ 54%]
tests/test_l4_conflict_preempt_c8.py::TestFailureModes::test_invalid_decision_value_raises_PreemptParseError PASSED [ 54%]
tests/test_l4_conflict_preempt_c8.py::TestFailureModes::test_exception_hierarchy PASSED [ 54%]
tests/test_l4_conflict_preempt_c8.py::TestDispatchPayload::test_payload_contains_linked_composite PASSED [ 54%]
tests/test_l4_conflict_preempt_c8.py::TestDispatchPayload::test_dispatch_input_lives_under_repo_root PASSED [ 54%]
tests/test_l4_conflict_preempt_c8.py::TestPreemptResultShape::test_default_optional_fields_are_empty_strings PASSED [ 54%]
tests/test_l4_conflict_preempt_c8.py::TestPreemptResultShape::test_proceeds_to_gate_1_property PASSED [ 54%]
tests/test_l4_file_watcher_e3.py::TestRoleClassFromPath::test_pm_md_classifies_as_pm PASSED [ 54%]
tests/test_l4_file_watcher_e3.py::TestRoleClassFromPath::test_subdirectory_file_ignored PASSED [ 54%]
tests/test_l4_file_watcher_e3.py::TestRoleClassFromPath::test_dotfile_temp_ignored PASSED [ 54%]
tests/test_l4_file_watcher_e3.py::TestRoleClassFromPath::test_non_md_extension_ignored PASSED [ 54%]
tests/test_l4_file_watcher_e3.py::TestRoleClassFromPath::test_path_outside_repo_ignored PASSED [ 54%]
tests/test_l4_file_watcher_e3.py::TestComputeAffectedAliases::test_filters_to_role_class PASSED [ 55%]
tests/test_l4_file_watcher_e3.py::TestComputeAffectedAliases::test_single_alias_role_class PASSED [ 55%]
tests/test_l4_file_watcher_e3.py::TestComputeAffectedAliases::test_unknown_role_class_returns_empty PASSED [ 55%]
tests/test_l4_file_watcher_e3.py::TestRecomposeForRoleClass::test_success_emits_restart_required PASSED [ 55%]
tests/test_l4_file_watcher_e3.py::TestRecomposeForRoleClass::test_failure_emits_compose_failed_not_restart PASSED [ 55%]
tests/test_l4_file_watcher_e3.py::TestRecomposeForRoleClass::test_failure_in_one_alias_does_not_halt_others PASSED [ 55%]
tests/test_l4_file_watcher_e3.py::TestRecomposeForRoleClass::test_runner_raise_is_treated_as_failure PASSED [ 55%]
tests/test_l4_file_watcher_e3.py::TestEmitResults::test_success_event_carries_target_alias_and_context PASSED [ 55%]
tests/test_l4_file_watcher_e3.py::TestEmitResults::test_failure_event_uses_compose_failed_context PASSED [ 55%]
tests/test_l4_file_watcher_e3.py::TestRecomposePath::test_pm_md_write_triggers_emit PASSED [ 55%]
tests/test_l4_file_watcher_e3.py::TestRecomposePath::test_unrelated_file_produces_no_compose_no_events PASSED [ 55%]
tests/test_l4_file_watcher_e3.py::TestDebounce::test_burst_coalesces_to_single_fire PASSED [ 55%]
tests/test_l4_file_watcher_e3.py::TestDebounce::test_distinct_keys_fire_independently PASSED [ 55%]
tests/test_l4_file_watcher_e3.py::TestDebounce::test_flush_cancels_pending_without_firing PASSED [ 55%]
tests/test_l4_file_watcher_e3.py::TestDebounce::test_stale_timer_after_reschedule_does_not_double_fire PASSED [ 55%]
tests/test_l4_file_watcher_e3.py::TestChangeCallback::test_registry_read_per_change_call PASSED [ 55%]
tests/test_l4_file_watcher_e3.py::TestChangeCallback::test_registry_failure_emits_pm_compose_failed PASSED [ 55%]
tests/test_l4_file_watcher_e3.py::TestHarnessSupervisor::test_first_tick_spawns_observer PASSED [ 55%]
tests/test_l4_file_watcher_e3.py::TestHarnessSupervisor::test_live_observer_is_no_op PASSED [ 55%]
tests/test_l4_file_watcher_e3.py::TestHarnessSupervisor::test_dead_observer_is_respawned PASSED [ 55%]
tests/test_l4_file_watcher_e3.py::TestHarnessSupervisor::test_start_failure_logs_and_retries_next_tick PASSED [ 55%]
tests/test_l4_file_watcher_e3.py::TestHarnessSupervisor::test_stale_debouncer_flushed_on_respawn PASSED [ 55%]
tests/test_l4_file_watcher_e3.py::TestHarnessLifespanWiring::test_lifespan_calls_start_and_stop PASSED [ 55%]
tests/test_l4_mini_cq_c4.py::test_format_confirmation_step_targeted_op PASSED [ 55%]
tests/test_l4_mini_cq_c4.py::test_format_confirmation_append_no_target PASSED [ 55%]
tests/test_l4_mini_cq_c4.py::test_format_confirmation_whole_slot_replace PASSED [ 55%]
tests/test_l4_mini_cq_c4.py::test_format_confirmation_with_target_string PASSED [ 55%]
tests/test_l4_mini_cq_c4.py::test_format_confirmation_strips_whitespace PASSED [ 55%]
tests/test_l4_mini_cq_c4.py::test_classify_reply_recognizes_approvals[yes] PASSED [ 55%]
tests/test_l4_mini_cq_c4.py::test_classify_reply_recognizes_approvals[Yes] PASSED [ 55%]
tests/test_l4_mini_cq_c4.py::test_classify_reply_recognizes_approvals[YES] PASSED [ 55%]
tests/test_l4_mini_cq_c4.py::test_classify_reply_recognizes_approvals[  yes  ] PASSED [ 55%]
tests/test_l4_mini_cq_c4.py::test_classify_reply_recognizes_approvals[yes!] PASSED [ 55%]
tests/test_l4_mini_cq_c4.py::test_classify_reply_recognizes_approvals[yes.] PASSED [ 55%]
tests/test_l4_mini_cq_c4.py::test_classify_reply_recognizes_approvals[y] PASSED [ 55%]
tests/test_l4_mini_cq_c4.py::test_classify_reply_recognizes_approvals[Y] PASSED [ 55%]
tests/test_l4_mini_cq_c4.py::test_classify_reply_recognizes_approvals[ok] PASSED [ 55%]
tests/test_l4_mini_cq_c4.py::test_classify_reply_recognizes_approvals[OK] PASSED [ 55%]
tests/test_l4_mini_cq_c4.py::test_classify_reply_recognizes_approvals[Ok] PASSED [ 55%]
tests/test_l4_mini_cq_c4.py::test_classify_reply_recognizes_approvals[ ok ] PASSED [ 55%]
tests/test_l4_mini_cq_c4.py::test_classify_reply_recognizes_approvals[ok.] PASSED [ 55%]
tests/test_l4_mini_cq_c4.py::test_classify_reply_recognizes_approvals[okay] PASSED [ 55%]
tests/test_l4_mini_cq_c4.py::test_classify_reply_recognizes_approvals[OKAY] PASSED [ 56%]
tests/test_l4_mini_cq_c4.py::test_classify_reply_recognizes_approvals[go] PASSED [ 56%]
tests/test_l4_mini_cq_c4.py::test_classify_reply_recognizes_approvals[GO] PASSED [ 56%]
tests/test_l4_mini_cq_c4.py::test_classify_reply_recognizes_approvals[go ahead] PASSED [ 56%]
tests/test_l4_mini_cq_c4.py::test_classify_reply_recognizes_approvals[do it] PASSED [ 56%]
tests/test_l4_mini_cq_c4.py::test_classify_reply_recognizes_approvals[do that] PASSED [ 56%]
tests/test_l4_mini_cq_c4.py::test_classify_reply_recognizes_approvals[confirm] PASSED [ 56%]
tests/test_l4_mini_cq_c4.py::test_classify_reply_recognizes_approvals[confirmed] PASSED [ 56%]
tests/test_l4_mini_cq_c4.py::test_classify_reply_recognizes_approvals[approve] PASSED [ 56%]
tests/test_l4_mini_cq_c4.py::test_classify_reply_recognizes_approvals[approved] PASSED [ 56%]
tests/test_l4_mini_cq_c4.py::test_classify_reply_recognizes_approvals[APPROVED] PASSED [ 56%]
tests/test_l4_mini_cq_c4.py::test_classify_reply_recognizes_approvals[sure] PASSED [ 56%]
tests/test_l4_mini_cq_c4.py::test_classify_reply_recognizes_approvals[yep] PASSED [ 56%]
tests/test_l4_mini_cq_c4.py::test_classify_reply_recognizes_approvals[yeah] PASSED [ 56%]
tests/test_l4_mini_cq_c4.py::test_classify_reply_recognizes_approvals[yup] PASSED [ 56%]
tests/test_l4_mini_cq_c4.py::test_classify_reply_recognizes_approvals[lgtm] PASSED [ 56%]
tests/test_l4_mini_cq_c4.py::test_classify_reply_recognizes_approvals[LGTM] PASSED [ 56%]
tests/test_l4_mini_cq_c4.py::test_classify_reply_recognizes_approvals[looks good] PASSED [ 56%]
tests/test_l4_mini_cq_c4.py::test_classify_reply_recognizes_approvals[looks good to me] PASSED [ 56%]
tests/test_l4_mini_cq_c4.py::test_classify_reply_recognizes_approvals[ship it] PASSED [ 56%]
tests/test_l4_mini_cq_c4.py::test_classify_reply_recognizes_multi_word_approvals[yes please] PASSED [ 56%]
tests/test_l4_mini_cq_c4.py::test_classify_reply_recognizes_multi_word_approvals[ok cool] PASSED [ 56%]
tests/test_l4_mini_cq_c4.py::test_classify_reply_recognizes_multi_word_approvals[go ahead now] PASSED [ 56%]
tests/test_l4_mini_cq_c4.py::test_classify_reply_recognizes_multi_word_approvals[sure thing] PASSED [ 56%]
tests/test_l4_mini_cq_c4.py::test_classify_reply_recognizes_multi_word_approvals[yes that's right] PASSED [ 56%]
tests/test_l4_mini_cq_c4.py::test_classify_reply_recognizes_multi_word_approvals[ok do it] PASSED [ 56%]
tests/test_l4_mini_cq_c4.py::test_classify_reply_recognizes_rejections[no] PASSED [ 56%]
tests/test_l4_mini_cq_c4.py::test_classify_reply_recognizes_rejections[No] PASSED [ 56%]
tests/test_l4_mini_cq_c4.py::test_classify_reply_recognizes_rejections[NO] PASSED [ 56%]
tests/test_l4_mini_cq_c4.py::test_classify_reply_recognizes_rejections[ no ] PASSED [ 56%]
tests/test_l4_mini_cq_c4.py::test_classify_reply_recognizes_rejections[nope] PASSED [ 56%]
tests/test_l4_mini_cq_c4.py::test_classify_reply_recognizes_rejections[nah] PASSED [ 56%]
tests/test_l4_mini_cq_c4.py::test_classify_reply_recognizes_rejections[cancel] PASSED [ 56%]
tests/test_l4_mini_cq_c4.py::test_classify_reply_recognizes_rejections[CANCEL] PASSED [ 56%]
tests/test_l4_mini_cq_c4.py::test_classify_reply_recognizes_rejections[abort] PASSED [ 56%]
tests/test_l4_mini_cq_c4.py::test_classify_reply_recognizes_rejections[stop] PASSED [ 56%]
tests/test_l4_mini_cq_c4.py::test_classify_reply_recognizes_rejections[never mind] PASSED [ 56%]
tests/test_l4_mini_cq_c4.py::test_classify_reply_recognizes_rejections[nevermind] PASSED [ 56%]
tests/test_l4_mini_cq_c4.py::test_classify_reply_recognizes_rejections[wait] PASSED [ 56%]
tests/test_l4_mini_cq_c4.py::test_classify_reply_recognizes_rejections[no thanks] PASSED [ 56%]
tests/test_l4_mini_cq_c4.py::test_classify_reply_recognizes_rejections[no don't] PASSED [ 56%]
tests/test_l4_mini_cq_c4.py::test_classify_reply_returns_ambiguous_for_unclear[] PASSED [ 56%]
tests/test_l4_mini_cq_c4.py::test_classify_reply_returns_ambiguous_for_unclear[   ] PASSED [ 57%]
tests/test_l4_mini_cq_c4.py::test_classify_reply_returns_ambiguous_for_unclear[what does that mean?] PASSED [ 57%]
tests/test_l4_mini_cq_c4.py::test_classify_reply_returns_ambiguous_for_unclear[can you explain the target?] PASSED [ 57%]
tests/test_l4_mini_cq_c4.py::test_classify_reply_returns_ambiguous_for_unclear[hmm] PASSED [ 57%]
tests/test_l4_mini_cq_c4.py::test_classify_reply_returns_ambiguous_for_unclear[maybe] PASSED [ 57%]
tests/test_l4_mini_cq_c4.py::test_classify_reply_returns_ambiguous_for_unclear[I'm not sure] PASSED [ 57%]
tests/test_l4_mini_cq_c4.py::test_classify_reply_returns_ambiguous_for_unclear[yes but actually no] PASSED [ 57%]
tests/test_l4_mini_cq_c4.py::test_classify_reply_returns_ambiguous_for_unclear[well it depends] PASSED [ 57%]
tests/test_l4_mini_cq_c4.py::test_classify_reply_returns_ambiguous_for_unclear[what about the other step?] PASSED [ 57%]
tests/test_l4_mini_cq_c4.py::test_classify_reply_returns_ambiguous_for_unclear[show me the diff first] PASSED [ 57%]
tests/test_l4_mini_cq_c4.py::test_classify_reply_returns_ambiguous_for_unclear[None] PASSED [ 57%]
tests/test_l4_mini_cq_c4.py::test_classify_reply_conservative_on_mixed_signals PASSED [ 57%]
tests/test_l4_mini_cq_c4.py::test_classify_reply_punctuation_tolerant PASSED [ 57%]
tests/test_l4_mini_cq_c4.py::test_classify_reply_approval_prefix_with_polite_suffix[do it now] PASSED [ 57%]
tests/test_l4_mini_cq_c4.py::test_classify_reply_approval_prefix_with_polite_suffix[ship it please] PASSED [ 57%]
tests/test_l4_mini_cq_c4.py::test_classify_reply_approval_prefix_with_polite_suffix[y please] PASSED [ 57%]
tests/test_l4_mini_cq_c4.py::test_classify_reply_approval_prefix_with_polite_suffix[yes please] PASSED [ 57%]
tests/test_l4_mini_cq_c4.py::test_classify_reply_approval_prefix_with_polite_suffix[ok thanks] PASSED [ 57%]
tests/test_l4_mini_cq_c4.py::test_classify_reply_approval_prefix_with_polite_suffix[go ahead now] PASSED [ 57%]
tests/test_l4_mini_cq_c4.py::test_classify_reply_approval_prefix_with_polite_suffix[go for it please] PASSED [ 57%]
tests/test_l4_mini_cq_c4.py::test_classify_reply_approval_prefix_with_polite_suffix[looks good to me thanks] PASSED [ 57%]
tests/test_l4_mini_cq_c4.py::test_classify_reply_approval_prefix_with_polite_suffix[lgtm please] PASSED [ 57%]
tests/test_l4_mini_cq_c4.py::test_classify_reply_approval_prefix_with_polite_suffix[approve please] PASSED [ 57%]
tests/test_l4_mini_cq_c4.py::test_classify_reply_approval_prefix_with_polite_suffix[ship now] PASSED [ 57%]
tests/test_l4_mini_cq_c4.py::test_classify_reply_approval_prefix_with_polite_suffix[do that please] PASSED [ 57%]
tests/test_l4_mini_cq_c4.py::test_classify_reply_approval_prefix_with_polite_suffix[sure thing please] PASSED [ 57%]
tests/test_l4_mini_cq_c4.py::test_classify_reply_approval_prefix_plus_negation_is_ambiguous[yes but no] PASSED [ 57%]
tests/test_l4_mini_cq_c4.py::test_classify_reply_approval_prefix_plus_negation_is_ambiguous[ok but actually stop] PASSED [ 57%]
tests/test_l4_mini_cq_c4.py::test_classify_reply_approval_prefix_plus_negation_is_ambiguous[do it but wait] PASSED [ 57%]
tests/test_l4_mini_cq_c4.py::test_classify_reply_approval_prefix_plus_negation_is_ambiguous[ship it but cancel] PASSED [ 57%]
tests/test_l4_mini_cq_c4.py::test_classify_reply_approval_prefix_plus_negation_is_ambiguous[go ahead but abort] PASSED [ 57%]
tests/test_l4_mini_cq_c4.py::test_classify_reply_non_approval_prefix_stays_ambiguous[maybe later] PASSED [ 57%]
tests/test_l4_mini_cq_c4.py::test_classify_reply_non_approval_prefix_stays_ambiguous[tomorrow please] PASSED [ 57%]
tests/test_l4_mini_cq_c4.py::test_classify_reply_non_approval_prefix_stays_ambiguous[let's see] PASSED [ 57%]
tests/test_l4_mini_cq_c4.py::test_classify_reply_non_approval_prefix_stays_ambiguous[show me first] PASSED [ 57%]
tests/test_l4_mini_cq_c4.py::test_classify_reply_dismissal_and_negation_after_approval_prefix_is_not_approve[go away] PASSED [ 57%]
tests/test_l4_mini_cq_c4.py::test_classify_reply_dismissal_and_negation_after_approval_prefix_is_not_approve[go back] PASSED [ 57%]
tests/test_l4_mini_cq_c4.py::test_classify_reply_dismissal_and_negation_after_approval_prefix_is_not_approve[y not] PASSED [ 57%]
tests/test_l4_mini_cq_c4.py::test_classify_reply_dismissal_and_negation_after_approval_prefix_is_not_approve[do it not] PASSED [ 57%]
tests/test_l4_mini_cq_c4.py::test_classify_reply_dismissal_and_negation_after_approval_prefix_is_not_approve[ok never] PASSED [ 57%]
tests/test_l4_mini_cq_c4.py::test_classify_reply_dismissal_and_negation_after_approval_prefix_is_not_approve[yes not really] PASSED [ 57%]
tests/test_l4_mini_cq_c4.py::test_classify_reply_dismissal_and_negation_after_approval_prefix_is_not_approve[sure never mind] PASSED [ 57%]
tests/test_l4_mini_cq_c4.py::test_classify_reply_returns_string_literals PASSED [ 58%]
tests/test_l4_mini_cq_c4.py::test_classify_reply_does_not_match_inside_longer_word PASSED [ 58%]
tests/test_l4_mini_cq_c4.py::test_format_confirmation_uses_em_dash_before_ok PASSED [ 58%]
tests/test_l4_op_header_strip_11139.py::test_no_op_type_headers_in_composed_claude_md[dm] PASSED [ 58%]
tests/test_l4_op_header_strip_11139.py::test_no_op_type_headers_in_composed_claude_md[pm] PASSED [ 58%]
tests/test_l4_op_header_strip_11139.py::test_no_op_type_headers_in_composed_claude_md[qa] PASSED [ 58%]
tests/test_l4_op_header_strip_11139.py::test_no_op_type_headers_in_composed_claude_md[skill] PASSED [ 58%]
tests/test_l4_op_header_strip_11139.py::test_no_op_type_headers_in_linked_intermediate[dm] PASSED [ 58%]
tests/test_l4_op_header_strip_11139.py::test_no_op_type_headers_in_linked_intermediate[pm] PASSED [ 58%]
tests/test_l4_op_header_strip_11139.py::test_no_op_type_headers_in_linked_intermediate[qa] PASSED [ 58%]
tests/test_l4_op_header_strip_11139.py::test_no_op_type_headers_in_linked_intermediate[skill] PASSED [ 58%]
tests/test_l4_op_header_strip_11139.py::test_l4_append_op_body_still_flows_into_composite PASSED [ 58%]
tests/test_l4_op_header_strip_11139.py::test_strip_helper_is_idempotent PASSED [ 58%]
tests/test_l4_op_header_strip_11139.py::test_strip_helper_removes_append_with_trailing_blank PASSED [ 58%]
tests/test_l4_op_header_strip_11139.py::test_strip_helper_removes_insert_after_step PASSED [ 58%]
tests/test_l4_op_header_strip_11139.py::test_strip_helper_preserves_non_op_h3_headings PASSED [ 58%]
tests/test_l4_op_processor.py::test_no_ops_returns_content_unchanged PASSED [ 58%]
tests/test_l4_op_processor.py::test_append_op_appends_to_end_of_slot PASSED [ 58%]
tests/test_l4_op_processor.py::test_append_to_empty_slot_uses_op_body_as_whole_content PASSED [ 58%]
tests/test_l4_op_processor.py::test_append_inserts_blank_line_paragraph_break PASSED [ 58%]
tests/test_l4_op_processor.py::test_whole_slot_replace_no_target_replaces_everything PASSED [ 58%]
tests/test_l4_op_processor.py::test_replace_step_substitutes_only_targeted_body PASSED [ 58%]
tests/test_l4_op_processor.py::test_replace_step_first_step_in_slot PASSED [ 58%]
tests/test_l4_op_processor.py::test_replace_step_last_step_in_slot PASSED [ 58%]
tests/test_l4_op_processor.py::test_insert_before_step_places_body_before_heading PASSED [ 58%]
tests/test_l4_op_processor.py::test_insert_before_first_step_keeps_step_after_inserted_body PASSED [ 58%]
tests/test_l4_op_processor.py::test_insert_after_step_places_body_before_next_step PASSED [ 58%]
tests/test_l4_op_processor.py::test_insert_after_last_step_appends_to_slot_end PASSED [ 58%]
tests/test_l4_op_processor.py::test_multiple_ops_apply_in_source_order PASSED [ 58%]
tests/test_l4_op_processor.py::test_two_replaces_on_same_step_later_wins PASSED [ 58%]
tests/test_l4_op_processor.py::test_insert_after_then_insert_after_stacks_in_source_order PASSED [ 58%]
tests/test_l4_op_processor.py::test_insert_before_then_replace_targets_post_insert_content PASSED [ 58%]
tests/test_l4_op_processor.py::test_whole_slot_replace_then_append_composes PASSED [ 58%]
tests/test_l4_op_processor.py::test_order_independence_for_disjoint_targets PASSED [ 58%]
tests/test_l4_op_processor.py::test_replace_step_missing_target_raises PASSED [ 58%]
tests/test_l4_op_processor.py::test_insert_before_missing_target_raises PASSED [ 58%]
tests/test_l4_op_processor.py::test_insert_after_missing_target_raises PASSED [ 58%]
tests/test_l4_op_processor.py::test_hyphenated_step_id_targetable PASSED [ 58%]
tests/test_l4_op_processor.py::test_single_step_slot_replace_keeps_heading PASSED [ 58%]
tests/test_l4_op_processor.py::test_step_id_with_underscores_targetable PASSED [ 58%]
tests/test_l4_op_processor.py::test_body_without_trailing_newline_is_normalized PASSED [ 58%]
tests/test_l4_op_processor.py::test_unknown_op_type_raises PASSED        [ 58%]
tests/test_l4_op_processor.py::test_step_heading_regex_matches_bare_form PASSED [ 59%]
tests/test_l4_op_processor.py::test_step_heading_regex_matches_step_n_prefix PASSED [ 59%]
tests/test_l4_op_processor.py::test_step_heading_regex_matches_numbered_list_prefix PASSED [ 59%]
tests/test_l4_op_processor.py::test_step_heading_regex_does_not_match_op_directives PASSED [ 59%]
tests/test_l4_op_processor.py::test_insert_after_anchors_to_indexed_heading PASSED [ 59%]
tests/test_l4_op_processor.py::test_step_heading_regex_accepts_two_level_index PASSED [ 59%]
tests/test_l4_op_processor.py::test_unprefixed_h4_substep_gets_numbered_under_parent PASSED [ 59%]
tests/test_l4_op_processor.py::test_multiple_substeps_under_same_parent_get_sequential_numbers PASSED [ 59%]
tests/test_l4_op_processor.py::test_substeps_under_different_parents_get_independent_numbering PASSED [ 59%]
tests/test_l4_op_processor.py::test_renumbering_is_idempotent_overwrites_existing_prefix PASSED [ 59%]
tests/test_l4_op_processor.py::test_renumbering_noop_when_no_l1_parent_headings_present PASSED [ 59%]
tests/test_l4_op_processor.py::test_hydrated_diagram_marker_replaced_with_mermaid_block PASSED [ 59%]
tests/test_l4_op_processor.py::test_hydrated_diagram_includes_substeps_with_dotted_labels PASSED [ 59%]
tests/test_l4_op_processor.py::test_hydrated_diagram_partitions_boot_phase_into_session_boot_subgraph PASSED [ 59%]
tests/test_l4_op_processor.py::test_hydrated_diagram_marker_absent_is_noop PASSED [ 59%]
tests/test_l4_op_processor.py::test_hydrated_diagram_marker_with_no_parents_leaves_marker PASSED [ 59%]
tests/test_l4_op_processor.py::test_renumbering_applies_after_l4_ops_so_inserted_substeps_are_indexed PASSED [ 59%]
tests/test_l4_parser.py::test_missing_file_returns_empty_document PASSED [ 59%]
tests/test_l4_parser.py::test_empty_file_returns_empty_document PASSED   [ 59%]
tests/test_l4_parser.py::test_each_legal_slot_recognized[## Identity-identity] PASSED [ 59%]
tests/test_l4_parser.py::test_each_legal_slot_recognized[## Responsibility-responsibility] PASSED [ 59%]
tests/test_l4_parser.py::test_each_legal_slot_recognized[## Soul-soul] PASSED [ 59%]
tests/test_l4_parser.py::test_each_legal_slot_recognized[## Agent Functions-instructions] PASSED [ 59%]
tests/test_l4_parser.py::test_each_legal_slot_recognized[## Project Context-project-context] PASSED [ 59%]
tests/test_l4_parser.py::test_each_legal_slot_recognized[## Vault-vault] PASSED [ 59%]
tests/test_l4_parser.py::test_unknown_slot_rejected_with_diagnostic PASSED [ 59%]
tests/test_l4_parser.py::test_slot_h2_with_closing_hashes_tolerated PASSED [ 59%]
tests/test_l4_parser.py::test_append_no_target PASSED                    [ 59%]
tests/test_l4_parser.py::test_whole_slot_replace_no_target PASSED        [ 59%]
tests/test_l4_parser.py::test_replace_step_targeted PASSED               [ 59%]
tests/test_l4_parser.py::test_insert_before_step_targeted PASSED         [ 59%]
tests/test_l4_parser.py::test_insert_after_step_targeted_with_hyphenated_id PASSED [ 59%]
tests/test_l4_parser.py::test_multiple_ops_in_one_slot_preserved_in_file_order PASSED [ 59%]
tests/test_l4_parser.py::test_ops_across_multiple_slots PASSED           [ 59%]
tests/test_l4_parser.py::test_malformed_h3_rejected[### replace step:cycle/] PASSED [ 59%]
tests/test_l4_parser.py::test_malformed_h3_rejected[### replace step:wrong/foo] PASSED [ 59%]
tests/test_l4_parser.py::test_malformed_h3_rejected[### insert-before] PASSED [ 59%]
tests/test_l4_parser.py::test_malformed_h3_rejected[### replace step:cycle/foo extra] PASSED [ 59%]
tests/test_l4_parser.py::test_non_op_like_h3_treated_as_prose[### Boot & Queue] PASSED [ 59%]
tests/test_l4_parser.py::test_non_op_like_h3_treated_as_prose[### insert-around step:cycle/foo] PASSED [ 59%]
tests/test_l4_parser.py::test_non_op_like_h3_treated_as_prose[### appendix] PASSED [ 59%]
tests/test_l4_parser.py::test_non_op_like_h3_treated_as_prose[### Zero-gap gate] PASSED [ 59%]
tests/test_l4_parser.py::test_h3_outside_any_slot_rejected PASSED        [ 60%]
tests/test_l4_parser.py::test_metadata_trailer_extracted_and_stripped PASSED [ 60%]
tests/test_l4_parser.py::test_metadata_optional_op_with_no_trailer PASSED [ 60%]
tests/test_l4_parser.py::test_metadata_only_terminal_comment_counts_as_trailer PASSED [ 60%]
tests/test_l4_parser.py::test_metadata_multiline_midbody_comment_not_treated_as_trailer PASSED [ 60%]
tests/test_l4_parser.py::test_metadata_trailer_is_the_entire_body PASSED [ 60%]
tests/test_l4_parser.py::test_metadata_unparseable_lines_ignored_per_trd_7_3 PASSED [ 60%]
tests/test_l4_parser.py::test_parse_l4_file_round_trip PASSED            [ 60%]
tests/test_l4_parser.py::test_l4op_metadata_default_factory_is_independent PASSED [ 60%]
tests/test_l4_parser.py::test_l4document_empty_factory_returns_isolated_slots PASSED [ 60%]
tests/test_l4_parser_10987_prose_h3.py::TestNonOpH3UnderNonInstructionsSlot::test_h3_under_soul_treated_as_prose_append PASSED [ 60%]
tests/test_l4_parser_10987_prose_h3.py::TestNonOpH3UnderNonInstructionsSlot::test_multiple_h3_subheadings_under_one_slot_share_one_append PASSED [ 60%]
tests/test_l4_parser_10987_prose_h3.py::TestNonOpH3UnderNonInstructionsSlot::test_empty_non_instructions_slot_emits_no_op PASSED [ 60%]
tests/test_l4_parser_10987_prose_h3.py::TestNonOpH3UnderInstructionsSlot::test_prose_h3_in_instructions_opens_implicit_append PASSED [ 60%]
tests/test_l4_parser_10987_prose_h3.py::TestNonOpH3UnderInstructionsSlot::test_explicit_op_still_parsed_as_op_in_instructions_slot PASSED [ 60%]
tests/test_l4_parser_10987_prose_h3.py::TestNonOpH3UnderInstructionsSlot::test_prose_h3_then_explicit_op_both_captured PASSED [ 60%]
tests/test_l4_parser_10987_prose_h3.py::TestNonOpH3UnderInstructionsSlot::test_explicit_op_then_prose_h3_both_captured PASSED [ 60%]
tests/test_l4_parser_10987_prose_h3.py::TestNonOpH3UnderInstructionsSlot::test_plain_prose_before_first_h3_in_instructions_not_lost PASSED [ 60%]
tests/test_l4_parser_10987_prose_h3.py::TestImplicitAppendExemptFromR4Validation::test_implicit_append_op_is_marked_implicit PASSED [ 60%]
tests/test_l4_parser_10987_prose_h3.py::TestImplicitAppendExemptFromR4Validation::test_explicit_append_op_is_not_marked_implicit PASSED [ 60%]
tests/test_l4_parser_10987_prose_h3.py::TestImplicitAppendExemptFromR4Validation::test_r4_skips_implicit_append_op PASSED [ 60%]
tests/test_l4_parser_10987_prose_h3.py::TestImplicitAppendExemptFromR4Validation::test_r4_still_rejects_explicit_append_without_sub_skill_ref PASSED [ 60%]
tests/test_l4_parser_10987_prose_h3.py::TestOpLikeH3StillStrict::test_op_like_malformed_still_rejected[instructions-### replace step:cycle/] PASSED [ 60%]
tests/test_l4_parser_10987_prose_h3.py::TestOpLikeH3StillStrict::test_op_like_malformed_still_rejected[instructions-### insert-before] PASSED [ 60%]
tests/test_l4_parser_10987_prose_h3.py::TestOpLikeH3StillStrict::test_op_like_malformed_still_rejected[instructions-### replace step:cycle/foo extra] PASSED [ 60%]
tests/test_l4_parser_10987_prose_h3.py::TestOpLikeH3StillStrict::test_op_like_malformed_still_rejected[instructions-### insert-after step:cycle/] PASSED [ 60%]
tests/test_l4_parser_10987_prose_h3.py::TestOpLikeH3StillStrict::test_op_like_malformed_still_rejected[soul-### replace step:cycle/] PASSED [ 60%]
tests/test_l4_parser_10987_prose_h3.py::TestOpLikeH3StillStrict::test_op_like_malformed_still_rejected[soul-### insert-before] PASSED [ 60%]
tests/test_l4_parser_10987_prose_h3.py::TestOpLikeH3StillStrict::test_op_like_malformed_still_rejected[soul-### replace step:cycle/foo extra] PASSED [ 60%]
tests/test_l4_parser_10987_prose_h3.py::TestOpLikeH3StillStrict::test_op_like_malformed_still_rejected[soul-### insert-after step:cycle/] PASSED [ 60%]
tests/test_l4_parser_10987_prose_h3.py::TestOpLikeH3StillStrict::test_op_like_malformed_still_rejected[identity-### replace step:cycle/] PASSED [ 60%]
tests/test_l4_parser_10987_prose_h3.py::TestOpLikeH3StillStrict::test_op_like_malformed_still_rejected[identity-### insert-before] PASSED [ 60%]
tests/test_l4_parser_10987_prose_h3.py::TestOpLikeH3StillStrict::test_op_like_malformed_still_rejected[identity-### replace step:cycle/foo extra] PASSED [ 60%]
tests/test_l4_parser_10987_prose_h3.py::TestOpLikeH3StillStrict::test_op_like_malformed_still_rejected[identity-### insert-after step:cycle/] PASSED [ 60%]
tests/test_l4_parser_10987_prose_h3.py::TestLiveProductionL4Files::test_live_l4_file_parses[pm] PASSED [ 60%]
tests/test_l4_parser_10987_prose_h3.py::TestLiveProductionL4Files::test_live_l4_file_parses[dm] PASSED [ 60%]
tests/test_l4_parser_10987_prose_h3.py::TestLiveProductionL4Files::test_live_l4_file_parses[verifier] PASSED [ 60%]
tests/test_l4_parser_10987_prose_h3.py::TestLiveProductionL4Files::test_live_l4_file_parses[worker] PASSED [ 60%]
tests/test_l4_removal_c9.py::TestIsRemovalRequest::test_detects_removal_phrasings[Undo the incidents-check thing.] PASSED [ 60%]
tests/test_l4_removal_c9.py::TestIsRemovalRequest::test_detects_removal_phrasings[drop the last L4 entry for worker] PASSED [ 60%]
tests/test_l4_removal_c9.py::TestIsRemovalRequest::test_detects_removal_phrasings[Forget the weekly security smoke rule \u2014 we have CI for that now.] PASSED [ 60%]
tests/test_l4_removal_c9.py::TestIsRemovalRequest::test_detects_removal_phrasings[Remove the pre-bug-filing scan.] PASSED [ 60%]
tests/test_l4_removal_c9.py::TestIsRemovalRequest::test_detects_removal_phrasings[We don't need the incidents check anymore.] PASSED [ 61%]
tests/test_l4_removal_c9.py::TestIsRemovalRequest::test_detects_removal_phrasings[No longer scan incidents before filing bugs.] PASSED [ 61%]
tests/test_l4_removal_c9.py::TestIsRemovalRequest::test_detects_removal_phrasings[Stop doing the weekly security smoke.] PASSED [ 61%]
tests/test_l4_removal_c9.py::TestIsRemovalRequest::test_detects_removal_phrasings[Please cancel the incidents check rule.] PASSED [ 61%]
tests/test_l4_removal_c9.py::TestIsRemovalRequest::test_detects_removal_phrasings[Revert the weekly security smoke directive.] PASSED [ 61%]
tests/test_l4_removal_c9.py::TestIsRemovalRequest::test_detects_removal_phrasings[Delete the pre-check rule.] PASSED [ 61%]
tests/test_l4_removal_c9.py::TestIsRemovalRequest::test_does_not_match_non_removal[From now on, before filing a bug, scan incidents/.] PASSED [ 61%]
tests/test_l4_removal_c9.py::TestIsRemovalRequest::test_does_not_match_non_removal[The worker should always notify on-call after filing bugs.] PASSED [ 61%]
tests/test_l4_removal_c9.py::TestIsRemovalRequest::test_does_not_match_non_removal[I would never forget the incidents-check rule \u2014 it's load-bearing.] PASSED [ 61%]
tests/test_l4_removal_c9.py::TestIsRemovalRequest::test_does_not_match_non_removal[When dropping a feature flag, also delete its config row.] PASSED [ 61%]
tests/test_l4_removal_c9.py::TestIsRemovalRequest::test_empty_and_none_safe PASSED [ 61%]
tests/test_l4_removal_c9.py::TestFindTargetEntryConfident::test_finds_step_targeted_op_by_body_overlap PASSED [ 61%]
tests/test_l4_removal_c9.py::TestFindTargetEntryConfident::test_finds_append_op_by_body_overlap PASSED [ 61%]
tests/test_l4_removal_c9.py::TestFindTargetEntryConfident::test_populates_authored_by_from_metadata_when_no_blame_fn PASSED [ 61%]
tests/test_l4_removal_c9.py::TestFindTargetEntryAmbiguous::test_returns_ambiguous_when_two_entries_tie PASSED [ 61%]
tests/test_l4_removal_c9.py::TestFindTargetEntryAmbiguous::test_returns_empty_when_no_overlap PASSED [ 61%]
tests/test_l4_removal_c9.py::TestBlameLookupSeam::test_blame_fn_populates_sha_and_authored_by PASSED [ 61%]
tests/test_l4_removal_c9.py::TestBlameLookupSeam::test_blame_fn_exception_does_not_crash PASSED [ 61%]
tests/test_l4_removal_c9.py::TestFormatTargetPreview::test_preview_shows_heading_body_and_authored_by PASSED [ 61%]
tests/test_l4_removal_c9.py::TestFormatTargetPreview::test_preview_truncates_long_body PASSED [ 61%]
tests/test_l4_removal_c9.py::TestFormatTargetPreview::test_preview_handles_none_entry PASSED [ 61%]
tests/test_l4_removal_c9.py::TestBuildCounterOp::test_step_targeted_replace_emits_counter_op_with_sentinel PASSED [ 61%]
tests/test_l4_removal_c9.py::TestBuildCounterOp::test_insert_before_step_has_no_counter_op PASSED [ 61%]
tests/test_l4_removal_c9.py::TestBuildCounterOp::test_append_under_identity_has_no_counter_op PASSED [ 61%]
tests/test_l4_removal_c9.py::TestBuildCounterOp::test_append_under_instructions_has_no_counter_op PASSED [ 61%]
tests/test_l4_removal_c9.py::TestCounterOpComposeIntegration::test_counter_op_restores_l1_l3_step_body PASSED [ 61%]
tests/test_l4_removal_c9.py::TestCounterOpComposeIntegration::test_lone_counter_op_with_no_prior_is_silently_dropped PASSED [ 61%]
tests/test_l4_removal_c9.py::TestCounterOpComposeIntegration::test_nonempty_body_replace_still_replaces PASSED [ 61%]
tests/test_l4_removal_c9.py::TestBuildInPlaceDelete::test_excises_first_h3_under_slot PASSED [ 61%]
tests/test_l4_removal_c9.py::TestBuildInPlaceDelete::test_excises_second_h3_under_slot PASSED [ 61%]
tests/test_l4_removal_c9.py::TestBuildInPlaceDelete::test_resulting_text_is_reparseable PASSED [ 61%]
tests/test_l4_removal_c9.py::TestPlanRemovalCounterOpPath::test_replace_step_directive_goes_to_counter_op_by_default PASSED [ 61%]
tests/test_l4_removal_c9.py::TestPlanRemovalCounterOpPath::test_counter_op_diagnostic_names_target PASSED [ 61%]
tests/test_l4_removal_c9.py::TestPlanRemovalCounterOpPath::test_insert_before_falls_back_to_no_counter_op PASSED [ 61%]
tests/test_l4_removal_c9.py::TestPlanRemovalInPlaceDeletePath::test_in_place_delete_when_explicitly_confirmed PASSED [ 61%]
tests/test_l4_removal_c9.py::TestPlanRemovalInPlaceDeletePath::test_in_place_delete_diagnostic_names_excised_entry PASSED [ 61%]
tests/test_l4_removal_c9.py::TestPlanRemovalNoCounterOpFallback::test_append_under_identity_falls_back_to_no_counter_op PASSED [ 61%]
tests/test_l4_removal_c9.py::TestPlanRemovalNoCounterOpFallback::test_append_under_identity_proceeds_when_confirmed PASSED [ 61%]
tests/test_l4_removal_c9.py::TestPlanRemovalBackoffs::test_not_a_removal_request_diagnoses_and_backs_off PASSED [ 61%]
tests/test_l4_removal_c9.py::TestPlanRemovalBackoffs::test_not_found_when_directive_does_not_match_any_entry PASSED [ 61%]
tests/test_l4_removal_c9.py::TestPlanRemovalBackoffs::test_ambiguous_when_multiple_entries_match PASSED [ 61%]
tests/test_l4_removal_c9.py::TestPlanRemovalBackoffs::test_unparseable_l4_returns_not_found_not_raises PASSED [ 61%]
tests/test_l4_removal_c9.py::TestRemovalPlanShape::test_default_plan_has_no_staged_content PASSED [ 62%]
tests/test_l4_removal_c9.py::TestRemovalPlanShape::test_path_choice_literal_round_trip PASSED [ 62%]
tests/test_l4_write_commit_c6.py::test_atomic_write_lands_l4_file_on_disk PASSED [ 62%]
tests/test_l4_write_commit_c6.py::test_no_tmp_file_left_behind_on_success PASSED [ 62%]
tests/test_l4_write_commit_c6.py::test_pre_existing_tmp_file_cleaned_before_write PASSED [ 62%]
tests/test_l4_write_commit_c6.py::test_commit_subject_step_targeted_op PASSED [ 62%]
tests/test_l4_write_commit_c6.py::test_commit_subject_append_no_target PASSED [ 62%]
tests/test_l4_write_commit_c6.py::test_commit_subject_whole_slot_replace PASSED [ 62%]
tests/test_l4_write_commit_c6.py::test_commit_runs_git_add_then_commit PASSED [ 62%]
tests/test_l4_write_commit_c6.py::test_commit_body_quotes_directive_verbatim PASSED [ 62%]
tests/test_l4_write_commit_c6.py::test_commit_body_preserves_multiline_directive PASSED [ 62%]
tests/test_l4_write_commit_c6.py::test_commit_body_preserves_directive_with_quote_prefix PASSED [ 62%]
tests/test_l4_write_commit_c6.py::test_commit_body_escalates_fence_when_directive_has_backticks PASSED [ 62%]
tests/test_l4_write_commit_c6.py::test_metadata_trailer_has_required_fields PASSED [ 62%]
tests/test_l4_write_commit_c6.py::test_metadata_trailer_collapses_directive_newlines_to_single_line PASSED [ 62%]
tests/test_l4_write_commit_c6.py::test_metadata_trailer_appended_after_staged_body PASSED [ 62%]
tests/test_l4_write_commit_c6.py::test_push_uses_plain_git_push_no_rebase_no_force PASSED [ 62%]
tests/test_l4_write_commit_c6.py::test_push_fail_reverts_local_commit PASSED [ 62%]
tests/test_l4_write_commit_c6.py::test_push_fail_resets_to_pre_commit_sha_not_head_tilde_1 PASSED [ 62%]
tests/test_l4_write_commit_c6.py::test_push_fail_falls_back_to_head_tilde_1_when_pre_sha_unknown PASSED [ 62%]
tests/test_l4_write_commit_c6.py::test_push_fail_surfaces_diagnostic PASSED [ 62%]
tests/test_l4_write_commit_c6.py::test_push_fail_does_not_retry PASSED   [ 62%]
tests/test_l4_write_commit_c6.py::test_atomic_write_crash_simulation_leaves_no_partial_file PASSED [ 62%]
tests/test_l4_write_commit_c6.py::test_commit_fail_returns_commit_failure_stage PASSED [ 62%]
tests/test_l4_write_commit_c6.py::test_write_result_ok_property PASSED   [ 62%]
tests/test_labels.py::TestLabelTaxonomy::test_type_labels_exist PASSED   [ 62%]
tests/test_labels.py::TestLabelTaxonomy::test_priority_labels_exist PASSED [ 62%]
tests/test_labels.py::TestLabelTaxonomy::test_status_labels_exist PASSED [ 62%]
tests/test_labels.py::TestLabelTaxonomy::test_role_labels_exist PASSED   [ 62%]
tests/test_labels.py::TestLabelTaxonomy::test_severity_labels_exist PASSED [ 62%]
tests/test_labels.py::TestLabelTaxonomy::test_special_labels_exist PASSED [ 62%]
tests/test_labels.py::TestLabelReferences::test_claude_md_label_references PASSED [ 62%]
tests/test_link_stage_validator.py::test_r1_l4_with_vault_h2_aborts PASSED [ 62%]
tests/test_link_stage_validator.py::test_r1_l4_without_vault_h2_passes PASSED [ 62%]
tests/test_link_stage_validator.py::test_r2_l2_source_with_vault_slot_aborts PASSED [ 62%]
tests/test_link_stage_validator.py::test_r2_l3_source_with_vault_slot_aborts PASSED [ 62%]
tests/test_link_stage_validator.py::test_r2_l1_source_with_vault_slot_passes PASSED [ 62%]
tests/test_link_stage_validator.py::test_r3_any_l1_l3_source_with_project_context_slot_aborts[L1] PASSED [ 62%]
tests/test_link_stage_validator.py::test_r3_any_l1_l3_source_with_project_context_slot_aborts[L2] PASSED [ 62%]
tests/test_link_stage_validator.py::test_r3_any_l1_l3_source_with_project_context_slot_aborts[L3] PASSED [ 62%]
tests/test_link_stage_validator.py::test_r3_l4_source_with_project_context_slot_does_not_trigger PASSED [ 62%]
tests/test_link_stage_validator.py::test_r4_instructions_append_without_sub_skill_ref_aborts PASSED [ 62%]
tests/test_link_stage_validator.py::test_r4_instructions_append_with_sub_skill_ref_passes PASSED [ 63%]
tests/test_link_stage_validator.py::test_r4_append_under_other_slot_does_not_require_sub_skill_ref PASSED [ 63%]
tests/test_link_stage_validator.py::test_r5_unknown_step_id_aborts_and_names_it PASSED [ 63%]
tests/test_link_stage_validator.py::test_r5_known_step_id_passes PASSED  [ 63%]
tests/test_link_stage_validator.py::test_r5_targetless_op_does_not_trigger PASSED [ 63%]
tests/test_link_stage_validator.py::test_r6_whole_slot_replace_with_another_op_in_same_slot_aborts PASSED [ 63%]
tests/test_link_stage_validator.py::test_r6_solo_whole_slot_replace_passes PASSED [ 63%]
tests/test_link_stage_validator.py::test_r6_scope_is_per_slot_not_per_file PASSED [ 63%]
tests/test_link_stage_validator.py::test_r7_duplicate_replace_target_aborts PASSED [ 63%]
tests/test_link_stage_validator.py::test_r7_disjoint_replace_targets_pass PASSED [ 63%]
tests/test_link_stage_validator.py::test_r7_replace_plus_insert_before_same_target_is_legal PASSED [ 63%]
tests/test_link_stage_validator.py::test_empty_l4_and_clean_sources_passes PASSED [ 63%]
tests/test_link_stage_validator.py::test_validation_runs_rules_in_declaration_order_r1_first PASSED [ 63%]
tests/test_link_stage_validator.py::test_validates_against_l4doc_parsed_from_text PASSED [ 63%]
tests/test_link_stage_validator.py::test_validates_l4_append_without_sub_skill_ref_via_parser PASSED [ 63%]
tests/test_manifest.py::TestManifestIntegrity::test_manifest_exists PASSED [ 63%]
tests/test_manifest.py::TestManifestIntegrity::test_role_entries_exist PASSED [ 63%]
tests/test_manifest.py::TestManifestIntegrity::test_include_targets_exist PASSED [ 63%]
tests/test_manifest.py::TestManifestIntegrity::test_no_orphan_sub_skills PASSED [ 63%]
tests/test_manifest.py::TestManifestIntegrity::test_legacy_souls_namespace_gone PASSED [ 63%]
tests/test_manifest.py::TestManifestIntegrity::test_roles_sub_skills_use_new_namespace PASSED [ 63%]
tests/test_manifest.py::TestIncludesYml::test_includes_yml_exists_per_role PASSED [ 63%]
tests/test_manifest.py::TestIncludesYml::test_includes_yml_valid_yaml PASSED [ 63%]
tests/test_manifest.py::TestIncludesYml::test_includes_yml_paths_exist PASSED [ 63%]
tests/test_manifest.py::TestIncludesYml::test_includes_yml_covers_template PASSED [ 63%]
tests/test_manifest_registry.py::TestValidRegistry::test_minimal_registry_validates PASSED [ 63%]
tests/test_manifest_registry.py::TestValidRegistry::test_resolve_pipeline PASSED [ 63%]
tests/test_manifest_registry.py::TestValidRegistry::test_resolve_unknown_preset_raises PASSED [ 63%]
tests/test_manifest_registry.py::TestValidRegistry::test_empty_registry_validates_cleanly PASSED [ 63%]
tests/test_manifest_registry.py::TestShippedRegistry::test_shipped_v2_registry_is_clean PASSED [ 63%]
tests/test_manifest_registry.py::TestShippedRegistry::test_shipped_pipelines_match_spec PASSED [ 63%]
tests/test_manifest_registry.py::TestRoleSchemaErrors::test_missing_schema_version PASSED [ 63%]
tests/test_manifest_registry.py::TestRoleSchemaErrors::test_unknown_schema_version PASSED [ 63%]
tests/test_manifest_registry.py::TestRoleSchemaErrors::test_id_mismatch_with_directory PASSED [ 63%]
tests/test_manifest_registry.py::TestRoleSchemaErrors::test_invalid_iteration_mode PASSED [ 63%]
tests/test_manifest_registry.py::TestRoleSchemaErrors::test_missing_required_field PASSED [ 63%]
tests/test_manifest_registry.py::TestRoleSchemaErrors::test_routes_to_must_be_list PASSED [ 63%]
tests/test_manifest_registry.py::TestRoleSchemaErrors::test_missing_soul_template_field PASSED [ 63%]
tests/test_manifest_registry.py::TestRoleSchemaErrors::test_missing_claude_template_field PASSED [ 63%]
tests/test_manifest_registry.py::TestRoleSchemaErrors::test_soul_template_file_not_found PASSED [ 63%]
tests/test_manifest_registry.py::TestRoleSchemaErrors::test_claude_template_file_not_found PASSED [ 63%]
tests/test_manifest_registry.py::TestRoleSchemaErrors::test_template_path_relative_to_role_dir PASSED [ 64%]
tests/test_manifest_registry.py::TestRoleSchemaErrors::test_setup_requirements_missing_subfields PASSED [ 64%]
tests/test_manifest_registry.py::TestCrossReferenceErrors::test_role_requires_unknown_tool PASSED [ 64%]
tests/test_manifest_registry.py::TestCrossReferenceErrors::test_role_routes_to_unknown_role PASSED [ 64%]
tests/test_manifest_registry.py::TestCrossReferenceErrors::test_preset_references_unknown_role PASSED [ 64%]
tests/test_manifest_registry.py::TestCrossReferenceErrors::test_preset_lists_always_installed_role PASSED [ 64%]
tests/test_manifest_registry.py::TestCrossReferenceErrors::test_tool_applicable_role_unknown PASSED [ 64%]
tests/test_manifest_registry.py::TestToolSchemaErrors::test_mcp_provider_without_mcp_name PASSED [ 64%]
tests/test_manifest_registry.py::TestToolSchemaErrors::test_invalid_category PASSED [ 64%]
tests/test_manifest_registry.py::TestToolSchemaErrors::test_missing_sub_skill_file PASSED [ 64%]
tests/test_manifest_registry.py::TestToolSchemaErrors::test_missing_setup_md PASSED [ 64%]
tests/test_manifest_registry.py::TestDomainOnlyLinter::test_description_rejects_internal_reference[config.md] PASSED [ 64%]
tests/test_manifest_registry.py::TestDomainOnlyLinter::test_description_rejects_internal_reference[.squidsquad] PASSED [ 64%]
tests/test_manifest_registry.py::TestDomainOnlyLinter::test_description_rejects_internal_reference[CLAUDE.md] PASSED [ 64%]
tests/test_manifest_registry.py::TestDomainOnlyLinter::test_description_rejects_internal_reference[SOUL.md] PASSED [ 64%]
tests/test_manifest_registry.py::TestDomainOnlyLinter::test_description_rejects_internal_reference[sub-skill] PASSED [ 64%]
tests/test_manifest_registry.py::TestDomainOnlyLinter::test_description_rejects_internal_reference[tracker.py] PASSED [ 64%]
tests/test_manifest_registry.py::TestDomainOnlyLinter::test_tagline_checked_too PASSED [ 64%]
tests/test_manifest_registry.py::TestDomainOnlyLinter::test_clean_fields_are_fine PASSED [ 64%]
tests/test_manifest_registry.py::TestYamlErrors::test_malformed_yaml_reported PASSED [ 64%]
tests/test_manifest_registry.py::TestYamlErrors::test_top_level_not_mapping PASSED [ 64%]
tests/test_manifest_registry.py::TestIssueFormatting::test_str_format_with_field PASSED [ 64%]
tests/test_manifest_registry.py::TestIssueFormatting::test_str_format_without_field PASSED [ 64%]
tests/test_manifest_registry.py::TestIssueFormatting::test_severity_default_is_error PASSED [ 64%]
tests/test_manifest_registry.py::TestLoadKindYamlImport::test_malformed_includes_yml_does_not_crash PASSED [ 64%]
tests/test_migrate_state_branch.py::TestIsStateFile::test_current_state_matches PASSED [ 64%]
tests/test_migrate_state_branch.py::TestIsStateFile::test_working_state_matches PASSED [ 64%]
tests/test_migrate_state_branch.py::TestIsStateFile::test_iterations_dir_matches PASSED [ 64%]
tests/test_migrate_state_branch.py::TestIsStateFile::test_health_file_matches PASSED [ 64%]
tests/test_migrate_state_branch.py::TestIsStateFile::test_pid_file_matches PASSED [ 64%]
tests/test_migrate_state_branch.py::TestIsStateFile::test_context_pressure_matches PASSED [ 64%]
tests/test_migrate_state_branch.py::TestIsStateFile::test_restart_log_matches PASSED [ 64%]
tests/test_migrate_state_branch.py::TestIsStateFile::test_scan_history_matches PASSED [ 64%]
tests/test_migrate_state_branch.py::TestIsStateFile::test_vault_dir_matches PASSED [ 64%]
tests/test_migrate_state_branch.py::TestIsStateFile::test_vault_subdirs_match PASSED [ 64%]
tests/test_migrate_state_branch.py::TestIsStateFile::test_config_does_not_match PASSED [ 64%]
tests/test_migrate_state_branch.py::TestIsStateFile::test_claude_md_does_not_match PASSED [ 64%]
tests/test_migrate_state_branch.py::TestIsStateFile::test_soul_md_does_not_match PASSED [ 64%]
tests/test_migrate_state_branch.py::TestIsStateFile::test_planning_does_not_match PASSED [ 64%]
tests/test_migrate_state_branch.py::TestIsStateFile::test_local_config_does_not_match PASSED [ 64%]
tests/test_migrate_state_branch.py::TestIsStateFile::test_backslash_normalized PASSED [ 64%]
tests/test_migrate_state_branch.py::TestIsStateFile::test_empty_string_does_not_match PASSED [ 64%]
tests/test_migrate_state_branch.py::TestIsStateFile::test_random_file_does_not_match PASSED [ 65%]
tests/test_migrate_state_branch.py::TestFindStateFiles::test_returns_empty_when_no_squidsquad_dir PASSED [ 65%]
tests/test_migrate_state_branch.py::TestFindStateFiles::test_finds_state_files PASSED [ 65%]
tests/test_migrate_state_branch.py::TestFindStateFiles::test_results_are_sorted PASSED [ 65%]
tests/test_migrate_state_branch.py::TestMigrate::test_dry_run_returns_zero_no_side_effects PASSED [ 65%]
tests/test_migrate_state_branch.py::TestMigrate::test_no_files_returns_zero PASSED [ 65%]
tests/test_migrate_state_branch.py::TestMigrate::test_empty_migration_skips_commit PASSED [ 65%]
tests/test_migrate_state_branch.py::TestMain::test_help_flag_returns_zero PASSED [ 65%]
tests/test_migrate_state_branch.py::TestMain::test_dry_run_flag_parsed PASSED [ 65%]
tests/test_migrate_state_branch.py::TestMain::test_exception_returns_one PASSED [ 65%]
tests/test_migrate_state_branch.py::TestMigratePushFailure9939::test_returns_one_when_push_fails PASSED [ 65%]
tests/test_migrate_state_branch.py::TestMigratePushFailure9939::test_returns_zero_when_push_succeeds PASSED [ 65%]
tests/test_migrate_state_branch.py::TestMigratePushFailure9939::test_diagnostic_warns_against_deleting_originals PASSED [ 65%]
tests/test_model_router.py::TestParseModelRouting::test_parses_model_routing_section PASSED [ 65%]
tests/test_model_router.py::TestParseModelRouting::test_missing_section_returns_empty PASSED [ 65%]
tests/test_model_router.py::TestParseModelRouting::test_none_config_returns_empty PASSED [ 65%]
tests/test_model_router.py::TestGetModelForTask::test_claude_locked_comprehension PASSED [ 65%]
tests/test_model_router.py::TestGetModelForTask::test_claude_locked_qa_execution PASSED [ 65%]
tests/test_model_router.py::TestGetModelForTask::test_research_reads_config PASSED [ 65%]
tests/test_model_router.py::TestGetModelForTask::test_defaults_to_default_model PASSED [ 65%]
tests/test_model_router.py::TestGetModelForTask::test_missing_config_defaults_claude PASSED [ 65%]
tests/test_model_router.py::TestGetTimeout::test_reads_timeout PASSED    [ 65%]
tests/test_model_router.py::TestGetTimeout::test_default_timeout PASSED  [ 65%]
tests/test_model_router.py::TestPathSandbox::test_repo_path_allowed PASSED [ 65%]
tests/test_model_router.py::TestPathSandbox::test_parent_dir_blocked PASSED [ 65%]
tests/test_model_router.py::TestPathSandbox::test_relative_escape_blocked PASSED [ 65%]
tests/test_model_router.py::TestPathSandbox::test_prefix_collision_blocked PASSED [ 65%]
tests/test_model_router.py::TestPathSandbox::test_case_mismatch_still_resolves PASSED [ 65%]
tests/test_model_router.py::TestSensitiveFiles::test_env_blocked PASSED  [ 65%]
tests/test_model_router.py::TestSensitiveFiles::test_env_local_blocked PASSED [ 65%]
tests/test_model_router.py::TestSensitiveFiles::test_key_file_blocked PASSED [ 65%]
tests/test_model_router.py::TestSensitiveFiles::test_pem_file_blocked PASSED [ 65%]
tests/test_model_router.py::TestSensitiveFiles::test_git_config_blocked PASSED [ 65%]
tests/test_model_router.py::TestSensitiveFiles::test_normal_file_allowed PASSED [ 65%]
tests/test_model_router.py::TestSensitiveFiles::test_python_file_allowed PASSED [ 65%]
tests/test_model_router.py::TestToolWhitelist::test_read_whitelisted PASSED [ 65%]
tests/test_model_router.py::TestToolWhitelist::test_grep_whitelisted PASSED [ 65%]
tests/test_model_router.py::TestToolWhitelist::test_glob_whitelisted PASSED [ 65%]
tests/test_model_router.py::TestToolWhitelist::test_bash_not_available PASSED [ 65%]
tests/test_model_router.py::TestToolWhitelist::test_write_not_available PASSED [ 65%]
tests/test_model_router.py::TestToolRead::test_reads_existing_file PASSED [ 65%]
tests/test_model_router.py::TestToolRead::test_rejects_path_outside_sandbox PASSED [ 65%]
tests/test_model_router.py::TestToolRead::test_rejects_sensitive_file PASSED [ 66%]
tests/test_model_router.py::TestToolRead::test_nonexistent_file PASSED   [ 66%]
tests/test_model_router.py::TestToolRead::test_large_file_bounded_read PASSED [ 66%]
tests/test_model_router.py::TestToolRead::test_normal_file_full_read PASSED [ 66%]
tests/test_model_router.py::TestToolGlob::test_finds_python_files PASSED [ 66%]
tests/test_model_router.py::TestToolGlob::test_rejects_path_outside_sandbox PASSED [ 66%]
tests/test_model_router.py::TestPromptAssembly::test_loads_research_template PASSED [ 66%]
tests/test_model_router.py::TestPromptAssembly::test_loads_discussion_prep_template PASSED [ 66%]
tests/test_model_router.py::TestPromptAssembly::test_loads_test_plan_template PASSED [ 66%]
tests/test_model_router.py::TestPromptAssembly::test_loads_improvement_scan_template PASSED [ 66%]
tests/test_model_router.py::TestPromptAssembly::test_unknown_task_returns_none PASSED [ 66%]
tests/test_model_router.py::TestPromptAssembly::test_loads_l4_audit_template PASSED [ 66%]
tests/test_model_router.py::TestPromptAssembly::test_loads_l4_conflict_preempt_template PASSED [ 66%]
tests/test_model_router.py::TestPromptAssembly::test_assemble_substitutes_variables PASSED [ 66%]
tests/test_model_router.py::TestReadInputFilesSecurity::test_skips_sensitive_file PASSED [ 66%]
tests/test_model_router.py::TestReadInputFilesSecurity::test_skips_path_outside_sandbox PASSED [ 66%]
tests/test_model_router.py::TestReadInputFilesSecurity::test_truncates_large_file PASSED [ 66%]
tests/test_model_router.py::TestReadInputFilesSecurity::test_reads_normal_file PASSED [ 66%]
tests/test_model_router.py::TestReadInputFilesSecurity::test_multiple_files_mixed PASSED [ 66%]
tests/test_model_router.py::TestReadInputFilesSecurity::test_key_file_skipped PASSED [ 66%]
tests/test_model_router.py::TestRoute::test_claude_config_returns_1 PASSED [ 66%]
tests/test_model_router.py::TestRoute::test_comprehension_always_returns_1 PASSED [ 66%]
tests/test_model_router.py::TestRoute::test_qa_execution_always_returns_1 PASSED [ 66%]
tests/test_model_router.py::TestRoute::test_missing_api_key_returns_2 PASSED [ 66%]
tests/test_model_router.py::TestRouteSubcommandTaskType::test_bare_route_defaults_to_research PASSED [ 66%]
tests/test_model_router.py::TestRouteSubcommandTaskType::test_bare_route_accepts_task_type_override PASSED [ 66%]
tests/test_model_router.py::TestRouteSubcommandTaskType::test_named_alias_uses_command_as_task_type PASSED [ 66%]
tests/test_model_router.py::TestProviderManifest::test_openai_manifest_exists PASSED [ 66%]
tests/test_model_router.py::TestProviderManifest::test_openai_manifest_loads PASSED [ 66%]
tests/test_model_router.py::TestProviderManifest::test_unknown_model_returns_none PASSED [ 66%]
tests/test_model_router.py::TestOpenAIToolDefs::test_three_tools_defined PASSED [ 66%]
tests/test_model_router.py::TestOpenAIToolDefs::test_all_function_type PASSED [ 66%]
tests/test_model_router.py::TestOpenAIToolDefs::test_tool_names PASSED   [ 66%]
tests/test_model_router.py::TestOpenAIToolDefs::test_no_shell_tools PASSED [ 66%]
tests/test_model_router.py::TestCLI::test_help PASSED                    [ 66%]
tests/test_model_router.py::TestListProviders::test_discovers_openai_provider PASSED [ 66%]
tests/test_model_router.py::TestListProviders::test_discovers_deepseek_provider PASSED [ 66%]
tests/test_model_router.py::TestListProviders::test_deepseek_has_correct_fields PASSED [ 66%]
tests/test_model_router.py::TestListProviders::test_provider_has_required_fields PASSED [ 66%]
tests/test_model_router.py::TestListProviders::test_empty_providers_dir PASSED [ 66%]
tests/test_model_router.py::TestListProviders::test_cli_list_providers PASSED [ 66%]
tests/test_model_router.py::TestFindProviderManifest::test_finds_openai PASSED [ 66%]
tests/test_model_router.py::TestFindProviderManifest::test_not_found_returns_none PASSED [ 67%]
tests/test_model_router.py::TestFindProviderManifest::test_case_insensitive PASSED [ 67%]
tests/test_model_router.py::TestSetupProvider::test_unknown_provider_returns_2 PASSED [ 67%]
tests/test_model_router.py::TestSetupProvider::test_known_provider_returns_0 PASSED [ 67%]
tests/test_model_router.py::TestValidateProvider::test_unknown_provider_returns_2 PASSED [ 67%]
tests/test_model_router.py::TestValidateProvider::test_no_api_key_returns_1 PASSED [ 67%]
tests/test_model_router.py::TestQuotaNotification::test_429_prints_prominent_notification PASSED [ 67%]
tests/test_model_router.py::TestQuotaNotification::test_non_quota_error_uses_stderr PASSED [ 67%]
tests/test_model_router.py::TestQuotaNotification::test_timeout_error_returns_exit_code_3 PASSED [ 67%]
tests/test_model_router.py::TestQuotaNotification::test_timeout_error_type_returns_exit_code_3 PASSED [ 67%]
tests/test_model_router.py::TestNoShellTrue::test_no_shell_true_in_source PASSED [ 67%]
tests/test_model_router.py::TestEnsureYaml::test_returns_yaml_when_available PASSED [ 67%]
tests/test_model_router.py::TestEnsureYaml::test_returns_none_on_pip_failure PASSED [ 67%]
tests/test_model_router.py::TestEnsureYaml::test_no_duplicate_blocks_in_source PASSED [ 67%]
tests/test_model_router.py::TestNoPlatformSystem9927::test_no_platform_system_calls PASSED [ 67%]
tests/test_model_router.py::TestNoPlatformSystem9927::test_setup_provider_uses_sys_platform PASSED [ 67%]
tests/test_openai_adapter.py::TestSingleTurnCall::test_returns_text_content PASSED [ 67%]
tests/test_openai_adapter.py::TestSingleTurnCall::test_returns_empty_string_when_content_is_none PASSED [ 67%]
tests/test_openai_adapter.py::TestSingleTurnCall::test_sends_system_and_user_messages PASSED [ 67%]
tests/test_openai_adapter.py::TestSingleTurnCall::test_no_tools_kwarg_when_tools_is_none PASSED [ 67%]
tests/test_openai_adapter.py::TestMultiTurnToolUse::test_single_tool_call_round PASSED [ 67%]
tests/test_openai_adapter.py::TestMultiTurnToolUse::test_multiple_tool_calls_in_one_response PASSED [ 67%]
tests/test_openai_adapter.py::TestMultiTurnToolUse::test_two_round_tool_use PASSED [ 67%]
tests/test_openai_adapter.py::TestMultiTurnToolUse::test_tool_results_appended_to_messages PASSED [ 67%]
tests/test_openai_adapter.py::TestMaxIterationsCap::test_raises_after_50_iterations PASSED [ 67%]
tests/test_openai_adapter.py::TestMissingAPIKey::test_raises_when_no_api_key PASSED [ 67%]
tests/test_openai_adapter.py::TestMissingAPIKey::test_raises_for_custom_api_key_env PASSED [ 67%]
tests/test_openai_adapter.py::TestBaseURLRouting::test_base_url_passed_to_client PASSED [ 67%]
tests/test_openai_adapter.py::TestBaseURLRouting::test_no_base_url_when_not_specified PASSED [ 67%]
tests/test_openai_adapter.py::TestBaseURLRouting::test_custom_api_key_env_used PASSED [ 67%]
tests/test_openai_adapter.py::TestMalformedToolCallJSON::test_warns_and_falls_back_on_bad_json PASSED [ 67%]
tests/test_openai_adapter.py::TestAPIErrorHandling::test_wraps_api_exception PASSED [ 67%]
tests/test_orphan_cleanup_9688.py::test_d7_empty_process_list_no_kills PASSED [ 67%]
tests/test_orphan_cleanup_9688.py::test_d7_single_protected_agent_no_kills PASSED [ 67%]
tests/test_orphan_cleanup_9688.py::test_d7_full_squad_protected_no_kills PASSED [ 67%]
tests/test_orphan_cleanup_9688.py::test_d7_orphan_killed_parent_pid_logged PASSED [ 67%]
tests/test_orphan_cleanup_9688.py::test_d7_live_subagent_with_non_protected_parent_not_killed PASSED [ 67%]
tests/test_orphan_cleanup_9688.py::test_d7_missing_claude_pid_skips_only_affected_role PASSED [ 67%]
tests/test_orphan_cleanup_9688.py::test_no_roles_discoverable_skips_sweep PASSED [ 67%]
tests/test_orphan_cleanup_9688.py::test_stale_pid_with_dead_cmdexe_skips_only_affected_role PASSED [ 67%]
tests/test_orphan_cleanup_9688.py::test_d7_mixed_population_only_orphans_killed PASSED [ 67%]
tests/test_orphan_cleanup_9688.py::test_non_npm_claude_exe_left_alone PASSED [ 67%]
tests/test_orphan_cleanup_9688.py::test_posix_runs_and_exits_silently PASSED [ 68%]
tests/test_orphan_cleanup_9688.py::test_d4_log_is_jsonl_with_required_fields PASSED [ 68%]
tests/test_orphan_cleanup_9688.py::test_csv_split_handles_commas_inside_cmdline PASSED [ 68%]
tests/test_orphan_cleanup_9688.py::test_csv_split_rejects_malformed_row PASSED [ 68%]
tests/test_orphan_cleanup_9688.py::test_csv_split_unescapes_embedded_doubled_quotes PASSED [ 68%]
tests/test_orphan_cleanup_9688.py::test_own_pid_never_targeted PASSED    [ 68%]
tests/test_orphan_cleanup_9688.py::TestKillReverify9937::test_kill_skipped_when_pid_recycled_to_non_claude PASSED [ 68%]
tests/test_orphan_cleanup_9688.py::TestKillReverify9937::test_kill_proceeds_when_pid_still_claude PASSED [ 68%]
tests/test_orphan_cleanup_9688.py::TestKillReverify9937::test_pid_is_claude_exe_parses_tasklist_csv PASSED [ 68%]
tests/test_orphan_cleanup_9688.py::TestKillReverify9937::test_pid_is_claude_exe_rejects_other_exe PASSED [ 68%]
tests/test_orphan_cleanup_9688.py::TestKillReverify9937::test_pid_is_claude_exe_handles_case_insensitive PASSED [ 68%]
tests/test_orphan_cleanup_9688.py::TestKillReverify9937::test_pid_is_claude_exe_returns_false_on_dead_pid PASSED [ 68%]
tests/test_orphan_cleanup_9688.py::TestKillReverify9937::test_pid_is_claude_exe_returns_false_on_invalid_pid PASSED [ 68%]
tests/test_orphan_cleanup_9688.py::TestKillReverify9937::test_pid_is_claude_exe_returns_false_on_tasklist_failure PASSED [ 68%]
tests/test_orphan_cleanup_9688.py::TestKillReverify9937::test_end_to_end_recycled_pid_is_not_killed PASSED [ 68%]
tests/test_orphan_cleanup_9688.py::test_partial_skip_kills_orphans_of_healthy_roles PASSED [ 68%]
tests/test_orphan_cleanup_9688.py::test_partial_skip_logs_per_role_decision PASSED [ 68%]
tests/test_own_domain_autofix.py::TestOwnDomainAutofix::test_sub_skill_file_exists PASSED [ 68%]
tests/test_own_domain_autofix.py::TestOwnDomainAutofix::test_sub_skill_content_has_required_sections PASSED [ 68%]
tests/test_own_domain_autofix.py::TestOwnDomainAutofix::test_included_in_pm_includes_yml PASSED [ 68%]
tests/test_own_domain_autofix.py::TestOwnDomainAutofix::test_included_in_pm_template PASSED [ 68%]
tests/test_own_domain_autofix.py::TestOwnDomainAutofix::test_composed_pm_has_autofix_section PASSED [ 68%]
tests/test_own_domain_autofix.py::TestOwnDomainAutofix::test_autofix_after_pipeline_sentinel PASSED [ 68%]
tests/test_own_domain_autofix.py::TestOwnDomainAutofix::test_manifest_references_autofix PASSED [ 68%]
tests/test_own_domain_autofix.py::TestVaultRememberBriefingGate::test_briefing_check_before_quiet_gate PASSED [ 68%]
tests/test_own_domain_autofix.py::TestVaultRememberBriefingGate::test_briefing_check_not_gated_by_quiet PASSED [ 68%]
tests/test_own_domain_autofix.py::TestVaultRememberBriefingGate::test_vault_protocol_says_every_cycle PASSED [ 68%]
tests/test_own_domain_autofix.py::TestPmSoulHousekeeping::test_source_soul_has_housekeeping PASSED [ 68%]
tests/test_own_domain_autofix.py::TestPmSoulHousekeeping::test_deployed_soul_has_housekeeping PASSED [ 68%]
tests/test_own_domain_autofix.py::TestPmSoulHousekeeping::test_housekeeping_anti_patterns PASSED [ 68%]
tests/test_per_agent_workdirs.py::TestLocalConfigRelativePaths::test_pm_maps_to_dot PASSED [ 68%]
tests/test_per_agent_workdirs.py::TestLocalConfigRelativePaths::test_non_pm_maps_to_relative PASSED [ 68%]
tests/test_per_agent_workdirs.py::TestLocalConfigRelativePaths::test_no_absolute_paths PASSED [ 68%]
tests/test_per_agent_workdirs.py::TestRelativePathResolution::test_health_check_resolves_relative_paths PASSED [ 68%]
tests/test_per_agent_workdirs.py::TestRelativePathResolution::test_boot_remote_resolves_relative_paths PASSED [ 68%]
tests/test_per_agent_workdirs.py::TestRelativePathResolution::test_absolute_paths_still_work PASSED [ 68%]
tests/test_per_agent_workdirs.py::TestSingleAgentSetup::test_pm_only_no_clones PASSED [ 68%]
tests/test_per_agent_workdirs.py::TestPmNoClone::test_pm_excluded_from_cloning PASSED [ 68%]
tests/test_per_agent_workdirs.py::TestDetectRemoteUrl::test_returns_url_when_available PASSED [ 68%]
tests/test_per_agent_workdirs.py::TestDetectRemoteUrl::test_returns_none_on_failure PASSED [ 68%]
tests/test_per_agent_workdirs.py::TestBackwardCompat::test_default_pm_gets_dot_others_get_sibling PASSED [ 68%]
tests/test_per_agent_workdirs.py::TestBackwardCompat::test_deploy_all_preserves_existing_entries PASSED [ 68%]
tests/test_per_agent_workdirs.py::TestBackwardCompat::test_dot_resolves_to_repo_root PASSED [ 69%]
tests/test_pickup_comment_fidelity_9946.py::test_fragment_file_exists PASSED [ 69%]
tests/test_pickup_comment_fidelity_9946.py::test_fragment_covers_both_failure_modes PASSED [ 69%]
tests/test_pickup_comment_fidelity_9946.py::test_fragment_in_worker_manifest PASSED [ 69%]
tests/test_pickup_comment_fidelity_9946.py::test_fragment_referenced_in_worker_template PASSED [ 69%]
tests/test_pickup_comment_fidelity_9946.py::test_implement_tasks_has_8b_bis_step PASSED [ 69%]
tests/test_pickup_comment_fidelity_9946.py::test_triage_issues_has_7b_bis_step PASSED [ 69%]
tests/test_pickup_comment_fidelity_9946.py::test_triage_issues_crossref_to_implement_tasks_not_off_by_one PASSED [ 69%]
tests/test_pickup_comment_fidelity_9946.py::test_fragment_renders_in_composed_worker_variant_claude_md[skill] PASSED [ 69%]
tests/test_process_utils.py::TestIsProcessAlive::test_none_is_not_alive PASSED [ 69%]
tests/test_process_utils.py::TestIsProcessAlive::test_zero_is_not_alive PASSED [ 69%]
tests/test_process_utils.py::TestIsProcessAlive::test_negative_is_not_alive PASSED [ 69%]
tests/test_process_utils.py::TestIsProcessAlive::test_own_pid_is_alive PASSED [ 69%]
tests/test_process_utils.py::TestIsProcessAlive::test_unlikely_pid_is_not_alive PASSED [ 69%]
tests/test_process_utils.py::TestIsProcessAlive::test_oserror_returns_false_on_posix PASSED [ 69%]
tests/test_process_utils.py::TestIsProcessAlive::test_permission_error_returns_false_on_posix PASSED [ 69%]
tests/test_process_utils.py::TestIsProcessAlive::test_posix_kill_signal_zero PASSED [ 69%]
tests/test_process_utils.py::TestIsProcessAlive::test_windows_uses_openprocess_not_tasklist PASSED [ 69%]
tests/test_process_utils.py::TestIsProcessAlive::test_windows_dead_process_returns_false PASSED [ 69%]
tests/test_process_utils.py::TestIsProcessAlive::test_windows_openprocess_failure_invalid_param_returns_false PASSED [ 69%]
tests/test_process_utils.py::TestIsProcessAlive::test_windows_access_denied_means_alive PASSED [ 69%]
tests/test_process_utils.py::TestIsProcessAlive::test_windows_get_exit_code_failure_treated_as_alive PASSED [ 69%]
tests/test_process_utils.py::TestIsProcessAlive::test_windows_close_handle_runs_on_exception PASSED [ 69%]
tests/test_process_utils.py::TestWin32KernelBinding::test_cache_returns_same_object PASSED [ 69%]
tests/test_process_utils.py::TestWin32KernelBinding::test_argtypes_set_for_64bit_handle_correctness PASSED [ 69%]
tests/test_process_utils.py::TestWin32KernelBinding::test_no_platform_module_imported PASSED [ 69%]
tests/test_process_utils.py::TestWin32KernelBinding::test_no_subprocess_in_module PASSED [ 69%]
tests/test_process_utils.py::TestModuleReexports::test_boot_remote_alias_points_at_process_utils PASSED [ 69%]
tests/test_process_utils.py::TestModuleReexports::test_health_check_alias_points_at_process_utils PASSED [ 69%]
tests/test_process_utils.py::TestModuleReexports::test_reboot_agent_alias_points_at_process_utils PASSED [ 69%]
tests/test_reboot_agent.py::TestReadClaudePid::test_returns_pid_and_alive_for_running_process PASSED [ 69%]
tests/test_reboot_agent.py::TestReadClaudePid::test_missing_file_returns_none_false PASSED [ 69%]
tests/test_reboot_agent.py::TestReadClaudePid::test_invalid_content_returns_none_false PASSED [ 69%]
tests/test_reboot_agent.py::TestReadClaudePid::test_dead_pid_returns_pid_and_alive_false PASSED [ 69%]
tests/test_reboot_agent.py::TestKillProcess::test_kill_windows_uses_taskkill_force PASSED [ 69%]
tests/test_reboot_agent.py::TestKillProcess::test_kill_posix_uses_sigkill SKIPPED [ 69%]
tests/test_reboot_agent.py::TestKillProcess::test_kill_already_dead_pid_swallows_process_lookup_error SKIPPED [ 69%]
tests/test_reboot_agent.py::TestKillProcess::test_kill_permission_error_swallowed SKIPPED [ 69%]
tests/test_reboot_agent.py::TestKillProcessPidValidation10530::test_invalid_pid_does_not_call_kill_posix[None] PASSED [ 69%]
tests/test_reboot_agent.py::TestKillProcessPidValidation10530::test_invalid_pid_does_not_call_kill_posix[0] PASSED [ 69%]
tests/test_reboot_agent.py::TestKillProcessPidValidation10530::test_invalid_pid_does_not_call_kill_posix[-1] PASSED [ 69%]
tests/test_reboot_agent.py::TestKillProcessPidValidation10530::test_invalid_pid_does_not_call_kill_posix[-12345] PASSED [ 69%]
tests/test_reboot_agent.py::TestKillProcessPidValidation10530::test_invalid_pid_does_not_call_kill_posix[True] PASSED [ 70%]
tests/test_reboot_agent.py::TestKillProcessPidValidation10530::test_invalid_pid_does_not_call_kill_posix[False] PASSED [ 70%]
tests/test_reboot_agent.py::TestKillProcessPidValidation10530::test_non_int_pid_does_not_call_kill[1234] PASSED [ 70%]
tests/test_reboot_agent.py::TestKillProcessPidValidation10530::test_non_int_pid_does_not_call_kill[not-a-pid] PASSED [ 70%]
tests/test_reboot_agent.py::TestKillProcessPidValidation10530::test_non_int_pid_does_not_call_kill[1.5] PASSED [ 70%]
tests/test_reboot_agent.py::TestKillProcessPidValidation10530::test_non_int_pid_does_not_call_kill[bad_pid3] PASSED [ 70%]
tests/test_reboot_agent.py::TestKillProcessPidValidation10530::test_non_int_pid_does_not_call_kill[bad_pid4] PASSED [ 70%]
tests/test_reboot_agent.py::TestKillProcessPidValidation10530::test_kill_type_error_swallowed SKIPPED [ 70%]
tests/test_reboot_agent.py::TestKillProcessPidValidation10530::test_kill_windows_missing_taskkill_swallowed PASSED [ 70%]
tests/test_reboot_agent.py::TestRemovedHelpers::test_symbol_removed[reboot] PASSED [ 70%]
tests/test_reboot_agent.py::TestRemovedHelpers::test_symbol_removed[_kill_and_respawn] PASSED [ 70%]
tests/test_reboot_agent.py::TestRemovedHelpers::test_symbol_removed[_read_current_state] PASSED [ 70%]
tests/test_reboot_agent.py::TestRemovedHelpers::test_symbol_removed[_spawn_wrapper] PASSED [ 70%]
tests/test_reboot_agent.py::TestRemovedHelpers::test_symbol_removed[_get_clone_path] PASSED [ 70%]
tests/test_reboot_agent.py::TestRemovedHelpers::test_symbol_removed[_read_pid_file] PASSED [ 70%]
tests/test_reboot_agent.py::TestRemovedHelpers::test_source_has_no_legacy_sentinel_reads PASSED [ 70%]
tests/test_reboot_agent.py::TestMainDeprecationStub::test_main_returns_exit_code_two PASSED [ 70%]
tests/test_references.py::TestHintFiles::test_reference_hints_exist[worker] PASSED [ 70%]
tests/test_references.py::TestHintFiles::test_reference_hints_exist[verifier] PASSED [ 70%]
tests/test_references.py::TestHintFiles::test_reference_hints_exist[dm] PASSED [ 70%]
tests/test_references.py::TestHintFiles::test_reference_hints_exist[pm] PASSED [ 70%]
tests/test_references.py::TestHintFiles::test_live_hints_match_reference[worker] SKIPPED [ 70%]
tests/test_references.py::TestHintFiles::test_live_hints_match_reference[verifier] SKIPPED [ 70%]
tests/test_references.py::TestHintFiles::test_live_hints_match_reference[dm] PASSED [ 70%]
tests/test_references.py::TestHintFiles::test_live_hints_match_reference[pm] PASSED [ 70%]
tests/test_references.py::TestStatusline::test_statusline_exists PASSED  [ 70%]
tests/test_references.py::TestStatusline::test_statusline_has_shebang PASSED [ 70%]
tests/test_references.py::TestAgentInstructions::test_agent_instructions_exists PASSED [ 70%]
tests/test_references.py::TestAgentInstructions::test_has_sub_skill_markers PASSED [ 70%]
tests/test_references.py::TestRunTestsModuleList::test_no_stale_exclusion_entries PASSED [ 70%]
tests/test_repo_scan.py::TestLanguageDetection::test_detects_python PASSED [ 70%]
tests/test_repo_scan.py::TestLanguageDetection::test_detects_typescript PASSED [ 70%]
tests/test_repo_scan.py::TestLanguageDetection::test_detects_multiple_languages PASSED [ 70%]
tests/test_repo_scan.py::TestLanguageDetection::test_empty_repo PASSED   [ 70%]
tests/test_repo_scan.py::TestLanguageDetection::test_skips_node_modules PASSED [ 70%]
tests/test_repo_scan.py::TestPackageManagerDetection::test_detects_npm PASSED [ 70%]
tests/test_repo_scan.py::TestPackageManagerDetection::test_detects_pip PASSED [ 70%]
tests/test_repo_scan.py::TestPackageManagerDetection::test_detects_cargo PASSED [ 70%]
tests/test_repo_scan.py::TestFrameworkDetection::test_detects_nextjs_config PASSED [ 70%]
tests/test_repo_scan.py::TestFrameworkDetection::test_detects_react_from_package_json PASSED [ 70%]
tests/test_repo_scan.py::TestFrameworkDetection::test_detects_tailwind PASSED [ 70%]
tests/test_repo_scan.py::TestFrameworkDetection::test_detects_fastapi_from_requirements PASSED [ 70%]
tests/test_repo_scan.py::TestFrameworkDetection::test_detects_fastapi_from_pyproject PASSED [ 71%]
tests/test_repo_scan.py::TestCICDDetection::test_detects_github_actions PASSED [ 71%]
tests/test_repo_scan.py::TestCICDDetection::test_detects_gitlab_ci PASSED [ 71%]
tests/test_repo_scan.py::TestTestFrameworkDetection::test_detects_pytest PASSED [ 71%]
tests/test_repo_scan.py::TestTestFrameworkDetection::test_detects_jest_from_package_json PASSED [ 71%]
tests/test_repo_scan.py::TestTestFrameworkDetection::test_detects_playwright PASSED [ 71%]
tests/test_repo_scan.py::TestDeployDetection::test_detects_docker PASSED [ 71%]
tests/test_repo_scan.py::TestDeployDetection::test_detects_vercel PASSED [ 71%]
tests/test_repo_scan.py::TestMonorepoDetection::test_detects_turborepo PASSED [ 71%]
tests/test_repo_scan.py::TestMonorepoDetection::test_detects_npm_workspaces PASSED [ 71%]
tests/test_repo_scan.py::TestResponsibilityMapping::test_maps_pytest_to_qa PASSED [ 71%]
tests/test_repo_scan.py::TestResponsibilityMapping::test_maps_docker_to_dm PASSED [ 71%]
tests/test_repo_scan.py::TestResponsibilityMapping::test_maps_openapi_to_skill PASSED [ 71%]
tests/test_repo_scan.py::TestResponsibilityMapping::test_empty_repo_no_responsibilities PASSED [ 71%]
tests/test_repo_scan.py::TestCLI::test_outputs_json PASSED               [ 71%]
tests/test_repo_scan.py::TestCLI::test_save_flag PASSED                  [ 71%]
tests/test_repo_scan.py::TestCLI::test_invalid_path PASSED               [ 71%]
tests/test_repo_scan.py::TestScanCurrentRepo::test_detects_python_in_squidsquad PASSED [ 71%]
tests/test_roles.py::TestRoleDirectories::test_dev_agent_dirs_exist PASSED [ 71%]
tests/test_roles.py::TestRoleDirectories::test_dev_agent_has_claude_md PASSED [ 71%]
tests/test_roles.py::TestRoleDirectories::test_dev_agent_has_working_state PASSED [ 71%]
tests/test_roles.py::TestRoleDirectories::test_pm_dir_exists PASSED      [ 71%]
tests/test_roles.py::TestRoleDirectories::test_pm_has_claude_md PASSED   [ 71%]
tests/test_roles.py::TestRoleEntryFiles::test_dev_entry_exists PASSED    [ 71%]
tests/test_roles.py::TestRoleEntryFiles::test_pm_entry_exists PASSED     [ 71%]
tests/test_roles.py::TestRoleEntryFiles::test_all_role_claude_md_files_exist PASSED [ 71%]
tests/test_roles.py::TestRoleEntryFiles::test_soul_files_exist PASSED    [ 71%]
tests/test_roles.py::TestRoleEntryFiles::test_legacy_souls_dir_is_gone PASSED [ 71%]
tests/test_roles.py::TestRoleEntryFiles::test_role_sub_skills_dir_exists PASSED [ 71%]
tests/test_run_comprehension.py::TestFindClaude::test_finds_claude_in_path PASSED [ 71%]
tests/test_run_comprehension.py::TestFindClaude::test_returns_none_when_not_found PASSED [ 71%]
tests/test_run_comprehension.py::TestSpecLoading::test_valid_spec PASSED [ 71%]
tests/test_run_comprehension.py::TestSpecLoading::test_spec_with_multiple_questions PASSED [ 71%]
tests/test_run_comprehension.py::TestResultsParsing::test_parse_clean_json PASSED [ 71%]
tests/test_run_comprehension.py::TestResultsParsing::test_strip_markdown_fences PASSED [ 71%]
tests/test_run_comprehension.py::TestResultsParsing::test_empty_results_is_invalid PASSED [ 71%]
tests/test_run_comprehension.py::Test1428SpecIntegrity::test_spec_file_exists PASSED [ 71%]
tests/test_run_comprehension.py::Test1428SpecIntegrity::test_spec_has_required_fields PASSED [ 71%]
tests/test_run_comprehension.py::Test1428SpecIntegrity::test_spec_questions_have_required_fields PASSED [ 71%]
tests/test_run_comprehension.py::Test1428SpecIntegrity::test_spec_has_5_questions PASSED [ 71%]
tests/test_run_comprehension.py::Test1428SpecIntegrity::test_spec_files_exist PASSED [ 71%]
tests/test_run_comprehension_test.py::TestComputeHash::test_returns_hex_digest PASSED [ 71%]
tests/test_run_comprehension_test.py::TestComputeHash::test_different_content_different_hash PASSED [ 72%]
tests/test_run_comprehension_test.py::TestComputeHash::test_includes_listed_files PASSED [ 72%]
tests/test_run_comprehension_test.py::TestComputeHash::test_missing_spec_returns_none PASSED [ 72%]
tests/test_run_comprehension_test.py::TestComputeHash::test_missing_listed_file_returns_none PASSED [ 72%]
tests/test_run_comprehension_test.py::TestCachePath::test_uses_spec_stem PASSED [ 72%]
tests/test_run_comprehension_test.py::TestCachePath::test_under_cache_dir PASSED [ 72%]
tests/test_run_comprehension_test.py::TestCacheRoundTrip::test_cache_miss_on_empty PASSED [ 72%]
tests/test_run_comprehension_test.py::TestCacheRoundTrip::test_cache_hit_after_write PASSED [ 72%]
tests/test_run_comprehension_test.py::TestCacheRoundTrip::test_cache_miss_after_file_change PASSED [ 72%]
tests/test_run_comprehension_test.py::TestCacheRoundTrip::test_write_cache_atomic PASSED [ 72%]
tests/test_run_comprehension_test.py::TestFindClaude::test_returns_string_or_none PASSED [ 72%]
tests/test_run_comprehension_test.py::TestFindClaude::test_finds_claude_on_path PASSED [ 72%]
tests/test_run_comprehension_test.py::TestFindClaude::test_returns_none_when_not_found PASSED [ 72%]
tests/test_run_comprehension_test.py::TestRunAgentTimeout::test_run_agent_has_timeout PASSED [ 72%]
tests/test_run_comprehension_test.py::TestRunAgentTimeout::test_timeout_handling_in_run_test PASSED [ 72%]
tests/test_run_comprehension_test.py::TestRunTestCacheSkip::test_cache_hit_returns_none PASSED [ 72%]
tests/test_run_comprehension_test.py::TestEmptyResultsGuard::test_empty_results_returns_empty_list PASSED [ 72%]
tests/test_run_comprehension_test.py::TestEmptyResultsGuard::test_empty_results_not_cached PASSED [ 72%]
tests/test_run_comprehension_test.py::TestEmptyResultsGuard::test_no_unused_tempfile_import PASSED [ 72%]
tests/test_runtime_requirements.py::test_requirements_txt_exists PASSED  [ 72%]
tests/test_runtime_requirements.py::test_runtime_third_party_imports_are_declared PASSED [ 72%]
tests/test_runtime_requirements.py::test_known_harness_deps_present PASSED [ 72%]
tests/test_scan_index.py::TestGetDb::test_creates_db_with_wal_mode PASSED [ 72%]
tests/test_scan_index.py::TestGetDb::test_creates_tables PASSED          [ 72%]
tests/test_scan_index.py::TestGetDb::test_busy_timeout_set PASSED        [ 72%]
tests/test_scan_index.py::TestNormalizePath::test_forward_slashes PASSED [ 72%]
tests/test_scan_index.py::TestNormalizePath::test_already_forward PASSED [ 72%]
tests/test_scan_index.py::TestSuggestTargets::test_returns_files_ordered_by_score PASSED [ 72%]
tests/test_scan_index.py::TestSuggestTargets::test_returns_empty_on_no_files PASSED [ 72%]
tests/test_scan_index.py::TestSuggestTargets::test_excludes_nonexistent_files PASSED [ 72%]
tests/test_scan_index.py::TestSuggestTargets::test_corrupt_db_returns_empty PASSED [ 72%]
tests/test_scan_index.py::TestRecordScan::test_inserts_scan_rows PASSED  [ 72%]
tests/test_scan_index.py::TestRecordScan::test_updates_file_coverage PASSED [ 72%]
tests/test_scan_index.py::TestRecordScan::test_inserts_findings PASSED   [ 72%]
tests/test_scan_index.py::TestRecordScan::test_increments_scan_count_on_repeat PASSED [ 72%]
tests/test_scan_index.py::TestRecordScan::test_invalid_json_does_not_leak_connection PASSED [ 72%]
tests/test_scan_index.py::TestRecordDecision::test_accept_updates_finding PASSED [ 72%]
tests/test_scan_index.py::TestRecordDecision::test_reject_updates_finding_and_rejections PASSED [ 72%]
tests/test_scan_index.py::TestRecordDecision::test_missing_issue_returns_false PASSED [ 72%]
tests/test_scan_index.py::TestRecordDecision::test_accept_creates_coverage_row_if_missing PASSED [ 72%]
tests/test_scan_index.py::TestRecordDecision::test_reject_creates_coverage_row_if_missing PASSED [ 72%]
tests/test_scan_index.py::TestRefreshChurn::test_populates_churn_table PASSED [ 73%]
tests/test_scan_index.py::TestRefreshChurn::test_applies_renames PASSED  [ 73%]
tests/test_scan_index.py::TestRebuild::test_rebuilds_from_scan_history PASSED [ 73%]
tests/test_scan_index.py::TestRebuild::test_rebuild_deletes_old_db PASSED [ 73%]
tests/test_scan_index.py::TestParseScanHistory::test_parses_basic_entry PASSED [ 73%]
tests/test_scan_index.py::TestParseScanHistory::test_handles_none_findings PASSED [ 73%]
tests/test_scan_index.py::TestParseScanHistory::test_handles_missing_file PASSED [ 73%]
tests/test_scan_index.py::TestParseScanHistory::test_handles_none_yet_variants PASSED [ 73%]
tests/test_scan_index.py::TestCompositeScoring::test_weights_sum_to_one PASSED [ 73%]
tests/test_scan_index.py::TestCompositeScoring::test_never_scanned_gets_max_coverage_score PASSED [ 73%]
tests/test_scan_index.py::TestCompositeScoring::test_no_decisions_redistributes_acceptance_weight PASSED [ 73%]
tests/test_scan_index.py::TestCompositeScoring::test_acceptance_rate_uses_decision_counts PASSED [ 73%]
tests/test_scan_index.py::TestCLI::test_help_flag PASSED                 [ 73%]
tests/test_scan_index.py::TestCLI::test_no_command_shows_help PASSED     [ 73%]
tests/test_scan_index.py::TestCLI::test_suggest_targets_args PASSED      [ 73%]
tests/test_scan_index.py::TestCLI::test_record_scan_args PASSED          [ 73%]
tests/test_scan_index.py::TestCLI::test_record_decision_args PASSED      [ 73%]
tests/test_scan_index.py::TestCLI::test_rebuild_args PASSED              [ 73%]
tests/test_scan_index.py::TestCLI::test_refresh_churn_args PASSED        [ 73%]
tests/test_scan_index.py::TestWalkSourceFiles::test_excludes_squidsquad_dir PASSED [ 73%]
tests/test_scan_index.py::TestWalkSourceFiles::test_excludes_binary_extensions PASSED [ 73%]
tests/test_scan_index.py::TestWalkSourceFiles::test_excludes_hidden_files PASSED [ 73%]
tests/test_scan_index.py::TestSuggestTargetsDbOpen::test_no_redundant_db_open PASSED [ 73%]
tests/test_shared_fs.py::TestGetHome::test_returns_path_under_home PASSED [ 73%]
tests/test_shared_fs.py::TestGetHome::test_returns_path_object PASSED    [ 73%]
tests/test_shared_fs.py::TestInit::test_creates_structure PASSED         [ 73%]
tests/test_shared_fs.py::TestInit::test_idempotent PASSED                [ 73%]
tests/test_shared_fs.py::TestInit::test_secrets_has_comment_header PASSED [ 73%]
tests/test_shared_fs.py::TestSecrets::test_write_and_read PASSED         [ 73%]
tests/test_shared_fs.py::TestSecrets::test_read_missing_key PASSED       [ 73%]
tests/test_shared_fs.py::TestSecrets::test_read_no_file PASSED           [ 73%]
tests/test_shared_fs.py::TestSecrets::test_update_existing_secret PASSED [ 73%]
tests/test_shared_fs.py::TestSecrets::test_multiple_secrets PASSED       [ 73%]
tests/test_shared_fs.py::TestSecrets::test_comments_ignored PASSED       [ 73%]
tests/test_shared_fs.py::TestReadSecretOrEnv::test_prefers_secrets_file PASSED [ 73%]
tests/test_shared_fs.py::TestReadSecretOrEnv::test_falls_back_to_env PASSED [ 73%]
tests/test_shared_fs.py::TestReadSecretOrEnv::test_returns_none_if_nowhere PASSED [ 73%]
tests/test_shared_fs.py::TestReadSecretOrEnv::test_empty_string_secret_not_dropped PASSED [ 73%]
tests/test_shared_fs.py::TestClonesHelpersRetired::test_clone_helpers_removed PASSED [ 73%]
tests/test_shared_fs.py::TestClonesHelpersRetired::test_clone_subcommands_rejected PASSED [ 73%]
tests/test_shared_fs.py::TestCLI::test_help PASSED                       [ 73%]
tests/test_shared_fs.py::TestCLI::test_home PASSED                       [ 73%]
tests/test_shared_fs.py::TestCLI::test_init PASSED                       [ 74%]
tests/test_shared_fs.py::TestCLI::test_read_secret_empty_value_not_false_negative PASSED [ 74%]
tests/test_shared_fs.py::TestWriteSecretAtomic9932::test_basic_round_trip PASSED [ 74%]
tests/test_shared_fs.py::TestWriteSecretAtomic9932::test_existing_secrets_preserved_on_update PASSED [ 74%]
tests/test_shared_fs.py::TestWriteSecretAtomic9932::test_secrets_file_survives_write_failure PASSED [ 74%]
tests/test_shared_fs.py::TestWriteSecretAtomic9932::test_uses_atomic_pattern_in_source PASSED [ 74%]
tests/test_shared_fs.py::TestAtomicWriteText::test_basic_write PASSED    [ 74%]
tests/test_shared_fs.py::TestAtomicWriteText::test_overwrites_existing PASSED [ 74%]
tests/test_shared_fs.py::TestAtomicWriteText::test_unicode_roundtrip PASSED [ 74%]
tests/test_shared_fs.py::TestAtomicWriteText::test_no_tmp_leftover_after_success PASSED [ 74%]
tests/test_shared_fs.py::TestAtomicWriteText::test_crash_mid_write_leaves_original_intact PASSED [ 74%]
tests/test_shared_fs.py::TestAtomicWriteText::test_crash_mid_write_cleans_up_tmp PASSED [ 74%]
tests/test_shared_fs.py::TestAtomicWriteText::test_large_write_roundtrip PASSED [ 74%]
tests/test_shared_fs.py::TestAtomicWriteText::test_uses_os_replace_for_atomic_swap PASSED [ 74%]
tests/test_shared_fs.py::TestAtomicWriteText::test_preserves_path_write_text_newline_behavior PASSED [ 74%]
tests/test_shared_fs.py::TestCallSitesUseAtomicWrite::test_call_site_uses_atomic_write_text[vault_remember.py-_write_working_state_field] PASSED [ 74%]
tests/test_shared_fs.py::TestCallSitesUseAtomicWrite::test_call_site_uses_atomic_write_text[vault_remember.py-_upsert_vault_writes] PASSED [ 74%]
tests/test_shared_fs.py::TestCallSitesUseAtomicWrite::test_call_site_uses_atomic_write_text[cycle.py-set_counter] PASSED [ 74%]
tests/test_shared_fs.py::TestCallSitesUseAtomicWrite::test_call_site_uses_atomic_write_text[cycle_post.py-_do_working_state_update] PASSED [ 74%]
tests/test_shared_fs.py::TestCallSitesUseAtomicWrite::test_call_site_uses_atomic_write_text[cycle_post.py-_do_version_bump] PASSED [ 74%]
tests/test_shared_fs.py::TestCallSitesUseAtomicWrite::test_call_site_uses_atomic_write_text[soul_adaptation.py-add_adaptation] PASSED [ 74%]
tests/test_shared_fs.py::TestCallSitesUseAtomicWrite::test_call_site_uses_atomic_write_text[soul_adaptation.py-render_soul] PASSED [ 74%]
tests/test_shared_fs.py::TestCallSitesUseAtomicWrite::test_call_site_uses_atomic_write_text[config.py-set_field] PASSED [ 74%]
tests/test_shared_fs.py::TestCallSitesUseAtomicWrite::test_call_site_uses_atomic_write_text[config.py-write_event_reactions] PASSED [ 74%]
tests/test_shared_fs.py::TestCallSitesUseAtomicWrite::test_call_site_uses_atomic_write_text[diagnostics.py-rotate] PASSED [ 74%]
tests/test_soul_adaptation.py::TestAddAdaptation::test_creates_file_if_missing PASSED [ 74%]
tests/test_soul_adaptation.py::TestAddAdaptation::test_adds_entry PASSED [ 74%]
tests/test_soul_adaptation.py::TestAddAdaptation::test_multiple_entries PASSED [ 74%]
tests/test_soul_adaptation.py::TestAddAdaptation::test_multiple_roles PASSED [ 74%]
tests/test_soul_adaptation.py::TestRenderSection::test_empty_adaptations PASSED [ 74%]
tests/test_soul_adaptation.py::TestRenderSection::test_with_entries PASSED [ 74%]
tests/test_soul_adaptation.py::TestRenderSoul::test_appends_when_no_section_exists PASSED [ 74%]
tests/test_soul_adaptation.py::TestRenderSoul::test_replaces_existing_section PASSED [ 74%]
tests/test_soul_adaptation.py::TestRenderSoul::test_preserves_other_sections PASSED [ 74%]
tests/test_soul_adaptation.py::TestCheckCap::test_under_cap PASSED       [ 74%]
tests/test_soul_adaptation.py::TestCheckCap::test_empty_under_cap PASSED [ 74%]
tests/test_soul_adaptation.py::TestGetAdaptations::test_empty_file PASSED [ 74%]
tests/test_soul_adaptation.py::TestGetAdaptations::test_no_file PASSED   [ 74%]
tests/test_soul_adaptation.py::TestMainCLI::test_no_args_prints_help PASSED [ 74%]
tests/test_soul_adaptation.py::TestMainCLI::test_unknown_command PASSED  [ 74%]
tests/test_soul_adaptation.py::TestMainCLI::test_render_missing_role PASSED [ 74%]
tests/test_soul_adaptation.py::TestMainCLI::test_render_success PASSED   [ 74%]
tests/test_soul_adaptation.py::TestMainCLI::test_render_missing_soul_file PASSED [ 75%]
tests/test_soul_adaptation.py::TestMainCLI::test_check_cap_missing_role PASSED [ 75%]
tests/test_soul_adaptation.py::TestMainCLI::test_check_cap_success PASSED [ 75%]
tests/test_soul_adaptation.py::TestMainCLI::test_list_missing_role PASSED [ 75%]
tests/test_soul_adaptation.py::TestMainCLI::test_list_success PASSED     [ 75%]
tests/test_soul_adaptation.py::TestMainCLI::test_add_success PASSED      [ 75%]
tests/test_soul_adaptation.py::TestMainCLI::test_add_with_task PASSED    [ 75%]
tests/test_source_frontmatter.py::test_valid_frontmatter_returns_slot_and_ordinal PASSED [ 75%]
tests/test_source_frontmatter.py::test_extras_preserved_as_is PASSED     [ 75%]
tests/test_source_frontmatter.py::test_ordinal_zero_accepted PASSED      [ 75%]
tests/test_source_frontmatter.py::test_each_legal_slot_accepted[identity] PASSED [ 75%]
tests/test_source_frontmatter.py::test_each_legal_slot_accepted[responsibility] PASSED [ 75%]
tests/test_source_frontmatter.py::test_each_legal_slot_accepted[soul] PASSED [ 75%]
tests/test_source_frontmatter.py::test_each_legal_slot_accepted[instructions] PASSED [ 75%]
tests/test_source_frontmatter.py::test_each_legal_slot_accepted[project-context] PASSED [ 75%]
tests/test_source_frontmatter.py::test_each_legal_slot_accepted[vault] PASSED [ 75%]
tests/test_source_frontmatter.py::test_no_frontmatter_returns_none PASSED [ 75%]
tests/test_source_frontmatter.py::test_frontmatter_must_be_at_very_top PASSED [ 75%]
tests/test_source_frontmatter.py::test_unterminated_frontmatter_returns_none PASSED [ 75%]
tests/test_source_frontmatter.py::test_empty_file_returns_none PASSED    [ 75%]
tests/test_source_frontmatter.py::test_empty_frontmatter_block_raises PASSED [ 75%]
tests/test_source_frontmatter.py::test_closing_delimiter_trailing_whitespace_tolerated PASSED [ 75%]
tests/test_source_frontmatter.py::test_opening_delimiter_horizontal_whitespace_tolerated PASSED [ 75%]
tests/test_source_frontmatter.py::test_yaml_anchor_alias_in_extras PASSED [ 75%]
tests/test_source_frontmatter.py::test_yaml_undefined_alias_raises_clean PASSED [ 75%]
tests/test_source_frontmatter.py::test_malformed_yaml_raises PASSED      [ 75%]
tests/test_source_frontmatter.py::test_top_level_must_be_mapping PASSED  [ 75%]
tests/test_source_frontmatter.py::test_missing_slot_field_raises PASSED  [ 75%]
tests/test_source_frontmatter.py::test_unknown_slot_value_raises PASSED  [ 75%]
tests/test_source_frontmatter.py::test_non_string_slot_raises PASSED     [ 75%]
tests/test_source_frontmatter.py::test_missing_ordinal_field_raises PASSED [ 75%]
tests/test_source_frontmatter.py::test_non_integer_ordinal_raises PASSED [ 75%]
tests/test_source_frontmatter.py::test_float_ordinal_raises PASSED       [ 75%]
tests/test_source_frontmatter.py::test_negative_ordinal_raises PASSED    [ 75%]
tests/test_source_frontmatter.py::test_boolean_ordinal_rejected PASSED   [ 75%]
tests/test_source_frontmatter.py::test_parse_source_frontmatter_reads_file PASSED [ 75%]
tests/test_source_frontmatter.py::test_parse_source_frontmatter_propagates_filenotfound PASSED [ 75%]
tests/test_source_frontmatter.py::test_existing_dm_identity_parses_correctly PASSED [ 75%]
tests/test_source_frontmatter.py::test_extras_default_factory_is_independent PASSED [ 75%]
tests/test_squidsquad_cli.py::TestReadPort::test_reads_valid_port PASSED [ 75%]
tests/test_squidsquad_cli.py::TestReadPort::test_returns_none_when_missing PASSED [ 75%]
tests/test_squidsquad_cli.py::TestReadPort::test_returns_none_on_empty_file PASSED [ 75%]
tests/test_squidsquad_cli.py::TestReadPort::test_returns_none_on_non_integer PASSED [ 76%]
tests/test_squidsquad_cli.py::TestReadPort::test_strips_whitespace PASSED [ 76%]
tests/test_squidsquad_cli.py::TestDiscoverHarness::test_returns_port_when_alive PASSED [ 76%]
tests/test_squidsquad_cli.py::TestDiscoverHarness::test_returns_none_when_no_port_file PASSED [ 76%]
tests/test_squidsquad_cli.py::TestDiscoverHarness::test_returns_none_when_port_exists_but_dead PASSED [ 76%]
tests/test_squidsquad_cli.py::TestMainDispatch::test_help_shows_usage PASSED [ 76%]
tests/test_squidsquad_cli.py::TestMainDispatch::test_no_args_shows_usage PASSED [ 76%]
tests/test_squidsquad_cli.py::TestMainDispatch::test_unknown_command_returns_2 PASSED [ 76%]
tests/test_squidsquad_cli.py::TestMainDispatch::test_restart_without_role_returns_2 PASSED [ 76%]
tests/test_squidsquad_cli.py::TestMainDispatch::test_dispatches_start PASSED [ 76%]
tests/test_squidsquad_cli.py::TestMainDispatch::test_dispatches_start_with_role PASSED [ 76%]
tests/test_squidsquad_cli.py::TestMainDispatch::test_dispatches_stop_all PASSED [ 76%]
tests/test_squidsquad_cli.py::TestMainDispatch::test_dispatches_stop_role PASSED [ 76%]
tests/test_squidsquad_cli.py::TestMainDispatch::test_dispatches_restart_role PASSED [ 76%]
tests/test_squidsquad_cli.py::TestMainDispatch::test_dispatches_status PASSED [ 76%]
tests/test_squidsquad_cli.py::TestMainDispatch::test_dispatches_shutdown PASSED [ 76%]
tests/test_squidsquad_cli.py::TestCommandsNoHarness::test_stop_no_harness PASSED [ 76%]
tests/test_squidsquad_cli.py::TestCommandsNoHarness::test_restart_no_harness PASSED [ 76%]
tests/test_squidsquad_cli.py::TestCommandsNoHarness::test_status_no_harness PASSED [ 76%]
tests/test_squidsquad_cli.py::TestCommandsNoHarness::test_shutdown_no_harness PASSED [ 76%]
tests/test_squidsquad_cli.py::TestCommandsWithHarness::test_status_prints_agents PASSED [ 76%]
tests/test_squidsquad_cli.py::TestCommandsWithHarness::test_status_no_agents PASSED [ 76%]
tests/test_squidsquad_cli.py::TestCommandsWithHarness::test_stop_single_role PASSED [ 76%]
tests/test_squidsquad_cli.py::TestCommandsWithHarness::test_stop_single_role_returns_1_on_api_failure PASSED [ 76%]
tests/test_squidsquad_cli.py::TestCommandsWithHarness::test_stop_all_returns_1_when_any_agent_fails PASSED [ 76%]
tests/test_squidsquad_cli.py::TestCommandsWithHarness::test_stop_all PASSED [ 76%]
tests/test_squidsquad_cli.py::TestCommandsWithHarness::test_stop_all_empty_results_returns_0 PASSED [ 76%]
tests/test_squidsquad_cli.py::TestCommandsWithHarness::test_stop_all_missing_results_key_returns_0 PASSED [ 76%]
tests/test_squidsquad_cli.py::TestCommandsWithHarness::test_restart_success PASSED [ 76%]
tests/test_squidsquad_cli.py::TestCommandsWithHarness::test_restart_failure PASSED [ 76%]
tests/test_squidsquad_cli.py::TestApiCallErrorDetails::test_error_message_includes_exception PASSED [ 76%]
tests/test_squidsquad_cli.py::TestApiCallErrorDetails::test_http_error_raises_harness_api_error PASSED [ 76%]
tests/test_squidsquad_cli.py::TestApiCallErrorDetails::test_transport_failure_does_not_abort_multi_role_loop PASSED [ 76%]
tests/test_squidsquad_cli_check_e4.py::TestCleanInstall::test_exit_zero_when_stored_matches_current PASSED [ 76%]
tests/test_squidsquad_cli_check_e4.py::TestDriftedInstall::test_exit_one_with_stderr_report_when_drift PASSED [ 76%]
tests/test_squidsquad_cli_check_e4.py::TestDriftedInstall::test_drift_report_names_stored_and_current PASSED [ 76%]
tests/test_squidsquad_cli_check_e4.py::TestBrokenConfig::test_exit_two_on_malformed_state_json PASSED [ 76%]
tests/test_squidsquad_cli_check_e4.py::TestFirstBootNoStoredChecksum::test_no_state_file_reports_first_boot_and_exits_zero PASSED [ 76%]
tests/test_squidsquad_cli_check_e4.py::TestFirstBootNoStoredChecksum::test_legacy_state_file_without_checksum_reports_first_boot PASSED [ 76%]
tests/test_squidsquad_cli_check_e4.py::TestReadOnly::test_does_not_mutate_state_file PASSED [ 76%]
tests/test_squidsquad_cli_check_e4.py::TestReadOnly::test_does_not_invoke_deploy_all_without_full PASSED [ 76%]
tests/test_squidsquad_cli_check_e4.py::TestFullFlag::test_full_does_not_invoke_compose_subprocess PASSED [ 76%]
tests/test_squidsquad_cli_check_e4.py::TestFullFlag::test_full_emits_deprecation_warning PASSED [ 77%]
tests/test_squidsquad_cli_check_e4.py::TestFullFlag::test_full_returns_one_when_checksum_drifted PASSED [ 77%]
tests/test_squidsquad_cli_check_e4.py::TestSubcommandWiring::test_main_dispatch_includes_check PASSED [ 77%]
tests/test_squidsquad_cli_check_e4.py::TestSubcommandWiring::test_usage_string_lists_check PASSED [ 77%]
tests/test_squidsquad_cli_check_e4.py::TestSubcommandWiring::test_unrecognized_argument_after_check_returns_2 PASSED [ 77%]
tests/test_squidsquad_cli_check_e4.py::TestReusesE1Checksum::test_check_call_path_imports_compose_freshness PASSED [ 77%]
tests/test_squidsquad_cli_check_e4.py::TestDriftReportEnumerationFallback::test_iter_compose_input_files_is_public_api PASSED [ 77%]
tests/test_squidsquad_cli_check_e4.py::TestDriftReportEnumerationFallback::test_drift_report_falls_back_when_enumeration_raises PASSED [ 77%]
tests/test_stale_tracker_files_ref.py::TestNoStaleTrackerFilesRef::test_prohibitions_no_stale_tracker_files[pm] PASSED [ 77%]
tests/test_stale_tracker_files_ref.py::TestNoStaleTrackerFilesRef::test_prohibitions_no_stale_tracker_files[dm] PASSED [ 77%]
tests/test_stale_tracker_files_ref.py::TestNoStaleTrackerFilesRef::test_pm_prohibitions_names_actual_files PASSED [ 77%]
tests/test_stale_tracker_files_ref.py::TestNoStaleTrackerFilesRef::test_dm_prohibitions_names_actual_files PASSED [ 77%]
tests/test_start_team.py::TestDelegation::test_cmd_boot_delegates_per_role PASSED [ 77%]
tests/test_start_team.py::TestDelegation::test_cmd_boot_returns_false_on_any_failure PASSED [ 77%]
tests/test_start_team.py::TestDelegation::test_cmd_stop_delegates_per_role PASSED [ 77%]
tests/test_start_team.py::TestDelegation::test_cmd_stop_returns_false_on_failure PASSED [ 77%]
tests/test_start_team.py::TestDelegation::test_cmd_reboot_delegates_per_role PASSED [ 77%]
tests/test_start_team.py::TestDelegation::test_cmd_reboot_force_is_noop PASSED [ 77%]
tests/test_start_team.py::TestDelegation::test_cmd_reboot_returns_false_on_failure PASSED [ 77%]
tests/test_start_team.py::TestCLIParsing::test_all_flag_defaults_to_boot PASSED [ 77%]
tests/test_start_team.py::TestCLIParsing::test_reboot_single_role PASSED [ 77%]
tests/test_start_team.py::TestCLIParsing::test_stop_single_role PASSED   [ 77%]
tests/test_start_team.py::TestCLIParsing::test_role_flag_with_default_action_boots PASSED [ 77%]
tests/test_start_team.py::TestCLIParsing::test_reboot_all PASSED         [ 77%]
tests/test_start_team.py::TestRemovedHelpers::test_helper_removed[_write_stop] PASSED [ 77%]
tests/test_start_team.py::TestRemovedHelpers::test_helper_removed[_remove_stop] PASSED [ 77%]
tests/test_start_team.py::TestRemovedHelpers::test_helper_removed[_clean_stale_sentinels] PASSED [ 77%]
tests/test_start_team.py::TestRemovedHelpers::test_helper_removed[_harness_api] PASSED [ 77%]
tests/test_start_team.py::TestRemovedHelpers::test_helper_removed[_discover_harness_port] PASSED [ 77%]
tests/test_start_team.py::TestRemovedHelpers::test_helper_removed[_is_agent_idle] PASSED [ 77%]
tests/test_start_team.py::TestRemovedHelpers::test_no_direct_boot_remote_boot_agent_call PASSED [ 77%]
tests/test_start_team.py::TestRemovedHelpers::test_no_reboot_agent_kill_fallback PASSED [ 77%]
tests/test_start_team.py::TestSquidsquadCliPerRoleStart::test_cmd_start_no_role_starts_all PASSED [ 77%]
tests/test_start_team.py::TestSquidsquadCliPerRoleStart::test_cmd_start_no_role_returns_1_when_any_agent_fails PASSED [ 77%]
tests/test_start_team.py::TestSquidsquadCliPerRoleStart::test_cmd_start_with_role_targets_single_agent PASSED [ 77%]
tests/test_start_team.py::TestSquidsquadCliPerRoleStart::test_cmd_start_returns_1_when_role_start_fails PASSED [ 77%]
tests/test_state_bus.py::TestReadBranchConfig::test_reads_from_config PASSED [ 77%]
tests/test_state_bus.py::TestReadBranchConfig::test_defaults_when_missing PASSED [ 77%]
tests/test_state_bus.py::TestReadBranchConfig::test_defaults_when_no_section PASSED [ 77%]
tests/test_state_bus.py::TestWorktreeExists::test_true_when_git_present PASSED [ 77%]
tests/test_state_bus.py::TestWorktreeExists::test_false_when_missing PASSED [ 77%]
tests/test_state_bus.py::TestWorktreeExists::test_false_when_no_git PASSED [ 77%]
tests/test_state_bus.py::TestReadFile::test_reads_existing_file PASSED   [ 78%]
tests/test_state_bus.py::TestReadFile::test_returns_none_for_missing PASSED [ 78%]
tests/test_state_bus.py::TestReadFile::test_returns_none_when_no_worktree PASSED [ 78%]
tests/test_state_bus.py::TestWriteFile::test_writes_file PASSED          [ 78%]
tests/test_state_bus.py::TestWriteFile::test_creates_subdirs PASSED      [ 78%]
tests/test_state_bus.py::TestWriteFile::test_fails_when_no_worktree PASSED [ 78%]
tests/test_state_bus.py::TestStatus::test_outputs_json PASSED            [ 78%]
tests/test_state_bus.py::TestInitBranchRecovery::test_captures_original_branch PASSED [ 78%]
tests/test_state_bus.py::TestInitBranchRecovery::test_restores_branch_on_failure PASSED [ 78%]
tests/test_state_bus.py::TestInitBranchRecovery::test_no_hardcoded_main_fallback PASSED [ 78%]
tests/test_state_bus.py::TestIsStateFile::test_iterations_is_state PASSED [ 78%]
tests/test_state_bus.py::TestIsStateFile::test_working_state_is_state PASSED [ 78%]
tests/test_state_bus.py::TestIsStateFile::test_scan_history_is_state PASSED [ 78%]
tests/test_state_bus.py::TestIsStateFile::test_diagnostics_is_state PASSED [ 78%]
tests/test_state_bus.py::TestIsStateFile::test_config_is_not_state PASSED [ 78%]
tests/test_state_bus.py::TestIsStateFile::test_claude_md_is_not_state PASSED [ 78%]
tests/test_state_bus.py::TestIsStateFile::test_vault_is_not_state PASSED [ 78%]
tests/test_state_bus.py::TestIsStateFile::test_planning_is_not_state PASSED [ 78%]
tests/test_state_bus.py::TestIsStateFile::test_iterations_dir_no_trailing_slash PASSED [ 78%]
tests/test_state_bus.py::TestIsStateFile::test_diagnostics_dir_no_trailing_slash PASSED [ 78%]
tests/test_state_bus.py::TestStatePath::test_state_file_with_worktree PASSED [ 78%]
tests/test_state_bus.py::TestStatePath::test_non_state_file_stays_on_main PASSED [ 78%]
tests/test_state_bus.py::TestStatePath::test_state_file_without_worktree_falls_back PASSED [ 78%]
tests/test_state_bus.py::TestCLI::test_help PASSED                       [ 78%]
tests/test_state_bus.py::TestCLI::test_unknown_command PASSED            [ 78%]
tests/test_state_bus.py::TestCommitAndPushFailedCommit::test_returns_false_on_commit_failure PASSED [ 78%]
tests/test_state_bus.py::TestCommitAndPushFailedCommit::test_returns_true_on_commit_success PASSED [ 78%]
tests/test_state_bus.py::TestPushHardening9930::test_default_git_timeout_is_bounded PASSED [ 78%]
tests/test_state_bus.py::TestPushHardening9930::test_run_returns_124_on_timeout PASSED [ 78%]
tests/test_state_bus.py::TestPushHardening9930::test_run_passes_timeout_to_subprocess PASSED [ 78%]
tests/test_state_bus.py::TestPushHardening9930::test_run_default_timeout_is_none_for_backcompat PASSED [ 78%]
tests/test_state_bus.py::TestPushHardening9930::test_push_uses_gh_credential_override PASSED [ 78%]
tests/test_state_bus.py::TestPushHardening9930::test_push_bounded_by_default_timeout PASSED [ 78%]
tests/test_state_bus.py::TestPushHardening9930::test_retry_pull_uses_no_rebase PASSED [ 78%]
tests/test_state_bus.py::TestPushHardening9930::test_retry_pull_uses_credential_override PASSED [ 78%]
tests/test_state_bus.py::TestPushHardening9930::test_run_preserves_stdout_on_timeout PASSED [ 78%]
tests/test_state_bus.py::TestPushHardening9930::test_run_handles_none_streams_on_timeout PASSED [ 78%]
tests/test_state_bus.py::TestPushHardening9930::test_pull_timeout_triggers_remote_prune PASSED [ 78%]
tests/test_state_bus.py::TestPushHardening9930::test_pull_non_timeout_failure_does_not_prune PASSED [ 78%]
tests/test_state_bus.py::TestPushHardening9930::test_merge_abort_on_pull_failure PASSED [ 78%]
tests/test_state_bus.py::TestDivergenceDiagnostic9934::test_exhausted_loop_prints_divergence_counts PASSED [ 78%]
tests/test_state_bus.py::TestDivergenceDiagnostic9934::test_diagnostic_flags_content_conflict PASSED [ 78%]
tests/test_state_bus.py::TestDivergenceDiagnostic9934::test_diagnostic_skipped_on_success PASSED [ 79%]
tests/test_state_bus.py::TestDivergenceDiagnostic9934::test_diagnostic_tolerates_rev_list_failure PASSED [ 79%]
tests/test_statusline_data.py::TestGetWakeMode::test_delegates_to_canonical_helper PASSED [ 79%]
tests/test_statusline_data.py::TestGetWakeMode::test_falls_back_to_polling_on_import_failure PASSED [ 79%]
tests/test_statusline_data.py::TestReadCurrentStateFile::test_returns_first_line PASSED [ 79%]
tests/test_statusline_data.py::TestReadCurrentStateFile::test_missing_file_returns_empty PASSED [ 79%]
tests/test_statusline_data.py::TestCmdPhasePolling::test_returns_file_contents_in_polling_mode PASSED [ 79%]
tests/test_statusline_data.py::TestCmdPhaseEventDriven::test_queries_agents_endpoint_not_health PASSED [ 79%]
tests/test_statusline_data.py::TestCmdPhaseEventDriven::test_surfaces_non_running_intent_when_phase_empty PASSED [ 79%]
tests/test_statusline_data.py::TestCmdPhaseEventDriven::test_phase_wins_over_intent PASSED [ 79%]
tests/test_statusline_data.py::TestCmdPhaseEventDriven::test_running_intent_with_no_phase_does_not_surface PASSED [ 79%]
tests/test_statusline_data.py::TestCmdPhaseEventDriven::test_falls_back_to_file_when_harness_unreachable PASSED [ 79%]
tests/test_statusline_data.py::TestCmdPhaseEventDriven::test_no_state_anywhere_prints_nothing PASSED [ 79%]
tests/test_statusline_data.py::TestCmdMode::test_prints_wake_mode PASSED [ 79%]
tests/test_statusline_data.py::TestHarnessPort::test_reads_port_file PASSED [ 79%]
tests/test_statusline_data.py::TestHarnessPort::test_falls_back_to_default PASSED [ 79%]
tests/test_statusline_data.py::TestHarnessPort::test_corrupt_port_file_falls_back PASSED [ 79%]
tests/test_statusline_data.py::TestCLI::test_usage_error_on_missing_args PASSED [ 79%]
tests/test_statusline_data.py::TestCLI::test_unknown_command PASSED      [ 79%]
tests/test_statusline_data.py::TestCLI::test_phase_dispatches_to_cmd_phase PASSED [ 79%]
tests/test_statusline_schema.py::TestNoLegacyDevAgentsGrep::test_references_script_has_no_dev_agents_grep PASSED [ 79%]
tests/test_statusline_schema.py::TestNoLegacyDevAgentsGrep::test_live_script_has_no_dev_agents_grep PASSED [ 79%]
tests/test_statusline_schema.py::TestSchemaAwareAgentResolution::test_references_script_calls_list_agents PASSED [ 79%]
tests/test_statusline_schema.py::TestSchemaAwareAgentResolution::test_references_script_defines_dev_agents_list PASSED [ 79%]
tests/test_statusline_schema.py::TestSchemaAwareAgentResolution::test_references_script_defines_all_agent_ids PASSED [ 79%]
tests/test_statusline_schema.py::TestSchemaAwareAgentResolution::test_references_script_uses_dev_agents_in_backlog_cache PASSED [ 79%]
tests/test_statusline_schema.py::TestSchemaAwareAgentResolution::test_references_script_uses_all_agents_in_pm_health PASSED [ 79%]
tests/test_statusline_schema.py::TestSchemaAwareAgentResolution::test_references_script_uses_dev_agents_in_dm_work PASSED [ 79%]
tests/test_statusline_schema.py::TestStatuslineInSync::test_references_and_live_are_byte_identical PASSED [ 79%]
tests/test_statusline_schema.py::TestListAgentsCommand::test_command_runs_and_returns_tab_separated PASSED [ 79%]
tests/test_statusline_schema.py::TestListAgentsCommand::test_command_output_matches_json_agents PASSED [ 79%]
tests/test_statusline_schema.py::TestListAgentsCommand::test_help_lists_new_commands PASSED [ 79%]
tests/test_statusline_schema.py::TestVaultPendingQuestionsStatusline::test_references_script_calls_pending_count PASSED [ 79%]
tests/test_statusline_schema.py::TestVaultPendingQuestionsStatusline::test_references_script_defines_vault_q PASSED [ 79%]
tests/test_statusline_schema.py::TestVaultPendingQuestionsStatusline::test_references_script_has_fire_escalation PASSED [ 79%]
tests/test_statusline_schema.py::TestVaultPendingQuestionsStatusline::test_pm_line1_includes_vault_q PASSED [ 79%]
tests/test_statusline_schema.py::TestVaultPendingQuestionsStatusline::test_dm_line1_includes_vault_q PASSED [ 79%]
tests/test_statusline_schema.py::TestVaultPendingQuestionsStatusline::test_dev_line1_includes_vault_q PASSED [ 79%]
tests/test_statusline_schema.py::TestVaultPendingQuestionsStatusline::test_vault_q_empty_when_zero_questions PASSED [ 79%]
tests/test_statusline_schema.py::TestVaultPendingQuestionsStatusline::test_live_script_matches_references PASSED [ 79%]
tests/test_tc_coverage.py::TestParseTcIds::test_heading_dash_format PASSED [ 79%]
tests/test_tc_coverage.py::TestParseTcIds::test_heading_zero_padded PASSED [ 79%]
tests/test_tc_coverage.py::TestParseTcIds::test_heading_space_format PASSED [ 80%]
tests/test_tc_coverage.py::TestParseTcIds::test_table_row_format PASSED  [ 80%]
tests/test_tc_coverage.py::TestParseTcIds::test_cross_format_normalization PASSED [ 80%]
tests/test_tc_coverage.py::TestParseTcIds::test_prose_reference_not_matched PASSED [ 80%]
tests/test_tc_coverage.py::TestParseTcIds::test_empty_text PASSED        [ 80%]
tests/test_tc_coverage.py::TestParseTcIds::test_no_tcs PASSED            [ 80%]
tests/test_tc_coverage.py::TestParseTcResults::test_pass_result PASSED   [ 80%]
tests/test_tc_coverage.py::TestParseTcResults::test_fail_result PASSED   [ 80%]
tests/test_tc_coverage.py::TestParseTcResults::test_blocked_result PASSED [ 80%]
tests/test_tc_coverage.py::TestParseTcResults::test_invalid_not_applicable PASSED [ 80%]
tests/test_tc_coverage.py::TestParseTcResults::test_invalid_na PASSED    [ 80%]
tests/test_tc_coverage.py::TestParseTcResults::test_invalid_deferred PASSED [ 80%]
tests/test_tc_coverage.py::TestParseTcResults::test_table_row_result PASSED [ 80%]
tests/test_tc_coverage.py::TestParseTcResults::test_multiple_results PASSED [ 80%]
tests/test_tc_coverage.py::TestParseTcResults::test_heading_title_with_invalid_word_not_matched PASSED [ 80%]
tests/test_tc_coverage.py::TestParseTcResults::test_heading_title_with_deferred_not_matched PASSED [ 80%]
tests/test_tc_coverage.py::TestCheckCoverage::test_full_coverage_all_pass PASSED [ 80%]
tests/test_tc_coverage.py::TestCheckCoverage::test_full_coverage_mixed_results PASSED [ 80%]
tests/test_tc_coverage.py::TestCheckCoverage::test_missing_tcs PASSED    [ 80%]
tests/test_tc_coverage.py::TestCheckCoverage::test_invalid_not_applicable PASSED [ 80%]
tests/test_tc_coverage.py::TestCheckCoverage::test_invalid_deferred PASSED [ 80%]
tests/test_tc_coverage.py::TestCheckCoverage::test_tolerant_zero_padded PASSED [ 80%]
tests/test_tc_coverage.py::TestCheckCoverage::test_tolerant_no_zero_pad PASSED [ 80%]
tests/test_tc_coverage.py::TestCheckCoverage::test_tolerant_space_format PASSED [ 80%]
tests/test_tc_coverage.py::TestCheckCoverage::test_cross_format_matching PASSED [ 80%]
tests/test_tc_coverage.py::TestCheckCoverage::test_blocked_results_exit_2 PASSED [ 80%]
tests/test_tc_coverage.py::TestCheckCoverage::test_duplicate_tc_in_plan PASSED [ 80%]
tests/test_tc_coverage.py::TestCheckCoverage::test_extra_tcs_in_results PASSED [ 80%]
tests/test_tc_coverage.py::TestCheckCoverage::test_empty_plan PASSED     [ 80%]
tests/test_tc_coverage.py::TestCheckCoverage::test_empty_results PASSED  [ 80%]
tests/test_tc_coverage.py::TestCheckCoverage::test_prose_reference_not_counted PASSED [ 80%]
tests/test_tc_coverage.py::TestCheckCoverage::test_table_row_recognized PASSED [ 80%]
tests/test_tc_coverage.py::TestCheckCoverage::test_heading_title_with_invalid_words_not_false_positive PASSED [ 80%]
tests/test_tc_coverage.py::TestCheckCoverage::test_debug_flag PASSED     [ 80%]
tests/test_tc_coverage.py::TestAutoDiscovery::test_discovers_pm_planning PASSED [ 80%]
tests/test_tc_coverage.py::TestAutoDiscovery::test_pm_preferred_over_skill PASSED [ 80%]
tests/test_tc_coverage.py::TestAutoDiscovery::test_highest_revision_picked PASSED [ 80%]
tests/test_tc_coverage.py::TestAutoDiscovery::test_base_file_when_no_revisions PASSED [ 80%]
tests/test_tc_coverage.py::TestAutoDiscovery::test_no_test_plan_returns_none PASSED [ 80%]
tests/test_tc_coverage.py::TestCheckCoverageFileErrors::test_missing_test_plan_returns_1 PASSED [ 80%]
tests/test_tc_coverage.py::TestCheckCoverageFileErrors::test_missing_qa_results_returns_1 PASSED [ 80%]
tests/test_terminology_dual_aware_6274.py::test_ac1_1_dual_aware_identities_present PASSED [ 80%]
tests/test_terminology_dual_aware_6274.py::test_ac1_1_categorical_roles_still_present PASSED [ 81%]
tests/test_terminology_dual_aware_6274.py::test_ac1_1_dual_set_contains_at_least_six PASSED [ 81%]
tests/test_terminology_dual_aware_6274.py::test_ac1_1_dual_aware_constant_is_frozenset PASSED [ 81%]
tests/test_terminology_dual_aware_6274.py::test_ac1_2_dev_skill_resolves_pre_rename PASSED [ 81%]
tests/test_terminology_dual_aware_6274.py::test_ac1_2_worker_skill_resolves_pre_rename_via_alias PASSED [ 81%]
tests/test_terminology_dual_aware_6274.py::test_ac1_2_qa_and_verifier_resolve_identically PASSED [ 81%]
tests/test_terminology_dual_aware_6274.py::test_ac1_2_non_variant_inputs_return_none PASSED [ 81%]
tests/test_terminology_dual_aware_6274.py::test_ac1_2_alias_table_is_bidirectional PASSED [ 81%]
tests/test_terminology_dual_aware_6274.py::test_ac1_3_workers_short_name_in_field_map PASSED [ 81%]
tests/test_terminology_dual_aware_6274.py::test_ac1_3_dual_aware_mapping_present PASSED [ 81%]
tests/test_terminology_dual_aware_6274.py::test_ac1_3_workers_reads_legacy_field_with_warning PASSED [ 81%]
tests/test_terminology_dual_aware_6274.py::test_ac1_4_dual_label_for_dev_and_qa_inputs PASSED [ 81%]
tests/test_terminology_dual_aware_6274.py::test_ac1_4_dual_label_for_new_inputs_too PASSED [ 81%]
tests/test_terminology_dual_aware_6274.py::test_ac1_4_categorical_and_variants_not_dual_tagged PASSED [ 81%]
tests/test_terminology_dual_aware_6274.py::test_ac1_4_label_pair_table_bidirectional PASSED [ 81%]
tests/test_terminology_dual_aware_6274.py::test_ac1_4_role_suffix_new_form_silent PASSED [ 81%]
tests/test_terminology_dual_aware_6274.py::test_ac1_4_role_suffix_old_form_warns PASSED [ 81%]
tests/test_terminology_dual_aware_6274.py::test_ac1_4_unaffected_roles_pass_through_silently PASSED [ 81%]
tests/test_terminology_dual_aware_6274.py::test_ac1_5_migrate_script_has_label_pairs PASSED [ 81%]
tests/test_terminology_dual_aware_6274.py::test_ac1_5_migrate_script_exposes_dry_run_function PASSED [ 81%]
tests/test_terminology_dual_aware_6274.py::test_ac1_5_migrate_script_supports_dry_run_flag PASSED [ 81%]
tests/test_terminology_dual_aware_6274.py::test_ac1_6_vault_note_exists PASSED [ 81%]
tests/test_terminology_dual_aware_6274.py::test_ac1_6_vault_note_is_placeholder_with_tbd_date PASSED [ 81%]
tests/test_terminology_dual_aware_6274.py::test_ac1_6_vault_note_has_required_frontmatter PASSED [ 81%]
tests/test_terminology_dual_aware_6274.py::test_verify_dual_label_script_pairs_match_migration PASSED [ 81%]
tests/test_terminology_dual_aware_6274.py::test_verify_dual_label_script_has_days_flag PASSED [ 81%]
tests/test_thin_launcher.py::TestPIDManagement::test_write_pid PASSED    [ 81%]
tests/test_thin_launcher.py::TestPIDManagement::test_clear_pid PASSED    [ 81%]
tests/test_thin_launcher.py::TestPIDManagement::test_clear_pid_missing PASSED [ 81%]
tests/test_thin_launcher.py::TestEffortLevel::test_reads_effort_from_config PASSED [ 81%]
tests/test_thin_launcher.py::TestEffortLevel::test_defaults_to_high PASSED [ 81%]
tests/test_thin_launcher.py::TestEffortLevel::test_rejects_invalid_level PASSED [ 81%]
tests/test_thin_launcher.py::TestEffortLevel::test_handles_config_failure PASSED [ 81%]
tests/test_thin_launcher.py::TestClaudeInvocation::test_strict_mcp_config_flag PASSED [ 81%]
tests/test_thin_launcher.py::TestClaudeInvocation::test_append_system_prompt_includes_role PASSED [ 81%]
tests/test_thin_launcher.py::TestSpawnPromptIsModeNeutral::test_prompt_is_the_neutral_boot_trigger PASSED [ 81%]
tests/test_thin_launcher.py::TestSpawnPromptIsModeNeutral::test_prompt_does_not_force_loop_mode PASSED [ 81%]
tests/test_thin_launcher.py::TestSpawnPromptIsModeNeutral::test_prompt_defers_mode_to_boot_step_1 PASSED [ 81%]
tests/test_thin_launcher.py::TestSpawnPromptIsModeNeutral::test_legacy_boot_prompt_absent PASSED [ 81%]
tests/test_thin_launcher.py::TestSpawnPromptIsModeNeutral::test_no_interval_helper_remains PASSED [ 81%]
tests/test_thin_launcher.py::TestThinLauncherBoot::test_find_boot_script_prefers_thin_launcher PASSED [ 81%]
tests/test_thin_launcher.py::TestIsProcessAlive::test_invalid_pid_is_not_alive PASSED [ 82%]
tests/test_thin_launcher.py::TestIsProcessAlive::test_own_pid_is_alive PASSED [ 82%]
tests/test_thin_launcher.py::TestIsProcessAlive::test_unlikely_pid_is_not_alive PASSED [ 82%]
tests/test_thin_launcher.py::TestWin32KernelBinding10440::test_win32_branch_uses_get_last_error_not_kernel32_getlasterror PASSED [ 82%]
tests/test_thin_launcher.py::TestWin32KernelBinding10440::test_typed_binding_includes_toolhelp32 PASSED [ 82%]
tests/test_thin_launcher.py::TestCheckSingleton::test_no_pid_file_returns_none PASSED [ 82%]
tests/test_thin_launcher.py::TestCheckSingleton::test_corrupt_pid_file_returns_none PASSED [ 82%]
tests/test_thin_launcher.py::TestCheckSingleton::test_stale_pid_returns_none PASSED [ 82%]
tests/test_thin_launcher.py::TestCheckSingleton::test_alive_pid_returns_pid PASSED [ 82%]
tests/test_thin_launcher.py::TestCheckSingleton::test_own_pid_treated_as_stale PASSED [ 82%]
tests/test_thin_launcher.py::TestSingletonEnforcement::test_refuses_when_live_pid_exists PASSED [ 82%]
tests/test_thin_launcher.py::TestSingletonEnforcement::test_force_flag_overrides_singleton PASSED [ 82%]
tests/test_thin_launcher.py::TestSingletonEnforcement::test_proceeds_when_pid_is_stale PASSED [ 82%]
tests/test_thin_launcher.py::TestSingletonEnforcement::test_proceeds_when_no_pid_file PASSED [ 82%]
tests/test_thin_launcher.py::TestWritePidFailure::test_oserror_in_write_pid_does_not_orphan_child[0] PASSED [ 82%]
tests/test_thin_launcher.py::TestWritePidFailure::test_oserror_in_write_pid_does_not_orphan_child[42] PASSED [ 82%]
tests/test_thin_launcher.py::TestStaleScheduledLockReclaim::test_dead_holder_lock_reclaimed PASSED [ 82%]
tests/test_thin_launcher.py::TestStaleScheduledLockReclaim::test_live_holder_lock_preserved PASSED [ 82%]
tests/test_thin_launcher.py::TestStaleScheduledLockReclaim::test_no_lock_is_noop PASSED [ 82%]
tests/test_thin_launcher.py::TestStaleScheduledLockReclaim::test_unparseable_lock_preserved PASSED [ 82%]
tests/test_thin_launcher.py::TestStaleScheduledLockReclaim::test_missing_pid_field_preserved PASSED [ 82%]
tests/test_thin_launcher.py::TestStaleScheduledLockReclaim::test_main_launch_path_invokes_reclaim PASSED [ 82%]
tests/test_thin_launcher_10101.py::TestResolveClaudeExePidFastPath::test_returns_wrapper_pid_when_claude_exe_used_is_none PASSED [ 82%]
tests/test_thin_launcher_10101.py::TestResolveClaudeExePidFastPath::test_unix_exe_path_skips_walk PASSED [ 82%]
tests/test_thin_launcher_10101.py::TestResolveClaudeExePidFastPath::test_unix_extensionless_skips_walk PASSED [ 82%]
tests/test_thin_launcher_10101.py::TestResolveClaudeExePidWindowsAlwaysWalks::test_windows_walks_even_for_exe PASSED [ 82%]
tests/test_thin_launcher_10101.py::TestResolveClaudeExePidWindowsAlwaysWalks::test_windows_walks_for_unknown_extension PASSED [ 82%]
tests/test_thin_launcher_10101.py::TestResolveClaudeExePidShimPath::test_finds_direct_child_claude_exe_immediately PASSED [ 82%]
tests/test_thin_launcher_10101.py::TestResolveClaudeExePidShimPath::test_case_insensitive_shim_suffix PASSED [ 82%]
tests/test_thin_launcher_10101.py::TestResolveClaudeExePidShimPath::test_finds_grandchild_claude_exe_via_bfs PASSED [ 82%]
tests/test_thin_launcher_10101.py::TestResolveClaudeExePidShimPath::test_polls_until_claude_exe_appears PASSED [ 82%]
tests/test_thin_launcher_10101.py::TestResolveClaudeExePidShimPath::test_falls_back_to_wrapper_pid_on_timeout PASSED [ 82%]
tests/test_thin_launcher_10101.py::TestResolveClaudeExePidShimPath::test_ignores_non_claude_descendants PASSED [ 82%]
tests/test_thin_launcher_10101.py::TestResolveClaudeExePidShimPath::test_list_children_exception_does_not_crash PASSED [ 82%]
tests/test_thin_launcher_10101.py::TestResolveClaudeExePidBatAndPs1::test_bat_shim_triggers_walk PASSED [ 82%]
tests/test_thin_launcher_10101.py::TestResolveClaudeExePidBatAndPs1::test_ps1_shim_triggers_walk PASSED [ 82%]
tests/test_thin_launcher_10101.py::TestRealDescendantWalkersSmoke::test_win32_walker_returns_list_of_dicts_with_expected_keys PASSED [ 82%]
tests/test_thin_launcher_10101.py::TestRealDescendantWalkersSmoke::test_win32_walker_does_not_include_parent_pid PASSED [ 82%]
tests/test_thin_launcher_10101.py::TestRealDescendantWalkersSmoke::test_win32_walker_returns_empty_for_nonexistent_pid PASSED [ 82%]
tests/test_thin_launcher_10101.py::TestRealDescendantWalkersSmoke::test_posix_walker_returns_list_of_dicts_with_expected_keys SKIPPED [ 82%]
tests/test_thin_launcher_10101.py::TestRealDescendantWalkersSmoke::test_posix_walker_does_not_include_parent_pid SKIPPED [ 82%]
tests/test_thin_launcher_10101.py::TestDescendantMaxDepth::test_max_depth_constant_is_sensible PASSED [ 82%]
tests/test_tracker.py::TestCheckGh::test_success PASSED                  [ 83%]
tests/test_tracker.py::TestCheckGh::test_failure PASSED                  [ 83%]
tests/test_tracker.py::TestListIssues::test_returns_issues PASSED        [ 83%]
tests/test_tracker.py::TestListIssues::test_with_status_filter PASSED    [ 83%]
tests/test_tracker.py::TestListIssues::test_gh_failure_returns_empty PASSED [ 83%]
tests/test_tracker.py::TestListByLabels::test_returns_issues PASSED      [ 83%]
tests/test_tracker.py::TestListByLabels::test_uses_adapter_when_available PASSED [ 83%]
tests/test_tracker.py::TestListByLabels::test_state_parameter_passed_to_gh PASSED [ 83%]
tests/test_tracker.py::TestListByLabels::test_state_defaults_to_open PASSED [ 83%]
tests/test_tracker.py::TestListByLabels::test_state_parameter_passed_to_adapter PASSED [ 83%]
tests/test_tracker.py::TestListAllOpen::test_returns_issues PASSED       [ 83%]
tests/test_tracker.py::TestCreateIssue::test_creates_with_correct_labels PASSED [ 83%]
tests/test_tracker.py::TestCreateIssue::test_strips_duplicate_prefix PASSED [ 83%]
tests/test_tracker.py::TestCreateTask::test_creates_with_pending_status PASSED [ 83%]
tests/test_tracker.py::TestCreateTask::test_create_task_forge_adapter_path PASSED [ 83%]
tests/test_tracker.py::TestCreateTask::test_create_task_includes_reporter PASSED [ 83%]
tests/test_tracker.py::TestCommentNoRedundantImport::test_no_local_re_import PASSED [ 83%]
tests/test_tracker.py::TestComment::test_adds_comment PASSED             [ 83%]
tests/test_tracker.py::TestGetLabels::test_returns_label_names PASSED    [ 83%]
tests/test_tracker.py::TestGetState::test_returns_state PASSED           [ 83%]
tests/test_tracker.py::TestGetState::test_closed_state PASSED            [ 83%]
tests/test_tracker.py::TestGetState::test_adapter_returns_state PASSED   [ 83%]
tests/test_tracker.py::TestGetState::test_adapter_missing_state_returns_unknown PASSED [ 83%]
tests/test_tracker.py::TestGetState::test_adapter_empty_state_returns_unknown PASSED [ 83%]
tests/test_tracker.py::TestGetState::test_adapter_no_data_returns_unknown PASSED [ 83%]
tests/test_tracker.py::TestCloseIssue::test_calls_close PASSED           [ 83%]
tests/test_tracker.py::TestParseArgs::test_basic_command PASSED          [ 83%]
tests/test_tracker.py::TestParseArgs::test_with_options PASSED           [ 83%]
tests/test_tracker.py::TestParseArgs::test_positional_args PASSED        [ 83%]
tests/test_tracker.py::TestWorkQueue::test_empty_queue PASSED            [ 83%]
tests/test_tracker.py::TestWorkQueue::test_single_item PASSED            [ 83%]
tests/test_tracker.py::TestWorkQueue::test_in_progress_first PASSED      [ 83%]
tests/test_tracker.py::TestWorkQueue::test_severity_ordering PASSED      [ 83%]
tests/test_tracker.py::TestWorkQueue::test_issues_before_tasks PASSED    [ 83%]
tests/test_tracker.py::TestWorkQueue::test_skips_non_actionable_statuses PASSED [ 83%]
tests/test_tracker.py::TestWorkQueue::test_mixed_queue_full_ordering PASSED [ 83%]
tests/test_tracker.py::TestWorkQueue::test_gh_failure_returns_empty PASSED [ 83%]
tests/test_tracker.py::TestLabelConsistency::test_all_transition_statuses_in_status_labels PASSED [ 83%]
tests/test_tracker.py::TestLabelConsistency::test_all_authority_statuses_in_status_labels PASSED [ 83%]
tests/test_tracker.py::TestLabelConsistency::test_no_pending_review_without_human PASSED [ 83%]
tests/test_tracker.py::TestCheckMergedPr::test_returns_pr_when_branch_matches_merged_pr PASSED [ 83%]
tests/test_tracker.py::TestCheckMergedPr::test_returns_none_when_no_merged_pr PASSED [ 83%]
tests/test_tracker.py::TestCheckMergedPr::test_returns_none_when_pr_branch_mismatches_issue_number PASSED [ 84%]
tests/test_tracker.py::TestCheckMergedPr::test_returns_none_on_gh_failure PASSED [ 84%]
tests/test_tracker.py::TestCheckMergedPr::test_returns_none_on_malformed_gh_output PASSED [ 84%]
tests/test_tracker.py::TestCheckMergedPr::test_queries_for_merged_state PASSED [ 84%]
tests/test_tracker.py::TestCheckMergedPr::test_adapter_path_happy_path PASSED [ 84%]
tests/test_tracker.py::TestCheckMergedPr::test_adapter_path_returns_none_when_exception PASSED [ 84%]
tests/test_tracker.py::TestTransitionShipGateSquashMerge::test_ship_allowed_when_squash_merged PASSED [ 84%]
tests/test_tracker.py::TestTransitionShipGateSquashMerge::test_ship_blocked_when_branch_unmerged_and_no_merged_pr PASSED [ 84%]
tests/test_tracker_authority.py::TestCanonicalizeRole::test_canonicalization[skill-lead-skill] PASSED [ 84%]
tests/test_tracker_authority.py::TestCanonicalizeRole::test_canonicalization[fe-lead-fe] PASSED [ 84%]
tests/test_tracker_authority.py::TestCanonicalizeRole::test_canonicalization[pm-pm] PASSED [ 84%]
tests/test_tracker_authority.py::TestCanonicalizeRole::test_canonicalization[pm-lead-pm] PASSED [ 84%]
tests/test_tracker_authority.py::TestCanonicalizeRole::test_canonicalization[qa-qa0] PASSED [ 84%]
tests/test_tracker_authority.py::TestCanonicalizeRole::test_canonicalization[qa-lead-qa0] PASSED [ 84%]
tests/test_tracker_authority.py::TestCanonicalizeRole::test_canonicalization[dm-lead-dm] PASSED [ 84%]
tests/test_tracker_authority.py::TestCanonicalizeRole::test_canonicalization[qa-qa1] PASSED [ 84%]
tests/test_tracker_authority.py::TestCanonicalizeRole::test_canonicalization[qa-lead-qa1] PASSED [ 84%]
tests/test_tracker_authority.py::TestCanonicalizeRole::test_canonicalization[pm (pm)-pm] PASSED [ 84%]
tests/test_tracker_authority.py::TestCanonicalizeRole::test_canonicalization[qa-lead (tester)-qa] PASSED [ 84%]
tests/test_tracker_authority.py::TestCanonicalizeRole::test_canonicalization[skill-lead (wally)-skill] PASSED [ 84%]
tests/test_tracker_authority.py::TestCanonicalizeRole::test_none PASSED  [ 84%]
tests/test_tracker_authority.py::TestCanonicalizeRole::test_empty PASSED [ 84%]
tests/test_tracker_authority.py::TestAuthorityTable::test_every_legal_transition_has_authority PASSED [ 84%]
tests/test_tracker_authority.py::TestAuthorityTable::test_no_authority_for_illegal_transitions PASSED [ 84%]
tests/test_tracker_authority.py::TestAuthorityTable::test_terminal_shipped_has_no_authority PASSED [ 84%]
tests/test_tracker_authority.py::TestCheckAuthority::test_skill_lead_cannot_ship PASSED [ 84%]
tests/test_tracker_authority.py::TestCheckAuthority::test_dm_lead_can_ship PASSED [ 84%]
tests/test_tracker_authority.py::TestCheckAuthority::test_dm_short_form_can_ship PASSED [ 84%]
tests/test_tracker_authority.py::TestCheckAuthority::test_dm_can_skip_qa_in_progress_to_pending_ship PASSED [ 84%]
tests/test_tracker_authority.py::TestCheckAuthority::test_skill_cannot_skip_qa_in_progress_to_pending_ship PASSED [ 84%]
tests/test_tracker_authority.py::TestCheckAuthority::test_dm_can_rollback_pending_ship_to_in_progress PASSED [ 84%]
tests/test_tracker_authority.py::TestCheckAuthority::test_pm_can_approve_pending PASSED [ 84%]
tests/test_tracker_authority.py::TestCheckAuthority::test_skill_cannot_approve_pending PASSED [ 84%]
tests/test_tracker_authority.py::TestCheckAuthority::test_pm_can_transition_planning_to_planned PASSED [ 84%]
tests/test_tracker_authority.py::TestCheckAuthority::test_qa_can_approve_pending_test PASSED [ 84%]
tests/test_tracker_authority.py::TestCheckAuthority::test_qa_can_reject_pending_test PASSED [ 84%]
tests/test_tracker_authority.py::TestCheckAuthority::test_pm_can_approve_pending_test PASSED [ 84%]
tests/test_tracker_authority.py::TestCheckAuthority::test_pm_can_reject_pending_test PASSED [ 84%]
tests/test_tracker_authority.py::TestCheckAuthority::test_skill_cannot_approve_pending_test PASSED [ 84%]
tests/test_tracker_authority.py::TestCheckAuthority::test_dm_cannot_approve_pending_test PASSED [ 84%]
tests/test_tracker_authority.py::TestCheckAuthority::test_assigned_dev_can_pick_up PASSED [ 84%]
tests/test_tracker_authority.py::TestCheckAuthority::test_unassigned_dev_cannot_pick_up PASSED [ 84%]
tests/test_tracker_authority.py::TestCheckAuthority::test_multiple_role_labels PASSED [ 85%]
tests/test_tracker_authority.py::TestCheckAuthority::test_assignee_transition_without_role_label PASSED [ 85%]
tests/test_tracker_authority.py::TestCheckAuthority::test_dm_can_triage_own_bug PASSED [ 85%]
tests/test_tracker_authority.py::TestCheckAuthority::test_skill_cannot_triage_dm_bug PASSED [ 85%]
tests/test_tracker_authority.py::TestCheckAuthority::test_missing_role_rejected PASSED [ 85%]
tests/test_tracker_authority.py::TestCheckAuthority::test_empty_role_rejected PASSED [ 85%]
tests/test_tracker_authority.py::TestCheckAuthority::test_pm_forms_all_accepted[pm] PASSED [ 85%]
tests/test_tracker_authority.py::TestCheckAuthority::test_pm_forms_all_accepted[pm-lead] PASSED [ 85%]
tests/test_tracker_authority.py::TestCheckAuthority::test_pm_forms_all_accepted[pm (alice)] PASSED [ 85%]
tests/test_tracker_authority.py::TestCheckAuthority::test_dm_forms_all_accepted[dm] PASSED [ 85%]
tests/test_tracker_authority.py::TestCheckAuthority::test_dm_forms_all_accepted[dm-lead] PASSED [ 85%]
tests/test_tracker_authority.py::TestCheckAuthority::test_dm_forms_all_accepted[dm (wally)] PASSED [ 85%]
tests/test_tracker_authority.py::TestPendingHumanApproval::test_pm_can_move_to_planning PASSED [ 85%]
tests/test_tracker_authority.py::TestPendingHumanApproval::test_pm_can_fast_track_to_approved PASSED [ 85%]
tests/test_tracker_authority.py::TestPendingHumanApproval::test_skill_cannot_approve_pending_human_approval PASSED [ 85%]
tests/test_tracker_authority.py::TestPendingHumanApproval::test_dm_cannot_touch_intake PASSED [ 85%]
tests/test_tracker_authority.py::TestPendingHumanReview::test_assigned_worker_can_self_pause PASSED [ 85%]
tests/test_tracker_authority.py::TestPendingHumanReview::test_unassigned_worker_cannot_self_pause PASSED [ 85%]
tests/test_tracker_authority.py::TestPendingHumanReview::test_assigned_worker_can_handle_redirect PASSED [ 85%]
tests/test_tracker_authority.py::TestPendingHumanReview::test_assigned_worker_can_handle_approval PASSED [ 85%]
tests/test_tracker_authority.py::TestPendingHumanReview::test_pm_can_approve_hitl_via_pr_flow PASSED [ 85%]
tests/test_tracker_authority.py::TestPendingHumanReview::test_pm_can_redirect_hitl_via_pr_flow PASSED [ 85%]
tests/test_tracker_authority.py::TestPendingHumanSetup::test_assigned_worker_can_self_pause_for_setup PASSED [ 85%]
tests/test_tracker_authority.py::TestPendingHumanSetup::test_other_worker_cannot_self_pause_for_setup PASSED [ 85%]
tests/test_tracker_authority.py::TestPendingHumanSetup::test_pm_completes_setup_and_hands_back PASSED [ 85%]
tests/test_tracker_authority.py::TestPendingHumanSetup::test_assigned_worker_cannot_resume_own_setup PASSED [ 85%]
tests/test_tracker_authority.py::TestPhaseECoverage::test_every_legal_transition_has_authority_including_new_rows PASSED [ 85%]
tests/test_tracker_authority.py::TestPhaseECoverage::test_new_labels_are_in_status_labels_map PASSED [ 85%]
tests/test_tracker_authority.py::TestPhaseECoverage::test_old_pending_label_still_legal PASSED [ 85%]
tests/test_tracker_authority.py::TestTransitionEnforcement::test_unauthorized_transition_exits PASSED [ 85%]
tests/test_tracker_authority.py::TestTransitionEnforcement::test_force_bypasses_authority PASSED [ 85%]
tests/test_tracker_authority.py::TestTransitionEnforcement::test_illegal_transition_rejected_even_with_force PASSED [ 85%]
tests/test_tracker_authority.py::TestTransitionEnforcement::test_missing_role_rejected PASSED [ 85%]
tests/test_tracker_authority.py::TestStatusTransitionEventEmission::test_emits_status_transition_event PASSED [ 85%]
tests/test_tracker_authority.py::TestStatusTransitionEventEmission::test_emits_on_all_transitions_not_just_in_progress PASSED [ 85%]
tests/test_tracker_authority.py::TestStatusTransitionEventEmission::test_no_dead_task_start_task_end_events PASSED [ 85%]
tests/test_tracker_authority.py::TestPendingShipBackwardTransition::test_pm_can_route_back PASSED [ 85%]
tests/test_tracker_authority.py::TestPendingShipBackwardTransition::test_qa_can_route_back PASSED [ 85%]
tests/test_tracker_authority.py::TestPendingShipBackwardTransition::test_dev_cannot_route_back PASSED [ 85%]
tests/test_tracker_authority.py::TestShippedPRGuard::test_blocks_when_unmerged_pr_exists PASSED [ 85%]
tests/test_tracker_authority.py::TestShippedPRGuard::test_allows_when_no_pr PASSED [ 85%]
tests/test_tracker_authority.py::TestShippedPRGuard::test_force_does_not_bypass_pr_check PASSED [ 85%]
tests/test_tracker_authority.py::TestShippedBranchGuard::test_blocks_when_unmerged_branch_exists PASSED [ 86%]
tests/test_tracker_authority.py::TestShippedBranchGuard::test_allows_when_branch_fully_merged PASSED [ 86%]
tests/test_tracker_authority.py::TestShippedBranchGuard::test_allows_when_no_feature_branch PASSED [ 86%]
tests/test_tracker_authority.py::TestShippedBranchGuard::test_force_does_not_bypass_branch_check PASSED [ 86%]
tests/test_tracker_authority.py::TestShippedBranchGuard::test_ignores_branch_with_wrong_issue_number PASSED [ 86%]
tests/test_tracker_authority.py::TestDraftPRConversion::test_converts_draft_to_ready PASSED [ 86%]
tests/test_tracker_authority.py::TestDraftPRConversion::test_skips_non_draft_pr PASSED [ 86%]
tests/test_tracker_authority.py::TestDraftPRConversion::test_pending_test_converts_draft_to_ready PASSED [ 86%]
tests/test_tracker_authority.py::TestDraftPRConversion::test_no_pr_is_silent_noop PASSED [ 86%]
tests/test_tracker_authority.py::TestForgejoAdapterDraftConversion::test_forgejo_adapter_calls_pr_ready PASSED [ 86%]
tests/test_tracker_authority.py::TestForgejoAdapterDraftConversion::test_forgejo_adapter_skips_non_draft PASSED [ 86%]
tests/test_tracker_authority.py::TestForgejoAdapterDraftConversion::test_forgejo_adapter_no_matching_pr PASSED [ 86%]
tests/test_tracker_authority.py::TestListIssuesLabelConstruction::test_no_status_filter PASSED [ 86%]
tests/test_tracker_authority.py::TestListIssuesLabelConstruction::test_status_open_filter PASSED [ 86%]
tests/test_tracker_authority.py::TestListIssuesLabelConstruction::test_status_pending_filter PASSED [ 86%]
tests/test_tracker_authority.py::TestListIssuesLabelConstruction::test_task_type PASSED [ 86%]
tests/test_tracker_authority.py::TestListIssuesLabelConstruction::test_backward_compat_bug_alias PASSED [ 86%]
tests/test_tracker_authority.py::TestListIssuesLabelConstruction::test_backward_compat_feature_alias PASSED [ 86%]
tests/test_triage.py::TestParseCommentRole::test_simple_role PASSED      [ 86%]
tests/test_triage.py::TestParseCommentRole::test_role_with_alias PASSED  [ 86%]
tests/test_triage.py::TestParseCommentRole::test_role_with_lead_suffix PASSED [ 86%]
tests/test_triage.py::TestParseCommentRole::test_role_with_alias_and_lead PASSED [ 86%]
tests/test_triage.py::TestParseCommentRole::test_qa_role PASSED          [ 86%]
tests/test_triage.py::TestParseCommentRole::test_dm_role PASSED          [ 86%]
tests/test_triage.py::TestParseCommentRole::test_no_role_prefix PASSED   [ 86%]
tests/test_triage.py::TestParseCommentRole::test_empty_string PASSED     [ 86%]
tests/test_triage.py::TestParseCommentRole::test_malformed_bold PASSED   [ 86%]
tests/test_triage.py::TestQaFeedbackRoles::test_pm_is_feedback_role PASSED [ 86%]
tests/test_triage.py::TestQaFeedbackRoles::test_qa_is_feedback_role PASSED [ 86%]
tests/test_triage.py::TestQaFeedbackRoles::test_skill_is_not_feedback_role PASSED [ 86%]
tests/test_triage.py::TestQaFeedbackRoles::test_dm_is_not_feedback_role PASSED [ 86%]
tests/test_triage.py::TestTriageScript::test_module_has_find_qa_rejected PASSED [ 86%]
tests/test_triage.py::TestTriageScript::test_module_has_main PASSED      [ 86%]
tests/test_triage.py::TestTriageScript::test_parse_comment_role_is_exported PASSED [ 86%]
tests/test_triage.py::TestTriageLiveSmoke::test_qa_rejected_returns_list PASSED [ 86%]
tests/test_triage.py::TestTriageLiveSmoke::test_qa_rejected_nonexistent_role_returns_empty PASSED [ 86%]
tests/test_triage.py::TestOwnCommentDetection::test_lead_suffix_comment_recognized_as_own PASSED [ 86%]
tests/test_triage.py::TestFindQaRejectedErrorIsolation::test_gh_failure_on_one_issue_does_not_abort PASSED [ 86%]
tests/test_triage.py::TestParseTimestamp::test_z_suffix PASSED           [ 86%]
tests/test_triage.py::TestParseTimestamp::test_offset_format PASSED      [ 86%]
tests/test_triage.py::TestParseTimestamp::test_no_timezone PASSED        [ 86%]
tests/test_triage.py::TestParseTimestamp::test_none_returns_none PASSED  [ 86%]
tests/test_triage.py::TestParseTimestamp::test_empty_string_returns_none PASSED [ 87%]
tests/test_triage.py::TestParseTimestamp::test_garbage_returns_none PASSED [ 87%]
tests/test_triage.py::TestParseTimestamp::test_z_and_offset_compare_equal PASSED [ 87%]
tests/test_triage.py::TestParseTimestamp::test_ordering_works PASSED     [ 87%]
tests/test_v2_catalog_gate_d3.py::TestFindReferences::test_finds_plain_name PASSED [ 87%]
tests/test_v2_catalog_gate_d3.py::TestFindReferences::test_finds_multiple PASSED [ 87%]
tests/test_v2_catalog_gate_d3.py::TestFindReferences::test_finds_slash_bearing_name PASSED [ 87%]
tests/test_v2_catalog_gate_d3.py::TestFindReferences::test_ignores_unrelated_arrows PASSED [ 87%]
tests/test_v2_catalog_gate_d3.py::TestFindReferences::test_duplicates_preserved_in_extraction PASSED [ 87%]
tests/test_v2_catalog_gate_d3.py::TestCleanCompose::test_all_refs_resolved_returns_clean PASSED [ 87%]
tests/test_v2_catalog_gate_d3.py::TestCleanCompose::test_no_references_at_all_returns_clean PASSED [ 87%]
tests/test_v2_catalog_gate_d3.py::TestUnresolved::test_single_unresolved_aborts PASSED [ 87%]
tests/test_v2_catalog_gate_d3.py::TestUnresolved::test_multiple_unresolved_all_reported PASSED [ 87%]
tests/test_v2_catalog_gate_d3.py::TestUnresolved::test_duplicate_unresolved_reference_collapses_to_one_issue PASSED [ 87%]
tests/test_v2_catalog_gate_d3.py::TestMissingSourceFile::test_resolved_but_file_missing_aborts PASSED [ 87%]
tests/test_v2_catalog_gate_d3.py::TestMixedIssues::test_clean_plus_unresolved_plus_missing_all_reported PASSED [ 87%]
tests/test_v2_catalog_gate_d3.py::TestCatalogGateError::test_error_message_includes_alias_and_report PASSED [ 87%]
tests/test_v2_catalog_gate_d3.py::TestCatalogGateError::test_error_has_structured_result_attribute PASSED [ 87%]
tests/test_v2_catalog_gate_d3.py::TestV1Untouched::test_only_v2_dispatch_imports_gate PASSED [ 87%]
tests/test_v2_link_stage.py::test_emit_v2_linked_returns_string PASSED   [ 87%]
tests/test_v2_link_stage.py::test_emit_v2_linked_emits_exactly_six_h2_sections_in_canonical_order PASSED [ 87%]
tests/test_v2_link_stage.py::test_emit_v2_linked_emits_empty_section_for_absent_slot PASSED [ 87%]
tests/test_v2_link_stage.py::test_emit_v2_linked_groups_by_slot PASSED   [ 87%]
tests/test_v2_link_stage.py::test_emit_v2_linked_sorts_within_slot_by_ordinal PASSED [ 87%]
tests/test_v2_link_stage.py::test_emit_v2_linked_applies_l4_replace_step_op PASSED [ 87%]
tests/test_v2_link_stage.py::test_emit_v2_linked_missing_l4_is_noop PASSED [ 87%]
tests/test_v2_link_stage.py::test_emit_v2_linked_byte_stable_across_runs PASSED [ 87%]
tests/test_v2_link_stage.py::test_emit_v2_linked_skips_files_without_frontmatter PASSED [ 87%]
tests/test_v2_link_stage.py::test_emit_v2_linked_respects_roles_extras_filter PASSED [ 87%]
tests/test_v2_link_stage.py::test_emit_v2_linked_includes_l3_domain_files PASSED [ 87%]
tests/test_v2_link_stage.py::test_emit_v2_linked_excludes_other_l3_domain_files PASSED [ 87%]
tests/test_v2_link_stage.py::test_emit_v2_linked_l3_none_excludes_all_l3_files PASSED [ 87%]
tests/test_v2_link_stage.py::test_strip_frontmatter_removes_block PASSED [ 87%]
tests/test_v2_link_stage.py::test_strip_frontmatter_no_op_when_absent PASSED [ 87%]
tests/test_v2_link_stage.py::test_canonical_slot_order_is_six PASSED     [ 87%]
tests/test_v2_link_stage.py::test_canonical_slot_order_matches_trd PASSED [ 87%]
tests/test_v2_link_stage.py::test_extract_inline_ops_no_ops_passes_through PASSED [ 87%]
tests/test_v2_link_stage.py::test_extract_inline_ops_empty_body_returns_empty PASSED [ 87%]
tests/test_v2_link_stage.py::test_extract_inline_ops_insert_after_extracted PASSED [ 87%]
tests/test_v2_link_stage.py::test_extract_inline_ops_insert_before_extracted PASSED [ 87%]
tests/test_v2_link_stage.py::test_extract_inline_ops_replace_step_extracted PASSED [ 87%]
tests/test_v2_link_stage.py::test_extract_inline_ops_bare_append_extracted PASSED [ 87%]
tests/test_v2_link_stage.py::test_extract_inline_ops_bare_replace_extracted PASSED [ 88%]
tests/test_v2_link_stage.py::test_extract_inline_ops_multiple_ops_in_source_order PASSED [ 88%]
tests/test_v2_link_stage.py::test_extract_inline_ops_non_op_h3_in_pre_op_body PASSED [ 88%]
tests/test_v2_link_stage.py::test_extract_inline_ops_h4_step_heading_inside_op_body PASSED [ 88%]
tests/test_v2_link_stage.py::test_extract_inline_ops_op_body_trailing_newlines_stripped PASSED [ 88%]
tests/test_v2_link_stage.py::test_emit_v2_linked_applies_l2_insert_after_step_op PASSED [ 88%]
tests/test_v2_link_stage.py::test_extract_inline_ops_h2_boundary_terminates_op_body PASSED [ 88%]
tests/test_v2_test_helpers.py::test_expand_inlines_existing_include PASSED [ 88%]
tests/test_v2_test_helpers.py::test_expand_skips_runtime_fragments PASSED [ 88%]
tests/test_v2_test_helpers.py::test_expand_emits_error_for_missing_file PASSED [ 88%]
tests/test_v2_test_helpers.py::test_expand_strips_outer_markers PASSED   [ 88%]
tests/test_v2_test_helpers.py::test_expand_strips_yaml_frontmatter PASSED [ 88%]
tests/test_v2_test_helpers.py::test_expand_passes_non_include_lines_through PASSED [ 88%]
tests/test_vault.py::TestVaultStructure::test_vault_exists PASSED        [ 88%]
tests/test_vault.py::TestVaultStructure::test_core_parag_dirs_exist[projects] PASSED [ 88%]
tests/test_vault.py::TestVaultStructure::test_core_parag_dirs_exist[areas] PASSED [ 88%]
tests/test_vault.py::TestVaultStructure::test_core_parag_dirs_exist[galaxy] PASSED [ 88%]
tests/test_vault.py::TestVaultStructure::test_optional_parag_dirs_exist[resources] PASSED [ 88%]
tests/test_vault.py::TestVaultStructure::test_optional_parag_dirs_exist[archives] PASSED [ 88%]
tests/test_vault.py::TestVaultStructure::test_briefing_exists PASSED     [ 88%]
tests/test_vault.py::TestVaultTemplates::test_templates_dir_exists PASSED [ 88%]
tests/test_vault.py::TestVaultTemplates::test_template_exists[areas-template.md] PASSED [ 88%]
tests/test_vault.py::TestVaultTemplates::test_template_exists[galaxy-template.md] PASSED [ 88%]
tests/test_vault.py::TestVaultTemplates::test_template_exists[projects-template.md] PASSED [ 88%]
tests/test_vault.py::TestVaultTemplates::test_template_exists[human-profile-seed.md] PASSED [ 88%]
tests/test_vault.py::TestVaultTemplates::test_template_exists[BRIEFING.md] PASSED [ 88%]
tests/test_vault.py::TestGalaxyNotes::test_galaxy_notes_have_valid_prefix PASSED [ 88%]
tests/test_vault.py::TestGalaxyNotes::test_galaxy_notes_have_frontmatter PASSED [ 88%]
tests/test_vault_check.py::TestParseFrontmatter::test_valid_frontmatter PASSED [ 88%]
tests/test_vault_check.py::TestParseFrontmatter::test_missing_frontmatter PASSED [ 88%]
tests/test_vault_check.py::TestParseFrontmatter::test_incomplete_frontmatter PASSED [ 88%]
tests/test_vault_check.py::TestParseFrontmatter::test_empty_values PASSED [ 88%]
tests/test_vault_check.py::TestExtractWikilinks::test_extracts_links PASSED [ 88%]
tests/test_vault_check.py::TestExtractWikilinks::test_no_links PASSED    [ 88%]
tests/test_vault_check.py::TestExtractWikilinks::test_nested_brackets_ignored PASSED [ 88%]
tests/test_vault_check.py::TestExtractWikilinks::test_pipe_alias_stripped PASSED [ 88%]
tests/test_vault_check.py::TestExtractWikilinks::test_pipe_alias_with_spaces PASSED [ 88%]
tests/test_vault_check.py::TestExtractWikilinks::test_mixed_bare_and_aliased PASSED [ 88%]
tests/test_vault_check.py::TestCheckStructure::test_valid_structure PASSED [ 88%]
tests/test_vault_check.py::TestCheckStructure::test_missing_directory PASSED [ 88%]
tests/test_vault_check.py::TestCheckStructure::test_missing_briefing PASSED [ 88%]
tests/test_vault_check.py::TestCheckStructure::test_vault_not_exists PASSED [ 88%]
tests/test_vault_check.py::TestCheckFrontmatter::test_valid_note PASSED  [ 89%]
tests/test_vault_check.py::TestCheckFrontmatter::test_missing_fields PASSED [ 89%]
tests/test_vault_check.py::TestCheckFrontmatter::test_invalid_prefix PASSED [ 89%]
tests/test_vault_check.py::TestCheckFrontmatter::test_invalid_confidence PASSED [ 89%]
tests/test_vault_check.py::TestCheckFrontmatter::test_no_galaxy_dir PASSED [ 89%]
tests/test_vault_check.py::TestCheckWikilinks::test_valid_links PASSED   [ 89%]
tests/test_vault_check.py::TestCheckWikilinks::test_broken_link PASSED   [ 89%]
tests/test_vault_check.py::TestListOrphans::test_linked_note_not_orphan PASSED [ 89%]
tests/test_vault_check.py::TestListOrphans::test_unlinked_note_is_orphan PASSED [ 89%]
tests/test_vault_check.py::TestSuggestConnections::test_suggests_by_tag_overlap PASSED [ 89%]
tests/test_vault_check.py::TestSuggestConnections::test_no_suggestions_for_unrelated PASSED [ 89%]
tests/test_vault_check.py::TestSuggestConnections::test_skips_already_linked PASSED [ 89%]
tests/test_vault_check.py::TestDedupCheck::test_finds_near_duplicate PASSED [ 89%]
tests/test_vault_check.py::TestDedupCheck::test_no_match_for_unrelated PASSED [ 89%]
tests/test_vault_check.py::TestParseTagString::test_yaml_list PASSED     [ 89%]
tests/test_vault_check.py::TestParseTagString::test_plain_csv PASSED     [ 89%]
tests/test_vault_check.py::TestParseTagString::test_empty PASSED         [ 89%]
tests/test_vault_check.py::TestValidate::test_passes_on_valid_vault PASSED [ 89%]
tests/test_vault_check.py::TestValidate::test_fails_on_missing_structure PASSED [ 89%]
tests/test_vault_check_unit.py::TestParseFrontmatter::test_valid_frontmatter PASSED [ 89%]
tests/test_vault_check_unit.py::TestParseFrontmatter::test_missing_frontmatter PASSED [ 89%]
tests/test_vault_check_unit.py::TestParseFrontmatter::test_incomplete_frontmatter PASSED [ 89%]
tests/test_vault_check_unit.py::TestParseFrontmatter::test_empty_frontmatter PASSED [ 89%]
tests/test_vault_check_unit.py::TestExtractWikilinks::test_extracts_links PASSED [ 89%]
tests/test_vault_check_unit.py::TestExtractWikilinks::test_no_links PASSED [ 89%]
tests/test_vault_check_unit.py::TestExtractWikilinks::test_nested_brackets_handled PASSED [ 89%]
tests/test_vault_check_unit.py::TestParseTagString::test_yaml_list_format PASSED [ 89%]
tests/test_vault_check_unit.py::TestParseTagString::test_comma_separated PASSED [ 89%]
tests/test_vault_check_unit.py::TestParseTagString::test_empty_string PASSED [ 89%]
tests/test_vault_check_unit.py::TestParseTagString::test_none PASSED     [ 89%]
tests/test_vault_check_unit.py::TestStripGalaxyPrefix::test_strips_decision PASSED [ 89%]
tests/test_vault_check_unit.py::TestStripGalaxyPrefix::test_strips_pattern PASSED [ 89%]
tests/test_vault_check_unit.py::TestStripGalaxyPrefix::test_no_prefix PASSED [ 89%]
tests/test_vault_check_unit.py::TestCheckStructure::test_valid_structure PASSED [ 89%]
tests/test_vault_check_unit.py::TestCheckStructure::test_missing_dirs PASSED [ 89%]
tests/test_vault_check_unit.py::TestCheckStructure::test_missing_vault PASSED [ 89%]
tests/test_vault_check_unit.py::TestCheckStructure::test_missing_briefing PASSED [ 89%]
tests/test_vault_check_unit.py::TestCheckFrontmatter::test_valid_note PASSED [ 89%]
tests/test_vault_check_unit.py::TestCheckFrontmatter::test_missing_fields PASSED [ 89%]
tests/test_vault_check_unit.py::TestCheckFrontmatter::test_invalid_confidence PASSED [ 89%]
tests/test_vault_check_unit.py::TestCheckFrontmatter::test_invalid_prefix PASSED [ 89%]
tests/test_vault_check_unit.py::TestCheckFrontmatter::test_no_galaxy_dir PASSED [ 89%]
tests/test_vault_check_unit.py::TestCheckWikilinks::test_valid_links PASSED [ 90%]
tests/test_vault_check_unit.py::TestCheckWikilinks::test_broken_link PASSED [ 90%]
tests/test_vault_check_unit.py::TestListOrphans::test_no_orphans PASSED  [ 90%]
tests/test_vault_check_unit.py::TestListOrphans::test_orphan_detected PASSED [ 90%]
tests/test_vault_check_unit.py::TestListOrphans::test_top_level_files_exempt PASSED [ 90%]
tests/test_vault_check_unit.py::TestValidate::test_passes_on_clean_vault PASSED [ 90%]
tests/test_vault_check_unit.py::TestValidate::test_fails_on_structural_issues PASSED [ 90%]
tests/test_vault_check_unit.py::TestValidate::test_orphans_do_not_block_validation PASSED [ 90%]
tests/test_vault_check_unit.py::TestValidate::test_validate_calls_list_orphans PASSED [ 90%]
tests/test_vault_check_unit.py::TestDedupCheck::test_finds_match PASSED  [ 90%]
tests/test_vault_check_unit.py::TestDedupCheck::test_no_match PASSED     [ 90%]
tests/test_vault_entity.py::TestExtractURLs::test_finds_url PASSED       [ 90%]
tests/test_vault_entity.py::TestExtractURLs::test_multiple_urls PASSED   [ 90%]
tests/test_vault_entity.py::TestExtractURLs::test_no_duplicate_urls PASSED [ 90%]
tests/test_vault_entity.py::TestExtractNames::test_finds_person_name PASSED [ 90%]
tests/test_vault_entity.py::TestExtractNames::test_finds_business_name PASSED [ 90%]
tests/test_vault_entity.py::TestExtractNames::test_filters_noise_words PASSED [ 90%]
tests/test_vault_entity.py::TestExtractProjects::test_finds_project_reference PASSED [ 90%]
tests/test_vault_entity.py::TestExtractProjects::test_finds_repo_reference PASSED [ 90%]
tests/test_vault_entity.py::TestExtractPreferences::test_finds_preference PASSED [ 90%]
tests/test_vault_entity.py::TestExtractPreferences::test_finds_negative_preference PASSED [ 90%]
tests/test_vault_entity.py::TestExtractPreferences::test_finds_convention PASSED [ 90%]
tests/test_vault_entity.py::TestMixedEntities::test_extracts_multiple_types PASSED [ 90%]
tests/test_vault_entity.py::TestMixedEntities::test_empty_text_returns_empty PASSED [ 90%]
tests/test_vault_entity.py::TestMixedEntities::test_no_entities_returns_empty PASSED [ 90%]
tests/test_vault_entity.py::TestEntityConfidence::test_urls_are_high_confidence PASSED [ 90%]
tests/test_vault_entity.py::TestEntityConfidence::test_names_without_person_signal_are_low_confidence PASSED [ 90%]
tests/test_vault_entity.py::TestEntityContext::test_includes_surrounding_text PASSED [ 90%]
tests/test_vault_entity.py::TestCLI::test_extract_returns_json PASSED    [ 90%]
tests/test_vault_entity.py::TestCLI::test_no_entities_returns_1 PASSED   [ 90%]
tests/test_vault_entity.py::TestCLI::test_no_text_returns_2 PASSED       [ 90%]
tests/test_vault_entity.py::TestProperNameClassification::test_ambiguous_name_classified_as_unknown PASSED [ 90%]
tests/test_vault_entity.py::TestMainFileArg::test_unreadable_file_returns_2 PASSED [ 90%]
tests/test_vault_entity.py::TestMainFileArg::test_missing_file_returns_2 PASSED [ 90%]
tests/test_vault_entity.py::TestMainFileArg::test_valid_file_succeeds PASSED [ 90%]
tests/test_vault_optimize.py::TestPrune::test_prune_dry_run_identifies_stale_orphan PASSED [ 90%]
tests/test_vault_optimize.py::TestPrune::test_prune_dry_run_skips_linked_note PASSED [ 90%]
tests/test_vault_optimize.py::TestPrune::test_prune_dry_run_skips_recent_note PASSED [ 90%]
tests/test_vault_optimize.py::TestPrune::test_prune_dry_run_identifies_superseded PASSED [ 90%]
tests/test_vault_optimize.py::TestPrune::test_prune_dry_run_skips_area_notes PASSED [ 90%]
tests/test_vault_optimize.py::TestPrune::test_prune_dry_run_skips_today_grace_period PASSED [ 90%]
tests/test_vault_optimize.py::TestPrune::test_prune_real_removes_from_notes_dict_before_rewrite PASSED [ 91%]
tests/test_vault_optimize.py::TestDecay::test_decay_dry_run_identifies_stale_high PASSED [ 91%]
tests/test_vault_optimize.py::TestDecay::test_decay_skips_evergreen PASSED [ 91%]
tests/test_vault_optimize.py::TestDecay::test_decay_applies_and_appends_changelog PASSED [ 91%]
tests/test_vault_optimize.py::TestDecay::test_decay_does_not_corrupt_body_content PASSED [ 91%]
tests/test_vault_optimize.py::TestConsolidateScan::test_detects_similar_notes PASSED [ 91%]
tests/test_vault_optimize.py::TestConsolidateScan::test_writes_pending_question PASSED [ 91%]
tests/test_vault_optimize.py::TestReindex::test_reindex_updates_links PASSED [ 91%]
tests/test_vault_optimize.py::TestReindex::test_reindex_adds_missing_links_field PASSED [ 91%]
tests/test_vault_optimize.py::TestRelevance::test_relevance_produces_scores PASSED [ 91%]
tests/test_vault_optimize.py::TestRelevance::test_relevance_writes_index_file PASSED [ 91%]
tests/test_vault_optimize.py::TestPendingQuestions::test_pending_count_empty PASSED [ 91%]
tests/test_vault_optimize.py::TestPendingQuestions::test_add_and_count PASSED [ 91%]
tests/test_vault_optimize.py::TestGuards::test_config_disabled PASSED    [ 91%]
tests/test_vault_optimize.py::TestGuards::test_vault_too_small PASSED    [ 91%]
tests/test_vault_optimize.py::TestGuards::test_lock_prevents_concurrent PASSED [ 91%]
tests/test_vault_optimize.py::TestGuards::test_atomic_lock_rejects_when_file_exists PASSED [ 91%]
tests/test_vault_optimize.py::TestGuards::test_atomic_lock_succeeds_after_release PASSED [ 91%]
tests/test_vault_optimize.py::TestHelpers::test_parse_frontmatter PASSED [ 91%]
tests/test_vault_optimize.py::TestHelpers::test_extract_wikilinks PASSED [ 91%]
tests/test_vault_optimize.py::TestHelpers::test_extract_wikilinks_skips_frontmatter PASSED [ 91%]
tests/test_vault_optimize.py::TestHelpers::test_extract_keywords PASSED  [ 91%]
tests/test_vault_optimize.py::TestAcquireLockToctou::test_no_toctou_exists_stat PASSED [ 91%]
tests/test_vault_remember.py::TestIsQuiet::test_no_iterations_dir_is_quiet PASSED [ 91%]
tests/test_vault_remember.py::TestIsQuiet::test_recent_log_is_non_quiet PASSED [ 91%]
tests/test_vault_remember.py::TestIsQuiet::test_old_log_is_quiet PASSED  [ 91%]
tests/test_vault_remember.py::TestWriteBudget::test_full_budget PASSED   [ 91%]
tests/test_vault_remember.py::TestWriteBudget::test_exhausted_budget PASSED [ 91%]
tests/test_vault_remember.py::TestWriteBudget::test_partial_budget PASSED [ 91%]
tests/test_vault_remember.py::TestWriteBudget::test_no_working_state_full_budget PASSED [ 91%]
tests/test_vault_remember.py::TestBriefingBudget::test_empty_briefing_full_budget PASSED [ 91%]
tests/test_vault_remember.py::TestBriefingBudget::test_partial_briefing PASSED [ 91%]
tests/test_vault_remember.py::TestEffectiveConfidence::test_recent_note_no_decay PASSED [ 91%]
tests/test_vault_remember.py::TestEffectiveConfidence::test_old_high_decays_to_medium PASSED [ 91%]
tests/test_vault_remember.py::TestEffectiveConfidence::test_old_medium_decays_to_low PASSED [ 91%]
tests/test_vault_remember.py::TestEffectiveConfidence::test_low_stays_low PASSED [ 91%]
tests/test_vault_remember.py::TestEffectiveConfidence::test_evergreen_exempt PASSED [ 91%]
tests/test_vault_remember.py::TestEffectiveConfidence::test_prefix_collision_blocked PASSED [ 91%]
tests/test_vault_remember.py::TestIncWrites::test_increments_existing_counter PASSED [ 91%]
tests/test_vault_remember.py::TestIncWrites::test_creates_field_when_absent PASSED [ 91%]
tests/test_vault_remember.py::TestResetWrites::test_resets_existing_counter PASSED [ 91%]
tests/test_vault_remember.py::TestResetWrites::test_creates_field_when_absent PASSED [ 91%]
tests/test_vault_remember.py::TestDecayScanErrorHandling::test_unreadable_file_does_not_abort_scan PASSED [ 92%]
tests/test_vault_synthesis.py::TestVaultSynthesisStructure::test_file_exists PASSED [ 92%]
tests/test_vault_synthesis.py::TestVaultSynthesisStructure::test_five_cycle_trigger PASSED [ 92%]
tests/test_vault_synthesis.py::TestVaultSynthesisStructure::test_separate_counter PASSED [ 92%]
tests/test_vault_synthesis.py::TestVaultSynthesisStructure::test_cross_agent_reading PASSED [ 92%]
tests/test_vault_synthesis.py::TestVaultSynthesisStructure::test_galaxy_notes_targeted PASSED [ 92%]
tests/test_vault_synthesis.py::TestVaultSynthesisStructure::test_pattern_type_used PASSED [ 92%]
tests/test_vault_synthesis.py::TestVaultSynthesisStructure::test_posture_tag_required PASSED [ 92%]
tests/test_vault_synthesis.py::TestVaultSynthesisStructure::test_human_approval_task PASSED [ 92%]
tests/test_vault_synthesis.py::TestVaultSynthesisStructure::test_max_one_posture_per_cycle PASSED [ 92%]
tests/test_vault_synthesis.py::TestVaultSynthesisStructure::test_convergence_requirement PASSED [ 92%]
tests/test_vault_synthesis.py::TestVaultSynthesisStructure::test_vault_check_after_creation PASSED [ 92%]
tests/test_vault_synthesis.py::TestVaultSynthesisStructure::test_last_synthesis_sentinel PASSED [ 92%]
tests/test_vault_synthesis.py::TestVaultSynthesisStructure::test_vault_size_gate PASSED [ 92%]
tests/test_vault_synthesis.py::TestVaultSynthesisStructure::test_never_auto_approve PASSED [ 92%]
tests/test_vault_synthesis.py::TestVaultSynthesisComposed::test_synthesis_in_composed_output PASSED [ 92%]
tests/test_vault_synthesis.py::TestVaultSynthesisComposed::test_synthesis_after_vault_optimize PASSED [ 92%]
tests/test_vault_synthesis.py::TestVaultSynthesisComposed::test_posture_tag_in_composed PASSED [ 92%]
tests/test_vault_synthesis.py::TestVaultSynthesisManifest::test_manifest_entry_exists PASSED [ 92%]
tests/test_vault_synthesis.py::TestVaultSynthesisManifest::test_includes_yml_entry PASSED [ 92%]
tests/test_wizard.py::TestRunWrapper::test_passes_default_timeout_to_subprocess_run PASSED [ 92%]
tests/test_wizard.py::TestRunWrapper::test_custom_timeout_forwarded PASSED [ 92%]
tests/test_wizard.py::TestRunWrapper::test_none_timeout_forwarded PASSED [ 92%]
tests/test_wizard.py::TestRunWrapper::test_timeout_returns_completed_process_with_124 PASSED [ 92%]
tests/test_wizard.py::TestRunWrapper::test_timeout_message_reflects_custom_timeout PASSED [ 92%]
tests/test_wizard.py::TestRunWrapper::test_timeout_handles_non_string_cmd_elements PASSED [ 92%]
tests/test_wizard.py::TestCheckGh::test_gh_not_installed PASSED          [ 92%]
tests/test_wizard.py::TestCheckGh::test_gh_installed_but_unauthenticated PASSED [ 92%]
tests/test_wizard.py::TestCheckGh::test_gh_ready PASSED                  [ 92%]
tests/test_wizard.py::TestDetectExistingInstall::test_no_existing_install PASSED [ 92%]
tests/test_wizard.py::TestDetectExistingInstall::test_empty_squidsquad_dir PASSED [ 92%]
tests/test_wizard.py::TestDetectExistingInstall::test_partial_install_with_config_only PASSED [ 92%]
tests/test_wizard.py::TestDetectExistingInstall::test_full_install_with_roles PASSED [ 92%]
tests/test_wizard.py::TestDetectExistingInstall::test_hidden_entries_excluded PASSED [ 92%]
tests/test_wizard.py::TestValidateRerunAction::test_valid_inputs[abort-abort] PASSED [ 92%]
tests/test_wizard.py::TestValidateRerunAction::test_valid_inputs[regenerate-regenerate] PASSED [ 92%]
tests/test_wizard.py::TestValidateRerunAction::test_valid_inputs[full-rebuild-full-rebuild] PASSED [ 92%]
tests/test_wizard.py::TestValidateRerunAction::test_valid_inputs[1-abort] PASSED [ 92%]
tests/test_wizard.py::TestValidateRerunAction::test_valid_inputs[2-regenerate] PASSED [ 92%]
tests/test_wizard.py::TestValidateRerunAction::test_valid_inputs[3-full-rebuild] PASSED [ 92%]
tests/test_wizard.py::TestValidateRerunAction::test_valid_inputs[a-abort] PASSED [ 92%]
tests/test_wizard.py::TestValidateRerunAction::test_valid_inputs[r-regenerate] PASSED [ 92%]
tests/test_wizard.py::TestValidateRerunAction::test_valid_inputs[f-full-rebuild] PASSED [ 93%]
tests/test_wizard.py::TestValidateRerunAction::test_valid_inputs[rebuild-full-rebuild] PASSED [ 93%]
tests/test_wizard.py::TestValidateRerunAction::test_valid_inputs[fullrebuild-full-rebuild] PASSED [ 93%]
tests/test_wizard.py::TestValidateRerunAction::test_valid_inputs[full_rebuild-full-rebuild] PASSED [ 93%]
tests/test_wizard.py::TestValidateRerunAction::test_valid_inputs[ABORT-abort] PASSED [ 93%]
tests/test_wizard.py::TestValidateRerunAction::test_valid_inputs[ 2 -regenerate] PASSED [ 93%]
tests/test_wizard.py::TestValidateRerunAction::test_valid_inputs[-abort] PASSED [ 93%]
tests/test_wizard.py::TestValidateRerunAction::test_valid_inputs[None-abort] PASSED [ 93%]
tests/test_wizard.py::TestValidateRerunAction::test_invalid_inputs[maybe] PASSED [ 93%]
tests/test_wizard.py::TestValidateRerunAction::test_invalid_inputs[yes] PASSED [ 93%]
tests/test_wizard.py::TestValidateRerunAction::test_invalid_inputs[no] PASSED [ 93%]
tests/test_wizard.py::TestValidateRerunAction::test_invalid_inputs[42] PASSED [ 93%]
tests/test_wizard.py::TestValidateRerunAction::test_invalid_inputs[delete] PASSED [ 93%]
tests/test_wizard.py::TestValidateInterval::test_valid_integers[10-10] PASSED [ 93%]
tests/test_wizard.py::TestValidateInterval::test_valid_integers[1-1] PASSED [ 93%]
tests/test_wizard.py::TestValidateInterval::test_valid_integers[30-30] PASSED [ 93%]
tests/test_wizard.py::TestValidateInterval::test_valid_integers[120-120] PASSED [ 93%]
tests/test_wizard.py::TestValidateInterval::test_valid_integers[ 15 -15] PASSED [ 93%]
tests/test_wizard.py::TestValidateInterval::test_empty_input_returns_default[] PASSED [ 93%]
tests/test_wizard.py::TestValidateInterval::test_empty_input_returns_default[  ] PASSED [ 93%]
tests/test_wizard.py::TestValidateInterval::test_empty_input_returns_default[None] PASSED [ 93%]
tests/test_wizard.py::TestValidateInterval::test_empty_input_custom_default PASSED [ 93%]
tests/test_wizard.py::TestValidateInterval::test_float_rejected[10.5] PASSED [ 93%]
tests/test_wizard.py::TestValidateInterval::test_float_rejected[3.0] PASSED [ 93%]
tests/test_wizard.py::TestValidateInterval::test_float_rejected[1,5] PASSED [ 93%]
tests/test_wizard.py::TestValidateInterval::test_float_rejected[0.1] PASSED [ 93%]
tests/test_wizard.py::TestValidateInterval::test_zero_and_negative_rejected[0] PASSED [ 93%]
tests/test_wizard.py::TestValidateInterval::test_zero_and_negative_rejected[-1] PASSED [ 93%]
tests/test_wizard.py::TestValidateInterval::test_zero_and_negative_rejected[-100] PASSED [ 93%]
tests/test_wizard.py::TestValidateInterval::test_non_numeric_rejected[abc] PASSED [ 93%]
tests/test_wizard.py::TestValidateInterval::test_non_numeric_rejected[ten] PASSED [ 93%]
tests/test_wizard.py::TestValidateInterval::test_non_numeric_rejected[!@#] PASSED [ 93%]
tests/test_wizard.py::TestValidateInterval::test_non_numeric_rejected[5m] PASSED [ 93%]
tests/test_wizard.py::TestProjectNameValidation::test_valid_names[my-app] PASSED [ 93%]
tests/test_wizard.py::TestProjectNameValidation::test_valid_names[MyApp] PASSED [ 93%]
tests/test_wizard.py::TestProjectNameValidation::test_valid_names[my_app] PASSED [ 93%]
tests/test_wizard.py::TestProjectNameValidation::test_valid_names[app.v2] PASSED [ 93%]
tests/test_wizard.py::TestProjectNameValidation::test_valid_names[squidsquad] PASSED [ 93%]
tests/test_wizard.py::TestProjectNameValidation::test_valid_names[a] PASSED [ 93%]
tests/test_wizard.py::TestProjectNameValidation::test_valid_names[Project123] PASSED [ 93%]
tests/test_wizard.py::TestProjectNameValidation::test_invalid_names[] PASSED [ 93%]
tests/test_wizard.py::TestProjectNameValidation::test_invalid_names[   ] PASSED [ 93%]
tests/test_wizard.py::TestProjectNameValidation::test_invalid_names[my app] PASSED [ 94%]
tests/test_wizard.py::TestProjectNameValidation::test_invalid_names[my/app] PASSED [ 94%]
tests/test_wizard.py::TestProjectNameValidation::test_invalid_names[my\\app] PASSED [ 94%]
tests/test_wizard.py::TestProjectNameValidation::test_invalid_names[.hidden] PASSED [ 94%]
tests/test_wizard.py::TestProjectNameValidation::test_invalid_names[-leading-dash] PASSED [ 94%]
tests/test_wizard.py::TestProjectNameValidation::test_invalid_names[my@app] PASSED [ 94%]
tests/test_wizard.py::TestProjectNameValidation::test_invalid_names[veryveryveryveryveryveryveryveryveryveryveryveryveryveryveryveryveryveryveryveryveryveryveryveryveryveryveryveryveryveryveryveryveryveryveryveryveryveryveryveryveryveryveryveryveryveryveryveryveryvery] PASSED [ 94%]
tests/test_wizard.py::TestProjectNameValidation::test_non_string_rejected PASSED [ 94%]
tests/test_wizard.py::TestParseGithubSlug::test_parses_common_forms[https://github.com/alice/foo.git-alice/foo] PASSED [ 94%]
tests/test_wizard.py::TestParseGithubSlug::test_parses_common_forms[https://github.com/alice/foo-alice/foo] PASSED [ 94%]
tests/test_wizard.py::TestParseGithubSlug::test_parses_common_forms[https://github.com/alice/foo/-alice/foo] PASSED [ 94%]
tests/test_wizard.py::TestParseGithubSlug::test_parses_common_forms[git@github.com:alice/foo.git-alice/foo] PASSED [ 94%]
tests/test_wizard.py::TestParseGithubSlug::test_parses_common_forms[git@github.com:alice/foo-alice/foo] PASSED [ 94%]
tests/test_wizard.py::TestParseGithubSlug::test_parses_common_forms[ssh://git@github.com/alice/foo.git-alice/foo] PASSED [ 94%]
tests/test_wizard.py::TestParseGithubSlug::test_parses_common_forms[https://github.com/Org-Name/Repo.Name-Org-Name/Repo.Name] PASSED [ 94%]
tests/test_wizard.py::TestParseGithubSlug::test_parses_common_forms[https://github.com/wally/squid_squad-wally/squid_squad] PASSED [ 94%]
tests/test_wizard.py::TestParseGithubSlug::test_non_github_or_malformed[] PASSED [ 94%]
tests/test_wizard.py::TestParseGithubSlug::test_non_github_or_malformed[None] PASSED [ 94%]
tests/test_wizard.py::TestParseGithubSlug::test_non_github_or_malformed[https://gitlab.com/alice/foo.git] PASSED [ 94%]
tests/test_wizard.py::TestParseGithubSlug::test_non_github_or_malformed[not-a-url] PASSED [ 94%]
tests/test_wizard.py::TestParseGithubSlug::test_non_github_or_malformed[https://github.com/] PASSED [ 94%]
tests/test_wizard.py::TestGetRepoInfo::test_gh_succeeds PASSED           [ 94%]
tests/test_wizard.py::TestGetRepoInfo::test_gh_fails_git_remote_succeeds PASSED [ 94%]
tests/test_wizard.py::TestGetRepoInfo::test_ssh_remote_parsed PASSED     [ 94%]
tests/test_wizard.py::TestGetRepoInfo::test_both_fail PASSED             [ 94%]
tests/test_wizard.py::TestGetRepoInfo::test_malformed_gh_json_falls_through PASSED [ 94%]
tests/test_wizard.py::TestGetRepoInfo::test_non_github_remote_returns_not_ok PASSED [ 94%]
tests/test_wizard.py::TestProjectNameDefault::test_gh_returns_valid_name PASSED [ 94%]
tests/test_wizard.py::TestProjectNameDefault::test_gh_returns_invalid_name_falls_back_to_dirname PASSED [ 94%]
tests/test_wizard.py::TestProjectNameDefault::test_gh_fails_returns_dirname PASSED [ 94%]
tests/test_wizard.py::TestBuildConfigMdStructure::test_section_order_matches_spec PASSED [ 94%]
tests/test_wizard.py::TestBuildConfigMdStructure::test_improvement_scanning_section_carries_cool_down PASSED [ 94%]
tests/test_wizard.py::TestBuildConfigMdStructure::test_header_includes_version_and_architecture PASSED [ 94%]
tests/test_wizard.py::TestBuildConfigMdStructure::test_output_ends_with_single_newline PASSED [ 94%]
tests/test_wizard.py::TestBuildConfigMdStructure::test_deterministic_output PASSED [ 94%]
tests/test_wizard.py::TestBuildConfigMdStructure::test_project_section PASSED [ 94%]
tests/test_wizard.py::TestBuildConfigMdStructure::test_preset_section PASSED [ 94%]
tests/test_wizard.py::TestBuildConfigMdStructure::test_description_optional_and_included_when_present PASSED [ 94%]
tests/test_wizard.py::TestBuildConfigMdStructure::test_description_omitted_when_absent PASSED [ 94%]
tests/test_wizard.py::TestBuildConfigMdStructure::test_research_model_uses_own_key PASSED [ 94%]
tests/test_wizard.py::TestBuildConfigMdStructure::test_research_model_defaults_to_claude PASSED [ 94%]
tests/test_wizard.py::TestBuildConfigMdStructure::test_code_review_model_present PASSED [ 94%]
tests/test_wizard.py::TestBuildConfigMdStructure::test_all_model_routing_entries PASSED [ 95%]
tests/test_wizard.py::TestBuildConfigMdAgentBlock::test_simple_pm_agent PASSED [ 95%]
tests/test_wizard.py::TestBuildConfigMdAgentBlock::test_alias_defaults_to_id_when_absent PASSED [ 95%]
tests/test_wizard.py::TestBuildConfigMdAgentBlock::test_dev_agent_with_variant_stack_and_test_command PASSED [ 95%]
tests/test_wizard.py::TestBuildConfigMdAgentBlock::test_multiple_dev_agents_share_role_but_different_ids PASSED [ 95%]
tests/test_wizard.py::TestBuildConfigMdAgentBlock::test_nested_field_order_is_deterministic PASSED [ 95%]
tests/test_wizard.py::TestBuildConfigMdAgentBlock::test_empty_or_none_nested_fields_are_omitted PASSED [ 95%]
tests/test_wizard.py::TestBuildConfigMdAgentBlock::test_setup_block_omitted_when_empty PASSED [ 95%]
tests/test_wizard.py::TestBuildConfigMdAgentBlock::test_missing_id_raises PASSED [ 95%]
tests/test_wizard.py::TestBuildConfigMdAgentBlock::test_missing_role_raises PASSED [ 95%]
tests/test_wizard.py::TestBuildConfigMdAgentBlock::test_non_dict_agent_raises PASSED [ 95%]
tests/test_wizard.py::TestBuildConfigMdToolsSection::test_deferred_tool_unset_placeholder PASSED [ 95%]
tests/test_wizard.py::TestBuildConfigMdToolsSection::test_empty_string_also_unset PASSED [ 95%]
tests/test_wizard.py::TestBuildConfigMdToolsSection::test_configured_tool_prints_id PASSED [ 95%]
tests/test_wizard.py::TestBuildConfigMdToolsSection::test_no_tools_emits_none_marker PASSED [ 95%]
tests/test_wizard.py::TestBuildConfigMdLoopAndFlags::test_loop_interval_and_threshold PASSED [ 95%]
tests/test_wizard.py::TestBuildConfigMdLoopAndFlags::test_flags_sorted_alphabetically PASSED [ 95%]
tests/test_wizard.py::TestBuildConfigMdLoopAndFlags::test_bool_flags_rendered_as_yes_no PASSED [ 95%]
tests/test_wizard.py::TestBuildConfigMdLoopAndFlags::test_no_flags_emits_none_marker PASSED [ 95%]
tests/test_wizard.py::TestBuildConfigMdLoopAndFlags::test_loop_defaults_when_fields_missing PASSED [ 95%]
tests/test_wizard.py::TestBuildConfigMdValidation::test_missing_top_level_section_raises[project] PASSED [ 95%]
tests/test_wizard.py::TestBuildConfigMdValidation::test_missing_top_level_section_raises[preset] PASSED [ 95%]
tests/test_wizard.py::TestBuildConfigMdValidation::test_missing_top_level_section_raises[agents] PASSED [ 95%]
tests/test_wizard.py::TestBuildConfigMdValidation::test_missing_top_level_section_raises[tools] PASSED [ 95%]
tests/test_wizard.py::TestBuildConfigMdValidation::test_missing_top_level_section_raises[loop] PASSED [ 95%]
tests/test_wizard.py::TestBuildConfigMdValidation::test_missing_top_level_section_raises[flags] PASSED [ 95%]
tests/test_wizard.py::TestBuildConfigMdValidation::test_non_mapping_spec_raises PASSED [ 95%]
tests/test_wizard.py::TestBuildConfigMdValidation::test_none_spec_raises PASSED [ 95%]
tests/test_wizard.py::TestBuildConfigMdTC01::test_tc01_full_software_dev_install PASSED [ 95%]
tests/test_wizard.py::TestQuoteIfNeeded::test_quote_rules[simple-simple] PASSED [ 95%]
tests/test_wizard.py::TestQuoteIfNeeded::test_quote_rules[with space-"with space"] PASSED [ 95%]
tests/test_wizard.py::TestQuoteIfNeeded::test_quote_rules[a:b-"a:b"] PASSED [ 95%]
tests/test_wizard.py::TestQuoteIfNeeded::test_quote_rules[x,y-"x,y"] PASSED [ 95%]
tests/test_wizard.py::TestQuoteIfNeeded::test_quote_rules[has#hash-"has#hash"] PASSED [ 95%]
tests/test_wizard.py::TestQuoteIfNeeded::test_quote_rules[plain-dash-plain-dash] PASSED [ 95%]
tests/test_wizard.py::TestQuoteIfNeeded::test_quote_rules[with.dot-with.dot] PASSED [ 95%]
tests/test_wizard.py::TestQuoteIfNeeded::test_quote_rules[be-be] PASSED  [ 95%]
tests/test_wizard.py::TestQuoteIfNeeded::test_quote_rules[True-yes] PASSED [ 95%]
tests/test_wizard.py::TestQuoteIfNeeded::test_quote_rules[False-no] PASSED [ 95%]
tests/test_wizard.py::TestQuoteIfNeeded::test_quote_rules[42-42] PASSED  [ 95%]
tests/test_wizard.py::TestFlagLabel::test_title_case[improvement_scan-Improvement Scan] PASSED [ 95%]
tests/test_wizard.py::TestFlagLabel::test_title_case[pr_flow-Pr Flow] PASSED [ 95%]
tests/test_wizard.py::TestFlagLabel::test_title_case[diagnostics-Diagnostics] PASSED [ 96%]
tests/test_wizard.py::TestFlagLabel::test_title_case[vault_remember-Vault Remember] PASSED [ 96%]
tests/test_wizard.py::TestFlagLabel::test_title_case[with-dashes-With Dashes] PASSED [ 96%]
tests/test_wizard.py::TestScaffoldInstallDesignPreset::test_writes_full_tree PASSED [ 96%]
tests/test_wizard.py::TestScaffoldInstallDesignPreset::test_config_md_matches_builder_output PASSED [ 96%]
tests/test_wizard.py::TestScaffoldInstallDesignPreset::test_working_state_has_default_content PASSED [ 96%]
tests/test_wizard.py::TestScaffoldInstallDesignPreset::test_summary_has_correct_shape PASSED [ 96%]
tests/test_wizard.py::TestScaffoldInstallDesignPreset::test_boot_scripts_not_generated PASSED [ 96%]
tests/test_wizard.py::TestScaffoldInstallDevVariants::test_software_dev_preset_lays_down_all_five_agents PASSED [ 96%]
tests/test_wizard.py::TestScaffoldInstallDevVariants::test_dev_variants_share_dev_identity PASSED [ 96%]
tests/test_wizard.py::TestScaffoldInstallDevVariants::test_dev_variant_claude_md_has_variant_substituted PASSED [ 96%]
tests/test_wizard.py::TestScaffoldInstallSafetyAndIdempotency::test_refuses_existing_install_without_overwrite PASSED [ 96%]
tests/test_wizard.py::TestScaffoldInstallSafetyAndIdempotency::test_overwrite_flag_allows_rerun PASSED [ 96%]
tests/test_wizard.py::TestScaffoldInstallSafetyAndIdempotency::test_overwrite_preserves_soul_md PASSED [ 96%]
tests/test_wizard.py::TestScaffoldInstallSafetyAndIdempotency::test_overwrite_preserves_working_state PASSED [ 96%]
tests/test_wizard.py::TestScaffoldInstallSafetyAndIdempotency::test_overwrite_does_refresh_claude_md PASSED [ 96%]
tests/test_wizard.py::TestScaffoldInstallSafetyAndIdempotency::test_preserved_list_includes_untouched_files PASSED [ 96%]
tests/test_wizard.py::TestScaffoldInstallValidation::test_invalid_spec_missing_section PASSED [ 96%]
tests/test_wizard.py::TestScaffoldInstallValidation::test_unknown_role_identity_raises PASSED [ 96%]
tests/test_wizard.py::TestScaffoldInstallValidation::test_empty_agents_list PASSED [ 96%]
tests/test_wizard.py::TestScaffoldInstallValidation::test_malformed_repo_scan_warns_not_crashes PASSED [ 96%]
tests/test_wizard.py::TestScaffoldL4Files::test_l4_stack_details_created PASSED [ 96%]
tests/test_wizard.py::TestScaffoldL4Files::test_l4_overwrite_guard_preserves_existing PASSED [ 96%]
tests/test_wizard.py::TestScaffoldL4Files::test_l4_project_dir_always_created PASSED [ 96%]
tests/test_wizard.py::TestScaffoldL4Files::test_generate_default_spec_smoke PASSED [ 96%]
tests/test_wizard.py::TestUpgradeInstall::test_idempotency_already_migrated PASSED [ 96%]
tests/test_wizard.py::TestUpgradeInstall::test_idempotency_nothing_installed PASSED [ 96%]
tests/test_wizard.py::TestUpgradeInstall::test_partial_mismatch_both_worker_and_dev_dirs PASSED [ 96%]
tests/test_wizard.py::TestUpgradeInstall::test_partial_mismatch_both_verifier_and_qa_dirs PASSED [ 96%]
tests/test_wizard.py::TestUpgradeInstall::test_atomic_config_rewrite PASSED [ 96%]
tests/test_wizard.py::TestUpgradeInstall::test_dir_rename_dev_to_worker PASSED [ 96%]
tests/test_wizard.py::TestUpgradeInstall::test_dir_rename_qa_to_verifier PASSED [ 96%]
tests/test_wizard.py::TestUpgradeInstall::test_state_file_key_rename PASSED [ 96%]
tests/test_wizard.py::TestUpgradeInstall::test_ds_hardening_unreadable_state_file PASSED [ 96%]
tests/test_wizard.py::TestUpgradeInstall::test_ds_hardening_malformed_state_file PASSED [ 96%]
tests/test_wizard.py::TestUpgradeInstall::test_ds_hardening_state_qa_verifier_collision PASSED [ 96%]
tests/test_wizard.py::TestUpgradeInstall::test_ds_hardening_state_dev_worker_collision PASSED [ 96%]
tests/test_wizard.py::TestBuildLabelInventory::test_inventory_includes_all_tracker_maps PASSED [ 96%]
tests/test_wizard.py::TestBuildLabelInventory::test_every_entry_has_required_fields PASSED [ 96%]
tests/test_wizard.py::TestBuildLabelInventory::test_inventory_includes_new_phase_e_labels PASSED [ 96%]
tests/test_wizard.py::TestBuildLabelInventory::test_inventory_is_sorted_for_determinism PASSED [ 96%]
tests/test_wizard.py::TestEnsureLabels::test_all_labels_present_creates_nothing PASSED [ 96%]
tests/test_wizard.py::TestEnsureLabels::test_missing_labels_get_created PASSED [ 97%]
tests/test_wizard.py::TestEnsureLabels::test_dry_run_does_not_call_create PASSED [ 97%]
tests/test_wizard.py::TestEnsureLabels::test_race_already_exists_treated_as_existing PASSED [ 97%]
tests/test_wizard.py::TestEnsureLabels::test_real_failure_reported PASSED [ 97%]
tests/test_wizard.py::TestEnsureLabels::test_api_failure_on_list PASSED  [ 97%]
tests/test_wizard.py::TestListIssuesWithLabel::test_parses_numbers_from_gh_output PASSED [ 97%]
tests/test_wizard.py::TestListIssuesWithLabel::test_empty_result PASSED  [ 97%]
tests/test_wizard.py::TestListIssuesWithLabel::test_gh_failure_returns_empty PASSED [ 97%]
tests/test_wizard.py::TestListIssuesWithLabel::test_malformed_json_returns_empty PASSED [ 97%]
tests/test_wizard.py::TestListIssuesWithLabel::test_state_flag_passed_through PASSED [ 97%]
tests/test_wizard.py::TestMigrateLabel::test_no_candidates_returns_empty_summary PASSED [ 97%]
tests/test_wizard.py::TestMigrateLabel::test_happy_path_migrates_all PASSED [ 97%]
tests/test_wizard.py::TestMigrateLabel::test_dry_run_never_calls_edit PASSED [ 97%]
tests/test_wizard.py::TestMigrateLabel::test_partial_failure_reports_each_issue PASSED [ 97%]
tests/test_wizard.py::TestMigrateLabel::test_already_labelled_counted_as_skipped PASSED [ 97%]
tests/test_wizard.py::TestMigrateLabel::test_summary_shape PASSED        [ 97%]
tests/test_wizard.py::TestStageLabelMigrationPreflight::test_old_label_missing_aborts PASSED [ 97%]
tests/test_wizard.py::TestStageLabelMigrationPreflight::test_new_label_missing_aborts PASSED [ 97%]
tests/test_wizard.py::TestStageLabelMigrationPreflight::test_both_missing_reports_both PASSED [ 97%]
tests/test_wizard.py::TestStageLabelMigrationDryRun::test_no_candidates_short_circuits_cleanly PASSED [ 97%]
tests/test_wizard.py::TestStageLabelMigrationDryRun::test_dry_run_counts_candidates_without_executing PASSED [ 97%]
tests/test_wizard.py::TestStageLabelMigrationExecute::test_happy_path_full_migration PASSED [ 97%]
tests/test_wizard.py::TestStageLabelMigrationExecute::test_execute_failure_reported_and_blocks_cleanup PASSED [ 97%]
tests/test_wizard.py::TestStageLabelMigrationExecute::test_partial_migration_postflight_catches_remainder PASSED [ 97%]
tests/test_wizard.py::TestStageLabelMigrationCleanup::test_cleanup_runs_when_all_preconditions_met PASSED [ 97%]
tests/test_wizard.py::TestStageLabelMigrationCleanup::test_cleanup_skipped_without_execute_flag PASSED [ 97%]
tests/test_wizard.py::TestStageLabelMigrationCleanup::test_cleanup_failure_reported PASSED [ 97%]
tests/test_wizard.py::TestStageLabelMigrationCleanup::test_cleanup_treats_not_found_as_success PASSED [ 97%]
tests/test_wizard.py::TestStageLabelMigrationContract::test_stages_constant_matches_summary_keys PASSED [ 97%]
tests/test_wizard.py::TestStageLabelMigrationContract::test_stages_constant_order_is_stable PASSED [ 97%]
tests/test_wizard.py::TestStageLabelMigrationContract::test_summary_has_top_level_ok_flag PASSED [ 97%]
tests/test_wizard.py::TestStageLabelMigrationContract::test_summary_records_all_parameters PASSED [ 97%]
tests/test_wizard.py::TestAdaptiveSetupFields::test_description_rendered PASSED [ 97%]
tests/test_wizard.py::TestAdaptiveSetupFields::test_domain_context_rendered PASSED [ 97%]
tests/test_wizard.py::TestAdaptiveSetupFields::test_conventions_rendered PASSED [ 97%]
tests/test_wizard.py::TestAdaptiveSetupFields::test_empty_fields_omitted PASSED [ 97%]
tests/test_wizard.py::TestAdaptiveSetupFields::test_all_fields_together PASSED [ 97%]
tests/test_wizard.py::TestSoulMdSeeding::test_soul_seeded_with_domain_context PASSED [ 97%]
tests/test_wizard.py::TestSoulMdSeeding::test_soul_not_seeded_when_no_domain_context PASSED [ 97%]
tests/test_wizard.py::TestSoulMdSeeding::test_soul_not_double_seeded PASSED [ 97%]
tests/test_wizard.py::TestPrFlowPrompt::test_returns_question_and_options PASSED [ 97%]
tests/test_wizard.py::TestPrFlowPrompt::test_question_uses_plain_language PASSED [ 97%]
tests/test_wizard.py::TestPrFlowPrompt::test_has_two_options PASSED      [ 98%]
tests/test_wizard.py::TestPostSetupSummary::test_includes_project_name PASSED [ 98%]
tests/test_wizard.py::TestPostSetupSummary::test_includes_boot_instructions PASSED [ 98%]
tests/test_wizard.py::TestPostSetupSummary::test_includes_how_to_interact PASSED [ 98%]
tests/test_wizard.py::TestPostSetupSummary::test_includes_status_monitoring PASSED [ 98%]
tests/test_wizard.py::TestPostSetupSummary::test_lists_all_configured_agents PASSED [ 98%]
tests/test_wizard.py::TestPostSetupSummary::test_handles_empty_agents PASSED [ 98%]
tests/test_wizard.py::TestInstallSpec::test_save_creates_file PASSED     [ 98%]
tests/test_wizard.py::TestInstallSpec::test_save_load_roundtrip PASSED   [ 98%]
tests/test_wizard.py::TestInstallSpec::test_load_missing_returns_none PASSED [ 98%]
tests/test_wizard.py::TestInstallSpec::test_save_creates_squidsquad_dir PASSED [ 98%]
tests/test_wizard.py::TestInstallSpec::test_overwrite_existing_spec PASSED [ 98%]
tests/test_wizard.py::TestInstallSpec::test_load_invalid_json_raises_valueerror PASSED [ 98%]
tests/test_wizard.py::TestScanSummary::test_full_scan PASSED             [ 98%]
tests/test_wizard.py::TestScanSummary::test_empty_scan PASSED            [ 98%]
tests/test_wizard.py::TestScanSummary::test_none_scan PASSED             [ 98%]
tests/test_wizard.py::TestScanSummary::test_partial_scan PASSED          [ 98%]
tests/test_wizard.py::TestGenerateDefaultSpec::test_with_scan_data PASSED [ 98%]
tests/test_wizard.py::TestGenerateDefaultSpec::test_without_scan_data PASSED [ 98%]
tests/test_wizard.py::TestGenerateDefaultSpec::test_has_required_sections PASSED [ 98%]
tests/test_wizard.py::TestGenerateDefaultSpec::test_jest_detection PASSED [ 98%]
tests/test_wizard.py::TestGenerateDefaultSpec::test_version_not_hardcoded_0_25 PASSED [ 98%]
tests/test_wizard.py::TestGenerateDefaultSpec::test_no_redundant_shutil_import PASSED [ 98%]
tests/test_wizard.py::TestApplyProjectType::test_manifest_driven_per_role_variants PASSED [ 98%]
tests/test_wizard.py::TestApplyProjectType::test_all_roles_get_variant PASSED [ 98%]
tests/test_wizard.py::TestApplyProjectType::test_custom_sets_no_variant PASSED [ 98%]
tests/test_wizard.py::TestApplyProjectType::test_legacy_fallback_when_no_preset PASSED [ 98%]
tests/test_wizard.py::TestApplyProjectType::test_all_project_types_valid PASSED [ 98%]
tests/test_wizard.py::TestManifestResolution::test_load_software_dev_manifest PASSED [ 98%]
tests/test_wizard.py::TestManifestResolution::test_resolve_domain_variants_software_dev PASSED [ 98%]
tests/test_wizard.py::TestManifestResolution::test_resolve_nonexistent_preset PASSED [ 98%]
tests/test_wizard.py::TestManifestResolution::test_resolve_design_preset_no_variants PASSED [ 98%]
tests/test_wizard.py::TestManifestResolution::test_generate_default_spec_uses_manifest PASSED [ 98%]
tests/test_wizard.py::TestPreflight::test_fails_on_gh_auth PASSED        [ 98%]
tests/test_wizard.py::TestPreflight::test_fails_on_no_git_repo PASSED    [ 98%]
tests/test_wizard.py::TestPreflight::test_fails_on_no_remote PASSED      [ 98%]
tests/test_wizard.py::TestPreflight::test_passes_all_checks PASSED       [ 98%]
tests/test_wizard.py::TestCmdSetupYes::test_no_duplicate_check_kwarg PASSED [ 98%]
tests/test_wizard.py::TestCmdSetupYes::test_run_not_called_with_check_kwarg PASSED [ 98%]
tests/test_wizard_runbook.py::TestRunbookStructure::test_runbook_file_exists PASSED [ 98%]
tests/test_wizard_runbook.py::TestRunbookStructure::test_all_steps_present_in_order PASSED [ 98%]
tests/test_wizard_runbook.py::TestRunbookStructure::test_runbook_has_installer_agent_framing PASSED [ 98%]
tests/test_wizard_runbook.py::TestRunbookStructure::test_runbook_references_domain_only_rule PASSED [ 99%]
tests/test_wizard_runbook.py::TestRunbookStructure::test_runbook_references_intent_classifier_rule PASSED [ 99%]
tests/test_wizard_runbook.py::TestHelperCommandReferences::test_every_wizard_command_mentioned_exists PASSED [ 99%]
tests/test_wizard_runbook.py::TestHelperCommandReferences::test_every_manifest_command_mentioned_exists PASSED [ 99%]
tests/test_wizard_runbook.py::TestHelperCommandReferences::test_every_compose_command_mentioned_exists PASSED [ 99%]
tests/test_wizard_runbook.py::TestHelperCommandReferences::test_critical_helpers_are_mentioned PASSED [ 99%]
tests/test_wizard_runbook.py::TestRegistryCrossReferences::test_referenced_preset_ids_exist PASSED [ 99%]
tests/test_wizard_runbook.py::TestRegistryCrossReferences::test_referenced_roles_exist PASSED [ 99%]
tests/test_wizard_runbook.py::TestRegistryCrossReferences::test_runbook_roster_uses_new_canonical_role_names_6274 PASSED [ 99%]
tests/test_wizard_runbook.py::TestInstallerAgentInvariants::test_no_writes_before_step_7_is_documented PASSED [ 99%]
tests/test_wizard_runbook.py::TestInstallerAgentInvariants::test_ephemeral_exit_after_step_7 PASSED [ 99%]
tests/test_wizard_runbook.py::TestInstallerAgentInvariants::test_no_self_loop_directive PASSED [ 99%]
tests/test_wizard_runbook.py::TestInstallerAgentInvariants::test_force_flag_not_documented_for_installer PASSED [ 99%]
tests/test_wizard_runbook.py::TestReviewScreen::test_review_screen_has_four_actions PASSED [ 99%]
tests/test_wizard_runbook.py::TestReviewScreen::test_view_action_uses_dry_run_helpers PASSED [ 99%]
tests/test_wizard_runbook.py::TestLockCoverage::test_locked_decision_referenced[Q-new14-domain terms] PASSED [ 99%]
tests/test_wizard_runbook.py::TestLockCoverage::test_locked_decision_referenced[Q-new15-roster] PASSED [ 99%]
tests/test_wizard_runbook.py::TestLockCoverage::test_locked_decision_referenced[Q-new17-None] PASSED [ 99%]
tests/test_wizard_runbook.py::TestLockCoverage::test_locked_decision_referenced[Q-new18-classifier] PASSED [ 99%]
tests/test_wizard_runbook.py::TestLockCoverage::test_locked_decision_referenced[Q-new19-per-agent] PASSED [ 99%]
tests/test_wizard_runbook.py::TestLockCoverage::test_locked_decision_referenced[Q-new21-ephemeral] PASSED [ 99%]
tests/test_work_queue.py::TestWorkQueueOrdering::test_in_progress_first PASSED [ 99%]
tests/test_work_queue.py::TestWorkQueueOrdering::test_issues_before_tasks_at_same_priority PASSED [ 99%]
tests/test_work_queue.py::TestWorkQueueOrdering::test_high_before_low_priority PASSED [ 99%]
tests/test_work_queue.py::TestWorkQueueOrdering::test_approved_before_open PASSED [ 99%]
tests/test_work_queue.py::TestWorkQueueOrdering::test_skips_non_actionable_statuses PASSED [ 99%]
tests/test_work_queue.py::TestWorkQueueOrdering::test_full_priority_ordering PASSED [ 99%]
tests/test_work_queue.py::TestWorkQueueOrdering::test_empty_result PASSED [ 99%]
tests/test_work_queue.py::TestWorkQueueOrdering::test_gh_failure PASSED  [ 99%]
tests/test_write_event_reactions.py::TestReplaceExistingSection::test_replaces_section_content PASSED [ 99%]
tests/test_write_event_reactions.py::TestReplaceExistingSection::test_preserves_surrounding_sections PASSED [ 99%]
tests/test_write_event_reactions.py::TestAppendWhenAbsent::test_appends_section_to_end PASSED [ 99%]
tests/test_write_event_reactions.py::TestAppendWhenAbsent::test_appended_section_is_at_end PASSED [ 99%]
tests/test_write_event_reactions.py::TestAtomicWrite::test_no_tmp_file_left_behind PASSED [ 99%]
tests/test_write_event_reactions.py::TestAtomicWrite::test_config_file_updated PASSED [ 99%]
tests/test_write_event_reactions.py::TestRoundTrip::test_single_role_round_trip PASSED [ 99%]
tests/test_write_event_reactions.py::TestRoundTrip::test_multi_role_round_trip PASSED [ 99%]
tests/test_write_event_reactions.py::TestRoundTrip::test_replace_then_read_round_trip PASSED [ 99%]
tests/test_write_event_reactions.py::TestEdgeCases::test_empty_reactions_dict PASSED [ 99%]
tests/test_write_event_reactions.py::TestEdgeCases::test_roles_sorted_alphabetically PASSED [ 99%]
tests/test_write_event_reactions.py::TestEdgeCases::test_empty_emits_and_reacts PASSED [ 99%]
tests/test_write_event_reactions.py::TestEdgeCases::test_text_parameter_bypasses_file_read PASSED [100%]

============================== warnings summary ===============================
tests/test_harness.py::TestEndpointsViaTestClient::test_restart_falls_back_to_queued_when_busy
  C:\\Users\\naaht\\AppData\\Local\\Programs\\Python\\Python312\\Lib\\site-packages\\_pytest\\threadexception.py:58: PytestUnhandledThreadExceptionWarning: Exception in thread shutdown\n  \n  Traceback (most recent call last):\n    File "C:\\Users\\naaht\\AppData\\Local\\Programs\\Python\\Python312\\Lib\\threading.py", line 1075, in _bootstrap_inner\n      self.run()\n    File "C:\\Users\\naaht\\AppData\\Local\\Programs\\Python\\Python312\\Lib\\threading.py", line 1012, in run\n      self._target(*self._args, **self._kwargs)\n    File "D:\\Dev\\Dev\\SquidSquad-2\\references\\scripts\\harness.py", line 2546, in _do_shutdown\n      _log("Port discovery file deleted.")\n    File "D:\\Dev\\Dev\\SquidSquad-2\\references\\scripts\\harness.py", line 1111, in _log\n      print(f"[\U0001f991 {ts}] {msg}", flush=True)\n    File "C:\\Users\\naaht\\AppData\\Local\\Programs\\Python\\Python312\\Lib\\encodings\\cp1252.py", line 19, in encode\n      return codecs.charmap_encode(input,self.errors,encoding_table)[0]\n             ^^^^^^^^^^^^^^^^^^^^^^^^^^^^^^^^^^^^^^^^^^^^^^^^^^^^^^^\n  UnicodeEncodeError: 'charmap' codec can't encode character '\\U0001f991' in position 1: character maps to <undefined>\n  \n  Enable tracemalloc to get traceback where the object was allocated.\n  See https://docs.pytest.org/en/stable/how-to/capture-warnings.html#resource-warnings for more info.\n    warnings.warn(pytest.PytestUnhandledThreadExceptionWarning(msg))

-- Docs: https://docs.pytest.org/en/stable/how-to/capture-warnings.html
= 4174 passed, 15 skipped, 1 warning, 12 subtests passed in 135.14s (0:02:15) =

=== Integration Tests (unittest) ===

test_create_and_delete_branch (integration.test_harness.TestBranchHarness.test_create_and_delete_branch) ... ok
test_cleanup_and_verify (integration.test_harness.TestCleanup.test_cleanup_and_verify) ... ok
test_temp_file_lifecycle (integration.test_harness.TestFileHarness.test_temp_file_lifecycle) ... ok
test_create_and_delete_issue (integration.test_harness.TestIssueHarness.test_create_and_delete_issue) ... ok
test_issue_title_prefix (integration.test_harness.TestIssueHarness.test_issue_title_prefix) ... ok
test_01_initial_state (integration.test_status_flow.TestBugStatusFlow.test_01_initial_state) ... ok
test_02_open_to_pending_test (integration.test_status_flow.TestBugStatusFlow.test_02_open_to_pending_test) ... ok
test_03_pending_test_to_pending_ship (integration.test_status_flow.TestBugStatusFlow.test_03_pending_test_to_pending_ship) ... ok
test_04_shipped_and_closed (integration.test_status_flow.TestBugStatusFlow.test_04_shipped_and_closed) ... ok
test_01_initial_state (integration.test_status_flow.TestFeatureStatusFlow.test_01_initial_state)
Issue starts with status:pending. ... ok
test_02_pending_to_planning (integration.test_status_flow.TestFeatureStatusFlow.test_02_pending_to_planning)
Transition: pending → planning. ... ok
test_03_planning_to_approved (integration.test_status_flow.TestFeatureStatusFlow.test_03_planning_to_approved)
Transition: planning → approved. ... ok
test_04_approved_to_in_progress (integration.test_status_flow.TestFeatureStatusFlow.test_04_approved_to_in_progress)
Transition: approved → in-progress. ... ok
test_05_in_progress_to_pending_test (integration.test_status_flow.TestFeatureStatusFlow.test_05_in_progress_to_pending_test)
Transition: in-progress → pending-test. ... ok
test_06_pending_test_to_pending_ship (integration.test_status_flow.TestFeatureStatusFlow.test_06_pending_test_to_pending_ship)
Transition: pending-test → pending-ship. ... ok
test_07_pending_ship_to_shipped_and_closed (integration.test_status_flow.TestFeatureStatusFlow.test_07_pending_ship_to_shipped_and_closed)
Transition: pending-ship → shipped + close. ... ok
test_08_no_stale_labels (integration.test_status_flow.TestFeatureStatusFlow.test_08_no_stale_labels)
Final state should only have shipped + type + priority + role + test labels. ... ok
test_bare_comment_delivered_to_pm_and_skill (integration.test_event_mode_e2e.TestCommentHandlingDMException.test_bare_comment_delivered_to_pm_and_skill)
Positive control: PM and skill (which DO react to tracker-comment) ... ok
test_bare_comment_not_delivered_to_dm (integration.test_event_mode_e2e.TestCommentHandlingDMException.test_bare_comment_not_delivered_to_dm)
tracker-comment events are filtered out of /events/for/dm. ... ok
test_status_transition_still_reaches_dm_during_comment_burst (integration.test_event_mode_e2e.TestCommentHandlingDMException.test_status_transition_still_reaches_dm_during_comment_burst)
While a burst of bare comments is filtered out, a real status ... ok
test_cursor_at_head_returns_empty (integration.test_event_mode_e2e.TestCursorLongLag.test_cursor_at_head_returns_empty)
Cursor already at head: GET returns no events; event_poll emits ... ok
test_event_poll_nudges_when_work_pending (integration.test_event_mode_e2e.TestCursorLongLag.test_event_poll_nudges_when_work_pending)
event_poll's model-B job: emit a single NUDGE (no payload) when ... ok
test_single_get_within_limit (integration.test_event_mode_e2e.TestCursorLongLag.test_single_get_within_limit)
One GET catches the agent up when lag fits in `limit`. ... ok
test_skim_then_advance_does_not_jump_to_latest (integration.test_event_mode_e2e.TestCursorLongLag.test_skim_then_advance_does_not_jump_to_latest)
Long lag exceeding `limit` is skimmed across successive GETs. ... ok
test_event_poll_nudges_and_logs_single_eviction (integration.test_event_mode_e2e.TestEvictionGap.test_event_poll_nudges_and_logs_single_eviction)
event_poll model-B role on an eviction gap: one NUDGE, one ... ok
test_recovered_cursor_get_has_no_eviction (integration.test_event_mode_e2e.TestEvictionGap.test_recovered_cursor_get_has_no_eviction)
Once the agent has acked forward into the retained window, its ... ok
test_stale_cursor_get_surfaces_eviction_markers_oldest_first (integration.test_event_mode_e2e.TestEvictionGap.test_stale_cursor_get_surfaces_eviction_markers_oldest_first)
The agent's GET past a stale cursor returns eviction markers + ... ok
test_live_squidsquad_harness_port_untouched (integration.test_event_mode_e2e.TestLiveHarnessPortNotTouched.test_live_squidsquad_harness_port_untouched) ... ok
test_test_port_file_is_in_isolated_tmpdir (integration.test_event_mode_e2e.TestLiveHarnessPortNotTouched.test_test_port_file_is_in_isolated_tmpdir)
The test's own port file must live under the isolated ... ok
test_fixture_matches_live_config (integration.test_event_mode_e2e.TestReactsToFixtureMatchesConfig.test_fixture_matches_live_config) ... ok
test_filter_is_by_consumer_reacts_to_not_emitter_role (integration.test_event_mode_e2e.TestTransitionOnHandoff.test_filter_is_by_consumer_reacts_to_not_emitter_role)
Filter is keyed on the consumer's reacts-to list, NOT on the ... ok
test_skill_to_qa_handoff_visible_via_target_feed (integration.test_event_mode_e2e.TestTransitionOnHandoff.test_skill_to_qa_handoff_visible_via_target_feed)
skill transitions in-progress → pending-test; QA's feed sees it. ... ok
test_bootup_complete_event_flips_agent_state_flag (integration.test_event_mode_agent_subprocess.TestHappyPathBootup.test_bootup_complete_event_flips_agent_state_flag)
POST bootup-complete → harness flips AgentState.bootup_complete ... [🦑 21:15:37] test-bootup: bootup-complete — event dispatch unlocked
[21:15:37] test-bootup bootup-complete    
ok
test_bootup_complete_is_idempotent (integration.test_event_mode_agent_subprocess.TestHappyPathBootup.test_bootup_complete_is_idempotent)
Multiple bootup-complete posts are safe — re-asserting the ... [🦑 21:15:37] test-bootup: bootup-complete — event dispatch unlocked
[21:15:37] test-bootup bootup-complete    
[🦑 21:15:37] test-bootup: bootup-complete — event dispatch unlocked
[21:15:37] test-bootup bootup-complete    
[🦑 21:15:37] test-bootup: bootup-complete — event dispatch unlocked
[21:15:37] test-bootup bootup-complete    
ok
test_status_transition_delivered_independent_of_bootup_flag (integration.test_event_mode_agent_subprocess.TestHappyPathBootup.test_status_transition_delivered_independent_of_bootup_flag)
CONTEXT.md §5.2: the harness is a pure broadcast pipe; ... [21:15:37] test-bootup status-transition  #5 approved → in-progress
ok
test_event_bus_emit_silent_noop_when_harness_refuses_connection (integration.test_event_mode_agent_subprocess.TestHarnessDownBoot.test_event_bus_emit_silent_noop_when_harness_refuses_connection)
Port file exists but points at a closed port → silent ... ok
test_event_bus_emit_silent_noop_when_port_file_missing (integration.test_event_mode_agent_subprocess.TestHarnessDownBoot.test_event_bus_emit_silent_noop_when_port_file_missing)
No .harness-port → emit() returns without raising and ... ok
test_cycle_post_query_harness_intent_returns_stopping (integration.test_event_mode_agent_subprocess.TestStopRequestedAtomicity.test_cycle_post_query_harness_intent_returns_stopping)
End-to-end through the actual cycle_post helper that ... [🦑 21:15:38] Stopped test-stop-req (intent=stopping)
  Harness intent=stopping. Agent will exit for stop.
ok
test_intent_stop_set_via_api_visible_to_cycle_post (integration.test_event_mode_agent_subprocess.TestStopRequestedAtomicity.test_intent_stop_set_via_api_visible_to_cycle_post)
At task boundary the agent honors the stop request via ... [🦑 21:15:38] Stopped test-stop-req (intent=stopping)
ok
test_stop_requested_event_alone_does_not_trigger_cycle_post_exit (integration.test_event_mode_agent_subprocess.TestStopRequestedAtomicity.test_stop_requested_event_alone_does_not_trigger_cycle_post_exit)
Mirror of the previous test: with stop-requested ONLY on ... [21:15:38] test-stop-req stop-requested     
ok
test_stop_requested_event_not_treated_as_immediate_kill (integration.test_event_mode_agent_subprocess.TestStopRequestedAtomicity.test_stop_requested_event_not_treated_as_immediate_kill)
Posting many ``stop-requested`` events back-to-back must ... [21:15:38] test-stop-req stop-requested     
[21:15:38] test-stop-req stop-requested     
[21:15:38] test-stop-req stop-requested     
[21:15:38] test-stop-req stop-requested     
[21:15:38] test-stop-req stop-requested     
ok
test_stop_requested_event_recorded_without_flipping_intent (integration.test_event_mode_agent_subprocess.TestStopRequestedAtomicity.test_stop_requested_event_recorded_without_flipping_intent)
POSTing a ``stop-requested`` event to the harness records ... [21:15:38] test-stop-req stop-requested     
ok
test_emit_succeeds_when_harness_comes_up (integration.test_9398_real_agent_subprocess.TestAgentDegradedModeWithoutHarness.test_emit_succeeds_when_harness_comes_up)
AC-2 M-2.2 subprocess half — once the harness comes ... ok
test_event_bus_emit_silent_noop_when_harness_down (integration.test_9398_real_agent_subprocess.TestAgentDegradedModeWithoutHarness.test_event_bus_emit_silent_noop_when_harness_down)
AC-2 M-2.1 subprocess half — event_bus.emit() from an ... ok
test_tracker_work_queue_works_without_harness (integration.test_9398_real_agent_subprocess.TestAgentDegradedModeWithoutHarness.test_tracker_work_queue_works_without_harness)
AC-2 M-2.3 subprocess half — tracker.work_queue does ... ok
test_agent_finds_canned_approved_task_and_transitions (integration.test_9398_real_agent_subprocess.TestAgentWorkPickupThroughGhShim.test_agent_finds_canned_approved_task_and_transitions)
End-to-end work-pickup slice: ... ok
test_real_subprocess_bootup_flips_agent_state_flag (integration.test_9398_real_agent_subprocess.TestBootupCompleteAcrossRealSubprocesses.test_real_subprocess_bootup_flips_agent_state_flag) ... ok
test_real_subprocess_bootup_is_idempotent (integration.test_9398_real_agent_subprocess.TestBootupCompleteAcrossRealSubprocesses.test_real_subprocess_bootup_is_idempotent)
Per the L1 base spec: multiple bootup-complete posts are ... ok
test_live_port_file_not_touched (integration.test_9398_real_agent_subprocess.TestRealHarnessFixtureWritesPortFileToIsolatedDir.test_live_port_file_not_touched)
The live repo's ``.squidsquad/.harness-port`` must not ... ok
test_port_file_lives_under_isolated_squid_dir (integration.test_9398_real_agent_subprocess.TestRealHarnessFixtureWritesPortFileToIsolatedDir.test_port_file_lives_under_isolated_squid_dir) ... ok
test_check_gh_passes_through_shim (integration.test_9398_gh_shim_tracker_integration.TestCheckGhThroughShim.test_check_gh_passes_through_shim) ... ok
test_list_tasks_returns_canned_approved_task (integration.test_9398_gh_shim_tracker_integration.TestTrackerListTasksThroughShim.test_list_tasks_returns_canned_approved_task) ... ok
test_list_tasks_returns_empty_when_no_fixture (integration.test_9398_gh_shim_tracker_integration.TestTrackerListTasksThroughShim.test_list_tasks_returns_empty_when_no_fixture)
With the shim active but no fixture file, tracker.py ... ok

----------------------------------------------------------------------
Ran 53 tests in 51.541s

OK

--- Post-test cleanup ---
  Issues: 0, Branches: 0, Files: 0
  All test artifacts cleaned up.
SUITE_EXIT:0
